,D_PM10K_mean_nn_PRED_random_state_1,D_PM10K_mean,D_PM10K_mean_nn_PRED_random_state_2,D_PM10K_mean_nn_PRED_random_state_3,D_PM10K_mean_nn_PRED_random_state_4,D_PM10K_mean_nn_PRED_random_state_5,D_PM10K_mean_rf_PRED_random_state_1,D_PM10K_mean,D_PM10K_mean_rf_PRED_random_state_2,D_PM10K_mean_rf_PRED_random_state_3,D_PM10K_mean_rf_PRED_random_state_4,D_PM10K_mean_rf_PRED_random_state_5,N_PM10K_mean_nn_PRED_random_state_1,N_PM10K_mean,N_PM10K_mean_nn_PRED_random_state_2,N_PM10K_mean_nn_PRED_random_state_3,N_PM10K_mean_nn_PRED_random_state_4,N_PM10K_mean_nn_PRED_random_state_5,N_PM10K_mean_rf_PRED_random_state_1,N_PM10K_mean,N_PM10K_mean_rf_PRED_random_state_2,N_PM10K_mean_rf_PRED_random_state_3,N_PM10K_mean_rf_PRED_random_state_4,N_PM10K_mean_rf_PRED_random_state_5,O_PM10K_mean_nn_PRED_random_state_1,O_PM10K_mean,O_PM10K_mean_nn_PRED_random_state_2,O_PM10K_mean_nn_PRED_random_state_3,O_PM10K_mean_nn_PRED_random_state_4,O_PM10K_mean_nn_PRED_random_state_5,O_PM10K_mean_rf_PRED_random_state_1,O_PM10K_mean,O_PM10K_mean_rf_PRED_random_state_2,O_PM10K_mean_rf_PRED_random_state_3,O_PM10K_mean_rf_PRED_random_state_4,O_PM10K_mean_rf_PRED_random_state_5,S_PM10K_mean_nn_PRED_random_state_1,S_PM10K_mean,S_PM10K_mean_nn_PRED_random_state_2,S_PM10K_mean_nn_PRED_random_state_3,S_PM10K_mean_nn_PRED_random_state_4,S_PM10K_mean_nn_PRED_random_state_5,S_PM10K_mean_rf_PRED_random_state_1,S_PM10K_mean,S_PM10K_mean_rf_PRED_random_state_2,S_PM10K_mean_rf_PRED_random_state_3,S_PM10K_mean_rf_PRED_random_state_4,S_PM10K_mean_rf_PRED_random_state_5,W_PM10K_mean_nn_PRED_random_state_1,W_PM10K_mean,W_PM10K_mean_nn_PRED_random_state_2,W_PM10K_mean_nn_PRED_random_state_3,W_PM10K_mean_nn_PRED_random_state_4,W_PM10K_mean_nn_PRED_random_state_5,W_PM10K_mean_rf_PRED_random_state_1,W_PM10K_mean,W_PM10K_mean_rf_PRED_random_state_2,W_PM10K_mean_rf_PRED_random_state_3,W_PM10K_mean_rf_PRED_random_state_4,W_PM10K_mean_rf_PRED_random_state_5
2020-01-03,36.25232866616144,51.0625,0.16022487783777456,35.403737052769124,36.77638788556902,35.650201634255474,42.99060362172548,51.0625,40.419246760498105,42.62653120740792,40.0578656985691,40.933691102300486,25.593173943101323,33.487500000000004,28.13336614257057,27.32177463728786,26.632675500558015,26.68235333318547,33.35885567018529,33.487500000000004,33.744240257485586,31.622225910339168,32.12569297438673,33.31173577205806,40.446011470907116,36.85416666666666,40.09705078661706,39.6734734854487,40.092824811377994,40.599065335375904,44.03514756880025,36.85416666666666,46.67681297168108,42.269453111614254,43.08893443061568,43.16233811327561,46.42016304096435,57.458333333333336,47.16808481705859,50.14331439073914,48.49743824233947,51.20028783991019,57.10116784248736,57.458333333333336,59.54492994528618,59.73103877615442,57.37755130772007,58.873835169402334,35.13491890631034,37.87083333333333,35.33005729486076,32.990920552966614,37.96747742661424,38.54858721537564,43.06093009938728,37.87083333333333,42.38091510653018,43.28976329164523,43.70630932480853,43.039233294127314
2020-01-04,30.61610862640559,43.0375,0.15757499573803005,29.834571238747507,30.100044502933766,29.53159001819225,42.30083001154989,43.0375,39.20504962520645,39.760817283589724,39.940043769943095,39.158783341572004,19.175968322172352,29.391666666666666,15.480852342470504,17.128097057400563,16.851914403920592,15.769287518791325,19.4290939864271,29.391666666666666,18.220106278648885,18.592828343705197,18.140619545406604,18.355673259640263,26.780877777623083,36.50833333333333,27.81659656497688,26.859332962479062,28.913587148387897,28.532538167228832,37.400676665058285,36.50833333333333,37.29545049745576,34.98037968869987,35.46254924225881,35.81576433251976,29.706728423901687,52.2875,28.609011111178226,29.89294084617127,30.76733063898726,31.047651065720352,36.59593871547384,52.2875,36.559114909086986,37.158573877491264,38.3380104886207,38.50060649814657,22.96102846946813,39.00416666666667,24.16487937550491,23.231725035092026,27.21148208569349,27.29373539141293,26.88411836223344,39.00416666666667,24.920301259185294,26.130609931217833,26.69372145265858,26.492157209739773
2020-01-05,26.081662147809027,16.054166666666667,0.16022487783777456,23.638506101557482,25.495283615555696,24.35692314312353,30.1134555652155,16.054166666666667,29.447838038413614,30.311069965430196,30.000578977636124,29.851163944578907,18.80861558202706,7.3625,14.578644541572231,15.279373254266137,17.353870423731333,15.16650029310344,17.699199449345727,7.3625,17.46771835924392,17.414728473484345,17.293135242578828,17.638780799173393,18.01742062767513,16.391666666666666,17.751876898743397,14.347148786368665,17.01786204028268,16.594816582271314,27.016512383223937,16.391666666666666,24.632901243869863,25.987047468102084,22.636050643179914,23.4430326814511,16.64146861878562,13.620833333333335,16.0935385667122,17.831636019189652,16.499351661510875,15.860724227054606,21.10757899622135,13.620833333333335,19.574542714803318,20.483278481829156,19.901787799873745,21.349101550414318,12.08653701814113,12.325,11.714649651849552,17.790055472574487,15.022770715043059,12.87639643926387,19.520265132156894,12.325,18.967469474028025,18.465490801562577,18.546684306328057,18.987009291073473
2020-01-06,35.89169787689216,28.991666666666664,0.16022487783777456,37.72671934476761,36.4349629642981,36.5672853883724,46.08138580708312,28.991666666666664,43.08673608312984,42.047075025185265,42.90670104582919,43.44350786944538,24.446073790120302,20.25,28.108407709983606,26.29629001540213,24.271422554330407,25.244446252336157,29.16984627113527,20.25,28.861517161567313,28.437367449828262,30.145773003325186,28.195074662425977,36.282998916554675,30.554166666666664,35.70753173890584,36.5227642311395,36.01250120483059,35.205483457359776,44.82440755817311,30.554166666666664,45.79118306126744,44.50223584940887,44.89403616617303,42.732612791606535,40.66605665139565,31.73333333333333,43.98713286287537,45.8296349578264,51.26195222090632,48.54274597035674,49.685059228739256,31.73333333333333,50.87933039504781,49.43899382254224,47.722849729371895,50.334035888964834,31.0223118387998,25.129166666666663,35.54938516722951,33.85353437189028,37.50302026720867,37.15246326055281,35.003322453683296,25.129166666666663,33.19743954283484,35.01301138877838,34.96722127491653,35.14480285291208
2020-01-07,38.55850319554178,53.9,0.16022487783777456,38.28588381844792,37.7131806709534,37.96998789831225,48.81434600087412,53.9,49.963906894841294,46.32350438907685,47.404494940360586,45.090438558821226,28.02360735630571,36.19583333333333,30.321393482384526,28.68600983830983,28.632555763627668,28.488394989021,35.98096202426045,36.19583333333333,35.01081267852519,34.94951450892859,33.39523725786591,35.467143474927845,45.59185470302976,53.5125,45.67826787235947,43.579100351744,47.65738709282769,48.18267334337092,47.18310709704001,53.5125,49.05822100919913,46.7927846709577,48.48611007790942,44.89148917147668,42.46163853500965,58.19583333333333,44.127526222082345,45.535684895228506,48.4891521474898,47.557408731604596,47.9380489202977,58.19583333333333,49.474037000114315,48.64820461035041,49.70818486340052,49.56451629840068,33.887032818006595,44.45454545454545,34.21495475334619,32.26972366232974,37.402866490608986,37.961799594420384,44.256168006147384,44.45454545454545,44.598073514448494,45.02656562567877,45.188580238115634,43.635745047710564
2020-01-08,39.564049415156965,46.2695652173913,0.16022487783777456,38.922278987528465,39.92376039883359,39.633151068012374,41.78805549924612,46.2695652173913,39.21203339254991,40.04584901474789,38.74076816858739,40.36764539954995,26.37309576374026,35.18333333333333,30.917694398698213,28.24937651818876,27.876233625956097,28.244343054075795,35.45606452621453,35.18333333333333,34.46656312680377,33.759773150778635,35.80555980790045,34.58453874007935,51.83795773221223,46.52916666666667,50.822832490549914,48.94874394601181,52.33336047866999,55.31613602129145,45.57205367601455,46.52916666666667,47.85842608676045,46.6554754930255,45.98805645537457,45.19221781204906,40.91327738209505,58.22916666666666,42.15827705578163,43.91962968172594,48.45034219506772,46.13379650461209,48.76089342983405,58.22916666666666,49.874579457958404,48.84181215826747,48.742465666971924,50.34310226083296,32.129190076959546,43.82916666666667,33.3545020734608,31.6127870063817,37.13338983757707,35.84984294099589,40.43134368680068,43.82916666666667,41.040959351825116,41.56420304133362,41.49564312984332,41.221966434039196
2020-01-09,34.77240731879229,67.96249999999999,0.16022487783777456,34.86658872148306,36.40288762282731,35.17457165348148,41.72583662592967,67.96249999999999,38.17512219832085,40.660211321400155,41.18719024228838,39.4159553980246,26.08937991737761,48.12083333333334,27.72464717825873,27.101771931130692,27.63114960143608,27.133653293004958,31.961690929982254,48.12083333333334,31.37068326383007,31.225504079406207,32.13468077586162,31.95040852687495,44.36470428363188,73.75833333333334,44.71038977601504,42.390187625562106,45.856830835831346,47.80219765775874,47.14702976719394,73.75833333333334,48.08317870362458,48.53036168815347,47.426828413046515,44.54587734337422,38.74190386253738,64.4375,41.164284723829894,42.44741008021896,45.60116858629189,45.43363688447292,47.07014275597587,64.4375,48.682473084494006,48.90964667733885,49.32705302564285,49.399636055966354,32.047572529648455,57.53333333333333,32.4280273034785,30.173875075799756,36.58517935587524,36.59187036133548,39.034808180978466,57.53333333333333,40.52114946102302,40.948523332149094,40.22792288232253,39.67490758472227
2020-01-10,38.972474587220965,52.40416666666667,0.16022487783777456,37.84010620686068,38.426893538671955,38.53233402345872,42.88971338337588,52.40416666666667,42.196549374055174,42.64082324352837,42.18127965910653,41.740759187493616,29.483831886497732,42.30833333333333,31.86984698323507,29.83626600611236,29.71738829305602,29.48023343724185,31.795002501665007,42.30833333333333,31.498972214968017,30.31886127759869,30.434345155750044,31.754253081474666,46.676541249563066,51.10416666666666,47.771445045654,45.38545527060877,48.949438488639274,52.818632662461255,47.85093227535828,51.10416666666666,48.76425526064213,49.11242790641378,49.593710107022616,46.357584584071226,41.40755748799905,63.958333333333336,41.38936605369962,43.67588903288956,44.15720930818085,45.29143526732258,53.45481135265697,63.958333333333336,54.125822507130025,53.24473494471765,53.90708153899242,54.06105073110766,34.05413417268651,44.2875,35.764998813237355,32.00207603109387,37.74696532777474,37.759718817241904,40.709537223460785,44.2875,41.73605448431165,41.7734991196129,43.054141305481465,41.041326199622304
2020-01-11,30.490398050058747,42.15416666666667,0.15843499647798878,30.13437209943104,30.238762421707232,30.51357753103416,38.62945449794312,42.15416666666667,36.45492842966618,38.62826488498125,37.8018241314662,38.47171708798658,20.127304448722995,26.558333333333334,20.493877011550428,19.187849587885275,20.147313370351462,19.148525228877713,20.19551310751775,26.558333333333334,19.35391722812087,18.608976802121735,20.085433419113457,20.112587134350814,33.11672737333402,41.375,32.6629073666641,30.990105464760735,33.98789308313508,33.77891392784168,38.12555254139137,41.375,38.80086708742806,34.306001674482914,36.05191290062277,32.97216502035367,28.071530946119687,51.21666666666667,30.27340027783182,29.158482373424174,33.34390863677803,30.8509387395685,27.77712979749734,51.21666666666667,28.33342136093074,28.136289455420545,29.015521984452803,27.69606741306701,20.92906653599532,33.5,22.467144496670304,22.009636885521353,24.861109369086122,23.634991557692807,21.910305300800424,33.5,21.137409341477973,21.621822761794963,22.117463704986402,21.550235758315036
2020-01-12,33.683790139716095,29.2125,0.16022487783777456,31.904908031556467,30.443616677929967,32.521115876613585,37.34368789751462,29.2125,36.14113093476991,37.78678730057971,35.5927114959115,36.732818320988784,25.440342282215532,22.9125,26.017261966250643,24.23923365228797,25.440868975738567,24.673085806515804,27.757406283499513,22.9125,28.438560415453868,28.666786542828895,28.846154777040084,27.294958862090212,37.81921768725657,28.695833333333336,38.06524995611397,36.940589442280036,40.05107054732295,39.39674569673405,44.517861458638464,28.695833333333336,44.65146689355966,45.591713790631914,44.83589321188072,43.48634600919913,35.002602642015766,35.24583333333333,38.0122932841479,39.59861248292731,39.96895312428829,40.03286138281026,44.99958524531027,35.24583333333333,44.138066564094636,46.21598126891978,47.822748533994194,44.56755565535006,27.094021301924975,27.05,27.36710573785934,29.51600403720178,29.39522015489542,28.106311236286,35.91533623691268,27.05,35.04238285581032,35.800986885352046,35.68153770238249,34.51911681502392
2020-01-13,38.127722031031425,59.8125,0.15172406904202046,37.86598403251792,37.524386426935564,37.89296220066564,41.9855181411842,59.8125,39.6060610681151,40.021640204650154,39.10235038058835,40.46648592534361,27.26673747882798,35.96666666666667,29.981232603777407,27.8823786528004,27.950104570761443,26.93290295319161,35.19040712707431,35.96666666666667,34.10128923911737,33.70108785473785,33.31034070616882,35.34557436417749,44.271220415964045,60.58095238095238,44.28176371214127,41.71285180668966,45.09631252628129,46.14764489374762,46.316225215806035,60.58095238095238,47.58349070015633,47.26579419638638,47.01245584169618,45.55931658850407,39.90011573959443,58.845454545454544,42.64638720044612,44.06559005741656,47.111259861526186,46.79084092268522,51.16165491522368,58.845454545454544,51.80985210437708,49.57074342264523,50.24575769398178,52.079525519624276,33.28513874635677,43.67916666666667,35.931040403945076,32.21135324148435,38.79292084923547,38.50659427526077,42.98047364517971,43.67916666666667,41.88141276411498,43.55523309377257,43.984127104965445,42.781865791738205
2020-01-14,41.50877797585612,48.01666666666667,0.16022487783777456,40.8670849055642,39.6330008308262,40.3355059692735,38.87307016632358,48.01666666666667,36.25829569018945,38.4918983390452,36.52474075727514,36.75680421256985,28.74293970877691,48.72083333333333,30.15062291800441,27.96944139373718,27.65564143694068,28.20180227362339,33.16466908820346,48.72083333333333,32.478228976925855,32.85573076524171,33.024131277056256,30.92871351033833,34.60092675916044,49.59583333333333,33.368508464187926,34.322251542407415,36.45614343846286,36.30026420074961,39.493910778366356,49.59583333333333,37.37936874857599,38.43527685074429,37.623114037935736,35.499593868193195,39.070937300983125,46.85,36.765227851126845,41.82579340980723,37.48960517839154,40.02275408467732,38.171442925992594,46.85,37.18547363393139,37.366211299459366,38.1431942619126,35.788537950339474,33.7457083720232,46.24583333333334,32.80967301687558,32.67536394507025,34.81738397785881,35.94755700207164,35.190712828311355,46.24583333333334,34.62531838397868,35.05613535253788,36.06549825171767,35.7285647819581
2020-01-15,43.363559397982925,45.67083333333333,0.16022487783777456,42.331095245499725,42.346683750652545,42.548817574410535,40.18567213090992,45.67083333333333,38.712553056087444,41.64072352092351,37.711165794853294,40.1713085260804,31.574202300287066,50.208333333333336,31.82731803668306,32.70104762823355,31.41179393948304,31.471168359489727,35.33984741612556,50.208333333333336,35.277391220238094,35.278440807629856,35.08992575306635,33.79147961159211,38.114048069366596,49.8125,36.71574296880466,36.47096587938194,39.67026481502163,39.30318345663144,41.34008998513247,49.8125,40.37738520923521,41.51177120954442,37.29295887168388,37.85976255411256,40.75812456770599,44.81666666666666,39.03512844769654,43.70476019045926,40.97761397401519,42.231265098764695,43.96356030206961,44.81666666666666,41.87557949964184,42.936001493911675,41.38772181559382,41.741823280151564,32.70577174255619,46.5875,30.761298187811285,31.201247132351494,33.80288064932678,33.87130180613774,36.37585378114996,46.5875,37.629047978678045,38.72120939496143,37.15037266830704,39.547363981900965
2020-01-16,37.68905026211216,74.01666666666667,0.16022487783777456,37.87215258336714,38.70526621143632,37.812574625161254,42.49000881804432,74.01666666666667,43.6061550164452,43.29085780711293,42.31047612571563,44.30720028486877,29.200840703163923,65.325,31.079874174885138,30.66691100119086,31.036705386359976,30.168544907719703,33.53047253458347,65.325,33.28856230609669,32.153567240860966,32.064968750000006,33.220602889660434,43.14446412092531,87.54166666666667,44.72239421962547,41.35150162758347,45.812857793557406,44.78031473312775,46.96586410834535,87.54166666666667,43.071813997114006,44.081183386243374,43.567467834516854,44.024679760401625,37.12543019928649,67.52083333333333,38.30229849538217,40.081081580743266,41.349052092289654,42.52194232357873,50.54955892210146,67.52083333333333,50.439143622920426,51.49250252211554,51.6812432748964,50.575804274920294,33.37509252519665,69.00833333333334,34.05585978536293,30.903197187787185,38.31714638938814,38.2370562739124,41.65878923243093,69.00833333333334,41.616767826308845,42.731772960276366,41.74128693915114,40.99826239111923
2020-01-17,40.97550726727346,38.17083333333333,0.16022487783777456,39.522186070692044,40.10730462200636,39.90297439005868,33.8884891558988,38.17083333333333,34.50254254021441,34.55335819446006,36.15215907362313,35.524386622983506,31.69631199634318,40.1875,33.220193575354685,32.3555841725132,32.394283719685795,32.69264052870296,31.325320897908355,40.1875,31.51064167411697,30.813665952126076,32.02604841557396,33.51530774600299,36.28650114445968,38.7,34.64135734080837,36.1802324714911,36.7671141838317,39.39012985931452,41.333806592928596,38.7,41.137427904989735,40.36611859462419,40.60155528799905,40.015973863636354,39.607142594299184,38.25416666666667,37.45040512678262,42.47133980157791,36.66698225378719,40.87890950018271,33.88777474706629,38.25416666666667,33.554646517421205,33.367274419499076,34.89893494311396,33.79553468733586,34.700792580191134,38.8375,34.05795068178877,32.95363344852852,34.75046549990007,35.01649647059057,36.07984461670976,38.8375,35.17360703650182,34.96489930754098,36.959629208480216,36.81735337287927
2020-01-18,36.40874168348716,32.8875,0.16022487783777456,35.87755209999077,34.19392376865294,34.9480252495172,31.404742054704553,32.8875,30.234236880133754,31.309629732767238,32.48992787623256,32.46724817774818,35.241694302157114,37.69583333333333,36.25995983614149,36.75612413917583,36.129424958493345,37.34566285871971,37.235788704004314,37.69583333333333,34.908901437035645,35.62220260555415,37.33793075436037,37.93260857425837,36.984848006073285,32.92916666666667,36.30463599975337,38.16973062035399,38.78186441502866,38.7429754896946,39.53681269240021,32.92916666666667,41.81912129946077,41.75272272917143,38.49099301497114,39.40949405212842,39.80296460183974,32.4375,36.333724331511576,42.70945839158725,35.40970314305489,38.38733985995248,35.08658145272603,32.4375,35.97397826786428,33.371185785030676,32.603598084886116,33.56976748404073,36.92055087710129,33.96666666666667,34.62062475411253,35.93967000424,36.28257912578039,37.24342293532875,38.127628380753364,33.96666666666667,36.70262360184331,38.761992357000736,39.17023457268782,39.20903465550535
2020-01-19,30.351209272569164,34.025,0.16022487783777456,28.6081067631144,27.866619437259907,29.38176387592265,32.397479988259676,34.025,32.05076790938591,31.745316996965574,32.54711934280998,33.13402930965214,25.92880198034699,25.90833333333333,25.209867754366016,24.152168053237205,24.866616089462937,24.52491407109269,26.74281571237741,25.90833333333333,27.681981551781565,26.418982781359137,27.35853465869879,27.42441812976678,33.24306330814564,36.6,33.63095154939,30.708082188317395,36.28246543729528,37.82152992231352,36.27983970307783,36.6,37.23563933586438,38.381122732652344,34.444799790907204,34.228646505835016,27.92562957821554,27.53333333333333,31.15885151538719,31.880460336115696,33.34323044392059,32.77746270724668,32.53349910573777,27.53333333333333,33.24422980366554,32.7180310073902,33.23088623645878,32.9751074113709,22.578995762855325,29.70833333333333,23.55355093080577,24.49718551418908,26.0700985400771,25.072174480047664,24.669936613662916,29.70833333333333,24.419820052909063,25.188797722350227,25.103196857257107,25.267022580983173
2020-01-20,34.87758125468012,33.675000000000004,0.16022487783777456,34.74711484942119,34.501283221199415,35.088129961782705,37.2523004397223,33.675000000000004,36.66607535901298,37.126264970724016,36.8515555648221,38.914800674373765,29.003577506498047,23.179166666666664,31.638169697549895,30.087905503078503,30.810777637340195,28.861373060588058,28.237910855971727,23.179166666666664,29.889619478630784,29.380164980108763,29.4729920722102,29.639386514240854,38.70537701862701,35.233333333333334,38.759593608282245,36.56898678713588,39.097412620816115,38.67120120845244,38.51056326102478,35.233333333333334,40.1257880726912,39.19388855533721,39.35371690416066,39.672081362734474,35.34873568096056,33.75833333333333,38.52645046544184,40.19721986141891,42.78559818432535,41.8729492268526,45.436647327408444,33.75833333333333,45.423353027396736,45.52428235649719,46.23374279147782,44.538363483001724,28.363580354379348,25.308333333333334,29.480170001758378,29.03770438839784,32.10748744146181,31.70692423123741,30.71310613283822,25.308333333333334,30.211524144515224,30.90082236376953,30.652498364810004,31.306043193186476
2020-01-21,37.834688303470145,44.21666666666667,0.16022487783777456,37.47816718185883,36.9918146405682,37.2968917055836,42.19135098547285,44.21666666666667,40.60107367675013,42.10980333464937,39.29577192529695,42.23227244044887,29.92918616113934,33.28333333333333,34.63945601797638,30.869337804560317,32.071072918615386,31.813896821230575,30.1373467870671,33.28333333333333,30.762259105473092,30.096404771215642,30.62956260469602,30.83276704471156,50.0806532065531,43.00833333333333,49.04451442525263,47.31488747117805,49.629736650875806,47.96331180385805,43.55997448292449,43.00833333333333,46.51790661826599,44.08398820991297,45.05236124338625,44.29284545454545,39.08045309556558,44.3875,39.65323926380952,41.67383881564862,43.54877639740055,43.16589985781749,45.457679215142505,44.3875,44.548740645490206,45.78078354076478,45.724158037282784,45.875260065722394,31.733672284675144,36.325,32.83631778494832,30.60022100436693,35.58078470602767,35.49094438647154,35.41233437220747,36.325,34.341831489020585,34.88807662953594,35.447611537207045,34.86103035789513
2020-01-22,43.002886075958216,44.86666666666667,0.16022487783777456,42.23902343499736,42.463002457552115,42.42629965544471,53.12048249932937,44.86666666666667,52.676118281833936,52.31818772874854,50.65980706484175,51.79058176857867,29.473036379634618,35.520833333333336,31.712104000448992,30.24443868238242,29.581387996879148,30.16431850105471,37.88134753781102,35.520833333333336,35.086198819729276,36.06978575036076,35.58310875270563,35.41178110569985,44.42803642056198,33.020833333333336,43.37498581142215,39.70222735972304,45.41998099244751,46.052994246941566,44.54997646221532,33.020833333333336,44.64263274410772,40.972960478431496,39.81769274614274,42.719139820596084,40.95297488323149,46.32916666666667,40.50597032095491,43.90163232612953,43.71914903821161,43.633125950248754,46.61646196612869,46.32916666666667,46.410177765143864,45.788026222172554,45.57643428951786,46.66080905670937,32.11818614750666,37.54583333333333,32.39665860125322,30.867565632154694,35.648673386773694,34.535560950065545,37.89214026162951,37.54583333333333,37.54009634730673,38.180130055697006,37.5256735083035,37.50414405917319
2020-01-23,40.72576941774434,48.51666666666667,0.16022487783777456,40.94114147647246,40.389660438769816,40.45829310108871,50.24244727070068,48.51666666666667,48.666842531261764,49.19493458238942,47.74914727648197,48.97432772401213,31.878483942397718,40.05833333333333,31.47047284052612,30.809052418838128,31.199751998169045,30.822273800413566,36.198435423822865,40.05833333333333,35.020085138121004,35.122199089105365,33.971137504509386,35.181035831766934,42.873854489479555,49.86666666666667,43.80178651324624,42.162735375518245,44.55174896760229,42.2571038793524,43.75432974590253,49.86666666666667,42.27360054563492,44.35019075139926,43.819152862184126,42.787741531385294,41.172869150227946,46.89166666666667,43.06474336360635,44.39669360907908,45.396852562233725,46.157839835344504,46.36369882643403,46.89166666666667,45.43289024673496,45.30866580099649,45.293762151601435,45.13403923296383,32.784765225528744,42.204166666666666,31.99676146590145,31.733349192441057,36.44892719648042,35.48476443762231,40.455256263026634,42.204166666666666,37.89801302730183,39.744230808436456,39.26256578317066,39.99764369746779
2020-01-24,45.57622875474753,39.020833333333336,0.16022487783777456,44.15948666915994,44.08026670448904,44.389018226879955,49.80650474201727,39.020833333333336,50.78079254796135,49.18761222041851,48.835459139702905,48.81466321849448,33.95057965078789,39.48333333333333,35.048480891048186,34.091155480806734,33.45966037912818,34.338329472660824,39.96568645382397,39.48333333333333,38.062891046921074,38.34419444483656,38.73793548179124,38.394200667649585,40.70199099185081,36.829166666666666,39.07331432651209,39.37471970032773,39.66444966719334,40.571900844781055,45.13368826208514,36.829166666666666,43.27846578884077,44.17204848828419,41.49707751623377,45.876311004273504,46.05227669784585,39.40833333333333,43.03382889805937,48.52624726474021,41.91845286481146,46.0802541265961,50.60784837211399,39.40833333333333,47.64672264483143,47.950835014547685,48.57438828090688,48.391721081349175,34.55436613996527,38.79166666666666,32.59432519805019,33.834257595663686,34.06506942784122,32.996429480311946,41.283460252187936,38.79166666666666,42.41366620714749,42.20573989476844,41.94288264577965,41.98833743453579
2020-01-25,37.197092087499705,50.45,0.16022487783777456,37.06301977344044,35.01909003690496,36.08568131916757,43.998046602503145,50.45,41.98937625834814,43.97678137655246,40.59919292027417,42.80297733134919,30.330324306289683,53.86666666666667,32.04654875899645,30.491278329246448,29.517812652277698,29.79707937956118,38.345264115860985,53.86666666666667,36.99125244076099,38.40952318497475,36.631725029310964,36.27321799115846,40.167185300306464,49.86666666666667,39.08424116713698,40.415198699784675,41.47053250945546,43.105808876750665,44.09214461880711,49.86666666666667,42.42025989974938,45.1371555916306,43.325400928932176,44.39284193507182,43.070341987956176,46.60416666666666,43.022380677375594,46.3318009945402,42.16075459152539,43.48237809274384,43.5525486224336,46.60416666666666,42.032946998092974,43.39239376748202,41.410831382536536,41.37337454081721,33.48794653572028,51.525,32.28218775610779,31.535521166055183,34.235569742425454,34.14438156988861,40.98176391857394,51.525,38.90286403732862,39.526168594444634,40.330181771004575,39.41086080340311
2020-01-26,37.21435019820785,39.25833333333333,0.16022487783777456,35.12308511909652,32.92720446126138,35.74911124085401,36.071164426661305,39.25833333333333,33.59864741520053,37.17255994190994,35.943171392496396,35.959609724881595,32.17927193447166,45.1,30.654612713289918,32.418062999450655,32.55948814423524,32.86156171080866,36.43328996114095,45.1,37.96228629148632,37.91656297348485,38.667151891488636,36.79384741501455,28.544503185948294,41.38333333333333,29.243223458379525,29.16703077719782,31.41841711909282,30.64208800139722,38.44431069624821,41.38333333333333,37.55132007275134,42.62855059751757,38.428025258769026,39.533641928210656,37.38083878292088,39.52916666666667,35.99558703163998,41.63021265870337,34.311151746918256,37.98116199226229,41.995689119455434,39.52916666666667,42.82668786388921,43.61525136693019,40.84368690312807,39.747714254148626,34.85486842916328,42.65,33.30696862998003,36.78290837613695,34.39457427673144,34.41079146107258,38.024993248212425,42.65,37.38560250115341,37.38461567443265,38.49629602818027,38.237940409493596
2020-01-27,37.33032149585685,50.3875,0.16022487783777456,36.88026437383221,36.60911972452924,37.001664305814636,45.63455205723208,50.3875,44.27695580120111,45.64087831442848,43.56392620464854,45.46612704597892,26.486183733345257,52.69583333333333,29.00132643417084,28.190054962807192,29.00005991701378,27.85458940543137,35.82533784196128,52.69583333333333,34.803099361050855,36.48032512351653,35.79496476596319,36.23665380465051,37.44940238840466,45.30833333333334,38.15491502917474,35.860949682590615,39.72914418637535,43.160008554110036,45.58028096329839,45.30833333333334,42.75200721817171,45.29235328077139,42.733662946428566,45.85435953518007,40.21157117205973,44.56666666666666,39.781470608866975,43.642121608433186,41.98854130261465,44.518282811706975,49.21932562249042,44.56666666666666,48.06040420457353,49.00456522350183,47.07264493714315,47.809043234759145,34.62186174110428,46.583333333333336,35.95345010595743,33.54228515839554,39.04313225170746,40.20279180031247,38.72561577143176,46.583333333333336,37.88662722134845,39.347121803927976,37.822059207324834,38.53045619556146
2020-01-28,34.97528179282531,38.34583333333333,0.16022487783777456,34.34258508654636,34.74781541678628,34.549586515692994,46.04381747917487,38.34583333333333,45.01343392985982,47.357127753658666,46.944970955994314,47.68026999159301,21.86476711256706,28.0875,18.8425785614182,18.569041411201557,18.996642307498114,18.620655625356996,19.1415578424705,28.0875,19.763472394155155,19.851920431855476,19.12266785511789,19.20737881095876,33.897140812937984,36.87083333333333,33.34238502043192,33.311900360355814,36.554736200011746,38.596471540633615,36.93142990657409,36.87083333333333,38.08303016683912,35.731264366996136,36.1794906022877,37.63562607981964,28.948547070537447,32.6625,28.15800732855268,29.814649637338675,32.00523585915949,31.72039147456471,30.40271272080929,32.6625,29.937975988142288,30.082353821356023,30.10794595403461,30.42202386657725,21.36932258835773,31.89583333333333,22.21074540272604,22.316898010444362,24.479672704336483,24.392899778843077,22.1303155866457,31.89583333333333,22.053216350550173,22.60357772525768,22.38843177560131,22.465088015543255
2020-01-29,36.23595709160638,30.15833333333333,0.16022487783777456,35.60992612761165,36.98707220404041,36.81853297569868,32.433755869187934,30.15833333333333,31.670497461114238,32.74166329908517,33.34848907563999,33.897738874035575,20.159696952811114,18.141666666666666,20.350681553074942,20.239046947830275,20.522259719271588,20.26241422519963,17.943932430510202,18.141666666666666,18.194403141605477,17.110464835352676,17.797518333805005,17.961772287584655,30.567206259551554,43.4625,31.622659391804937,30.229280394437613,35.02890134243419,36.93442871009265,36.187566858977426,43.4625,33.991495832135755,35.29595296451308,33.863369827108805,34.748104712394685,28.355942152670156,31.475,27.69854418594475,30.176740368333967,34.041148282640144,31.194799608077783,29.382265178594068,31.475,29.13762868921536,28.029563799577808,29.458477488364323,28.719226172457333,22.075054703614136,24.304166666666664,23.528773457272674,22.40154708193161,27.203959379696833,26.87318294189767,23.07403227259596,24.304166666666664,23.01002205635857,22.80808235193341,22.624287613036046,22.569027264429142
2020-01-30,34.65446342947459,40.895833333333336,0.16022487783777456,34.738706325814185,36.43315639107285,35.151190620314395,40.34669996398803,40.895833333333336,38.365690631865434,41.235846659270564,39.965556935778565,42.587612082173635,20.873854091413698,20.445833333333333,22.44210498514335,21.092676276166742,23.002285856131728,21.640645860293674,27.033461313931216,20.445833333333333,27.229412145228313,27.842688513694256,25.92223541256689,26.22536879841466,38.22585314312254,65.02083333333333,38.83872848121405,37.9873395468081,40.43192174116533,41.385242838911026,42.88952540907742,65.02083333333333,45.59291055048916,42.69341055280076,41.55450556307983,41.46646134067234,30.627962862698066,34.516666666666666,31.868281586788378,32.66719042482746,35.46239725103392,35.21789923776041,33.99399464863087,34.516666666666666,34.74504267755189,34.20868834418622,33.67578371345105,34.242445916061044,24.784127875416683,25.6125,25.215655288413835,24.6016982969251,28.685462643153222,28.279738712998782,26.133691799645963,25.6125,26.833872885200396,26.349341118539716,26.396047121987852,27.447674111390114
2020-01-31,28.806946070843836,77.15,0.16022487783777456,27.823619070922497,30.33572164628371,30.421156067382462,30.57951132848633,77.15,28.597562454191625,29.874920772398895,28.738981123874023,28.367128368159616,19.185582520312245,33.583333333333336,21.980650809799485,19.631765857981332,20.98363810706933,20.425817980374404,20.14165179326898,33.583333333333336,19.855740866630402,20.323428566951513,19.86596392785138,20.03190847700435,40.59060615774949,110.89583333333331,38.75594387243816,38.22804751176855,38.96165462662156,42.803367717391325,32.53170473665223,110.89583333333331,30.83554119071819,32.24413001808741,33.21266985578577,31.40336472898628,35.855319622695156,76.2625,35.94325949574358,38.070931446197406,40.0001183388505,39.924979694920985,32.10993934808273,76.2625,30.65307745023157,29.461992984647182,30.299175444566,30.469260401635406,27.96092205379822,57.54583333333333,26.067041987991928,26.17920042148924,29.49520885568873,27.95163676751422,23.37050193057155,57.54583333333333,23.10974194264892,23.745821314311904,23.26281959843298,23.461976823790447
2020-02-01,29.78130177655424,37.1625,0.15864311138824735,29.53050232114777,30.901273883815538,30.76580228543041,39.38548900152127,37.1625,39.48079169341963,39.524460589392575,38.330125796005355,40.174318424665465,17.665398563916746,23.6625,19.184460797355285,17.241674130493458,18.014610189925637,18.754452014227088,18.10371783684179,23.6625,18.04508355659981,18.762544353620694,18.586516736535586,18.033927951722788,30.66769111354332,39.9625,29.856999929848428,30.601793355535392,31.02699263699183,33.52401314528198,35.07921364669687,39.9625,34.47030329777558,32.67732570396018,34.2633937910965,35.14843528070492,31.423262530259887,41.641666666666666,33.02326777242244,31.59749625406032,33.35224617302345,33.480245746043735,34.07084718192953,41.641666666666666,35.275964854439025,35.0093126890886,33.34638322866368,35.0142659979061,19.072416716162415,26.066666666666663,20.123314117126935,19.14824313353051,21.241962802732704,21.13283460373061,21.694272698624943,26.066666666666663,21.561950907271438,22.55962780230705,21.84451463361328,22.45325858643526
2020-02-02,26.049099667140716,27.791666666666668,0.15488725536498038,24.79954589052244,25.465494084870596,25.496704950742057,27.61793174799738,27.791666666666668,28.368758392827704,28.429422086809442,28.270860692316933,27.036937609843868,17.876888558064397,16.791666666666668,22.226196145368448,19.880321320041364,20.656210549832792,21.65907940205538,21.766048837795047,16.791666666666668,20.605943259497106,20.59430946240249,21.341970894885602,20.357552339807558,28.904121331918596,31.475,27.7392025913111,27.72147840374013,27.81550766761673,28.333313711679594,29.45674443269149,31.475,30.930497109944362,29.688296659243523,30.694615013108372,30.08494015496512,24.230699675519773,26.504166666666663,26.47560555012596,25.98568551230235,27.546838079437695,28.632023725370235,28.423197159663438,26.504166666666663,29.550158812692434,28.68447446935266,27.311347856899477,29.504221235909828,19.21568051600122,20.83333333333333,19.131331265536343,19.642015788535975,21.04524639272531,18.942049427150202,23.03153300861252,20.83333333333333,23.20351168497126,24.01489062033097,23.77558400998174,23.488076295711977
2020-02-03,31.137940463327695,34.24166666666667,0.14706542586234897,31.88162127705735,33.417247856348844,33.013052100510656,30.461221715721948,34.24166666666667,29.821114175023403,30.360598069160414,29.694678707750583,30.2743426520239,17.413853623962183,13.133333333333333,19.714213980878654,18.231945296700744,19.523170360511095,18.99295279656587,14.348317171660876,13.133333333333333,16.037206066114486,15.35143238679509,14.29329713127577,15.187980170546929,33.68325961287837,29.379166666666663,30.736409718692812,28.559457592987822,30.83279790103013,34.90182583018074,27.90057201390657,29.379166666666663,28.807150427404217,28.071750519272346,28.974672506978226,27.336011232331117,24.577010398081654,31.84166666666667,26.631073700901027,25.00896334247089,28.563346083886227,27.742749863453792,21.59527591030271,31.84166666666667,22.014068670475048,21.911158222251352,21.643280906277763,21.871679752937368,18.437475719035795,20.73333333333333,20.610211416114613,18.768904241423527,22.386123667248665,21.14010325507538,18.460799566888028,20.73333333333333,19.319546776395168,19.24975816338631,19.567640171352334,19.464986552525552
2020-02-04,34.34543526326918,18.370833333333334,0.16022487783777456,34.315604341801546,34.310144052198204,34.04301020882293,32.90112558021733,18.370833333333334,32.22042831537742,33.10488249396858,31.17057868543494,32.286426161635994,19.84437684933183,9.604166666666666,14.939397238703364,15.838538080738052,17.558150168309144,15.272923746558973,14.933836008516852,9.604166666666666,15.20007404488613,14.132239614770537,14.775374268093293,15.240005532124973,30.466061932055773,21.354166666666668,28.355317440962086,28.91488064156815,28.41534174842964,29.77250961931378,22.785274647876278,21.354166666666668,24.097591981600914,23.677929343363306,24.036181339976967,22.265386508386424,20.210120221667022,12.533333333333331,19.307509243003153,19.550952041804337,21.950441875649084,20.866375185058565,17.996972020672555,12.533333333333331,18.442446447687278,18.52128330176768,17.494577693602693,18.754710063478623,18.51460566433392,12.208333333333334,19.286400106593693,18.064019811787045,21.267784437010764,20.129304490926966,20.76236141192953,12.208333333333334,20.961762434454812,20.81497306310132,21.381965766716966,21.79281313013465
2020-02-05,36.38516467925549,14.541666666666666,0.16022487783777456,36.06687892223154,37.37639619460438,36.42624783992758,30.530458856337276,14.541666666666666,29.68778983819125,30.367758902042333,27.830253969641475,28.961074061999508,20.352596581083176,5.754166666666666,12.461304689342729,14.874274214360062,16.512623716348962,15.247936413816435,15.565503213797543,5.754166666666666,16.554572141071958,16.466918518348546,16.949179792982942,17.884328015425332,22.102440427108068,11.195833333333333,20.053106506185173,21.97799003180712,19.99622221695866,18.31220575533906,22.466599848641703,11.195833333333333,22.46329729658056,21.754006678313825,22.733883743647667,23.405245580591387,19.121810589347607,9.266666666666667,16.6589042997932,20.93841694213188,16.78659878398311,16.62211226627903,16.360060125811685,9.266666666666667,17.404658063162692,16.656529649170263,16.563889137492946,17.811411497844084,13.28471885965949,8.620833333333334,13.4201152000203,17.260691803363446,14.70245065583293,12.129086601858715,11.68233974180678,8.620833333333334,12.0274838148206,11.449478646584899,11.527930295457917,11.902645282396081
2020-02-06,29.468008897095693,19.854166666666668,0.16022487783777456,29.143608208673186,30.825523136345645,32.03624099398791,36.45698399630671,19.854166666666668,34.47697162618528,35.72957988509056,33.87648492146682,38.00819768057669,21.312823372493256,13.1,20.030028840279346,19.852438215766018,21.680706020689982,20.67896189064587,16.930573775628794,13.1,16.998384405407588,17.52255089393208,16.118239027104426,16.141742488677362,35.56912753630179,25.879166666666663,32.51129892614399,33.12581446924753,32.475514303408275,31.711252305951398,29.11425329799715,25.879166666666663,28.159985863160596,27.76802184632365,27.64313423124676,27.336496613652052,30.523485093137335,21.225,31.196568213792503,29.824983715156478,34.274337282123206,30.728218056934292,27.269053433372168,21.225,26.684303721610533,26.76721035422157,26.939148338587742,25.859500885602923,20.05027873197216,12.033333333333331,18.883901694172142,22.184560407177763,22.024082188224636,18.32752626655074,16.875389894676584,12.033333333333331,16.923344242872105,16.852925739291344,16.74339394387965,17.248097618742626
2020-02-07,32.926866695402296,36.32083333333333,0.16022487783777456,33.51878876978716,33.56032302679159,35.37739423270239,39.10484189965126,36.32083333333333,36.920284765014046,35.56864096843062,33.923012824796956,37.85380475669637,24.08173645921706,26.366666666666664,30.42003361345906,26.703023764240065,27.522338787867305,28.894952780268564,28.755517637469097,26.366666666666664,29.229355840890708,29.61590662702336,26.237071334732356,27.850506807967253,50.313904298415686,42.9,48.06292997895801,48.230635536414255,47.524420243955454,49.460969588234974,47.572297682099816,42.9,48.91466442249878,48.79740717921122,46.66569434523811,47.00410865049302,37.10460011351938,42.62083333333333,38.907364104839225,37.40282652771171,41.456302440351145,39.64677108824563,45.422367153091464,42.62083333333333,45.72746787602998,43.281305534479095,45.70352553359229,44.71750188651218,30.335137606751523,30.54583333333333,30.29243899210452,26.02911248590595,31.159353584074793,30.59867966469479,30.499339280229208,30.54583333333333,30.580293683657736,30.536006762992535,30.330181732482597,32.0591111074152
2020-02-08,33.4813231193111,30.15416666666667,0.16022487783777456,33.39456489087812,32.989001039746654,33.75050201027578,45.24523294805094,30.15416666666667,44.77509078282529,44.55701918740231,44.26537230237296,43.11469496786433,23.581844102084386,23.59166666666667,27.702342258731086,25.062572449673695,25.8396253539992,25.809170245343513,26.27321125591448,23.59166666666667,27.68283138875772,25.81637639631053,26.414833238087393,25.81512015404304,45.94229533251898,33.125,44.00974478445372,44.27538720840663,44.93961071662946,45.00505031995151,45.64234789649315,33.125,46.77603946909573,44.05159537738495,45.641553231721986,45.20211232864358,38.27100295642992,33.71666666666667,41.828330866904864,38.822840179585974,40.674803773932595,41.124541346545456,48.31720228400072,33.71666666666667,48.68845210813493,48.69790031059167,49.33940479936732,48.52827548926764,29.7970244897759,27.825,30.496710405819446,26.7551527597289,30.235952341652855,30.728762747890986,31.391836272918347,27.825,31.039384751581196,32.51203977616905,32.41729249510134,32.76798183345006
2020-02-09,32.802457053746494,38.46666666666667,0.15598183220312672,31.941173466280148,31.225543105991825,31.624919612528835,42.37034010099749,38.46666666666667,41.23536824799931,42.74843925784865,41.091865760156765,43.246709774818136,21.770382734308377,29.27916666666667,23.76917746631453,21.52088411929484,23.457732683626062,22.4752822994262,25.871934627685654,29.27916666666667,24.865763429892375,25.4478517940971,24.924096599881732,24.217721264339524,40.367570083386916,38.49583333333333,40.3221368430345,38.874013137783564,40.14333615116564,40.387507074131236,46.79666278393267,38.49583333333333,48.676769594456474,47.1578872141998,44.74811624579125,47.1735482759139,34.16658376535901,39.645833333333336,38.124827744787126,36.222203844354425,38.0755965426209,39.03570122162616,48.77594518241422,39.645833333333336,48.139196102817756,48.93938302123852,48.92515211207119,48.841708231508676,27.471044216330377,33.6875,29.03794204529602,26.490503078085474,29.368257531969498,29.850036314227292,33.32419331091146,33.6875,32.624842862935054,32.54816662958317,33.18543232359823,34.00943926702732
2020-02-10,26.852179522595424,22.79583333333333,0.16022487783777456,27.300326138275388,29.29557942527161,29.591923806916682,31.97257075540201,22.79583333333333,30.7632004527375,29.579965813172524,29.781679090724072,30.189572562414437,24.02958317132356,17.349999999999998,21.029629306766008,19.565961332267154,19.671147887124732,21.549275081837923,18.627433562742073,17.349999999999998,19.556677848986837,20.067341209071007,19.456236778687764,19.179292051114817,26.688282320697105,33.94285714285714,24.197998119102127,23.131478115747118,25.209103714669883,26.290715891608343,25.856006621709607,33.94285714285714,25.17588791471846,26.00610790888943,25.07519839094815,26.16795387852936,20.84680215719309,28.579166666666666,20.26737795996864,20.77484774005267,21.93751995799437,20.505489047281426,25.363255147919684,28.579166666666666,25.94177857260494,26.326287881789103,26.092900620556176,26.041839853574018,16.684194690532383,17.720833333333335,17.57728947281015,20.01703248587362,19.3598900635683,15.693436761194816,13.823078336820178,17.720833333333335,13.94611883454157,13.894161050223598,13.801779400199981,13.647007041458242
2020-02-11,29.692800913750546,25.90416666666667,0.16022487783777456,29.27703433153924,30.147314393750555,29.897401838273865,28.435915989103478,25.90416666666667,28.79567116416851,30.283242284483194,28.282993260628245,28.835779291541797,18.110622709706327,10.316666666666666,13.146347947719821,14.062900179139806,15.495613129759164,14.080361746625055,13.712812280681547,10.316666666666666,14.795496582615687,13.807512139478263,14.054851876303426,14.134214078777994,23.49161087446663,19.1,22.49107298255502,24.509259771431626,21.37960222379896,22.39343672142749,20.39273461478135,19.1,20.089793215251568,19.874624118633164,19.933724665913797,20.799258097296377,19.947994536470837,16.125,18.80790213371806,20.04637045786316,20.182723120207072,19.698587897124586,18.841972470238098,16.125,18.305831226472797,17.816251343071173,17.783432727900124,19.09943355912907,15.177225534335367,12.120833333333332,13.942432109065503,16.052309190362465,16.396621111727605,13.96585502187295,12.028010041257671,12.120833333333332,12.33041869414393,12.114685476845736,12.678731976133783,12.017137889140178
2020-02-12,30.683429410875966,29.666666666666668,0.16022487783777456,30.184643206505534,32.41468086688277,32.57187681328553,34.666659828726466,29.666666666666668,33.57687093567209,35.04356448823693,32.583273073063005,36.921547524876225,18.701153329500556,12.295833333333334,19.66572048115706,18.973456649453542,18.39709869360491,19.27972843864185,19.526622074838084,12.295833333333334,19.222557144999076,19.43222379187399,19.176267023877443,19.01562268039113,36.978433306249805,31.1875,34.77336333188998,32.84081481851332,36.16044094889037,37.43586020830399,30.491773058463288,31.1875,32.11533212186785,32.15791332342931,31.637163892741597,33.8219077364442,26.88906992358592,28.60833333333333,26.26771844164753,25.026429961332486,29.956082134171485,26.360031337172774,26.822289909998098,28.60833333333333,24.969109639675967,26.450946469201096,25.33673337512046,25.6750966739405,19.283829058319004,14.791666666666666,18.71896442023196,19.342069301520027,22.120884848499863,19.169643332891763,16.41010507381627,14.791666666666666,17.843015481864697,16.54301053860576,17.315834467974998,17.33027600409231
2020-02-13,34.74503757647699,39.47916666666666,0.16022487783777456,35.534207275557016,35.483331832713276,35.345492202348446,43.44061142631869,39.47916666666666,42.0010198566645,44.16731040158285,43.08057566063238,42.626138875595004,22.58090892399853,24.070833333333336,26.34028950806916,24.345432581589165,25.05203822255384,25.643605963526692,26.295278411279124,24.070833333333336,26.80482972460526,27.717915196230923,24.657209742236123,25.507204566885985,43.829988208009176,33.59583333333334,40.53075357416063,41.43479953254935,41.69865326570561,42.357391868436615,41.69029710679791,33.59583333333334,45.47230178124912,42.00534087523101,43.06286453009967,44.104369496700905,33.582010495714776,37.66666666666666,33.51392097445592,33.65027517429678,35.94960188186275,35.52804364947757,40.61454327553486,37.66666666666666,41.439644905849015,40.9747075696797,40.65036480607256,39.882506462696256,30.92925683070966,28.041666666666668,30.58209359295517,27.64384437415748,32.34873438497716,30.86410080265168,31.22820355707038,28.041666666666668,32.75301476695163,32.31917665705378,32.69489741808088,33.98839962816905
2020-02-14,29.980930818262046,32.72083333333333,0.16022487783777456,30.0663030564626,30.998379381218147,32.221914049031795,31.527696033827283,32.72083333333333,30.684424025606322,32.531770045726574,29.72073327829577,31.11608170741296,18.20016014398024,19.183333333333334,19.964058080163635,17.96903157147566,18.826505262950235,19.092700682321965,16.533401724364353,19.183333333333334,18.085745895326816,16.74493189142521,18.033972101295543,17.32721945902308,30.967788464095314,32.93333333333333,28.899968367107356,28.195776327872522,28.396713178148865,29.796276488704933,27.063378333573237,32.93333333333333,27.54729155088809,28.465329399339534,27.946207584341632,27.317906036569102,24.946278656468525,30.9875,24.709829555767964,24.03333334858856,26.864060683102508,24.971845019913527,21.473407766762012,30.9875,20.733950593702296,21.27052843205793,21.156766184751227,21.336146348690992,20.860186694712468,25.92083333333333,20.221319062755697,19.78586858441954,21.78905904798714,20.298876388153108,22.72840113722866,25.92083333333333,22.778919285689128,23.38135985588278,22.97536711916261,23.038834921708595
2020-02-15,31.273146045155837,21.891666666666666,0.16022487783777456,30.94663958143699,31.465724254060536,31.58566065781477,41.14449522094368,21.891666666666666,42.77898030388324,41.89593024664279,43.014242493444826,42.51714830765977,23.30546424059549,16.05,26.076658353268463,25.006323737375048,25.002385965375097,24.34117562730948,24.41890606932959,16.05,25.915052407980994,25.05666178440137,24.67705979980454,24.875254399390496,38.443159925552585,23.554166666666664,36.88945879732618,37.60929577185071,37.317722653998246,38.07765999780245,36.57036809970002,23.554166666666664,39.53789435352249,35.8076544198344,36.69680839750894,38.22804275080957,31.032526733083273,26.629166666666663,34.19217459868543,30.87827234590248,33.83983872626621,33.58439250445902,31.46148171129408,26.629166666666663,31.405910148064496,32.67628134363121,32.271447195279066,31.58525973176381,27.33436462403528,19.379166666666663,28.586510454409666,24.871704436761096,29.120088829127987,29.74727571447462,26.443017257302152,19.379166666666663,28.09298593451421,28.711353336156886,28.331179882388387,28.165628513720755
2020-02-16,30.964247589291578,24.745833333333334,0.15518097552446536,29.987321271867366,29.644917852023354,29.681697397582163,41.55913159850461,24.745833333333334,41.26162949589494,42.6387473388099,42.222991231775104,42.121976053813334,21.072037023624414,19.495833333333334,25.070977646357456,21.94630542466784,23.974227890080677,23.85880357989202,27.57524353583888,19.495833333333334,27.954837893590412,27.8329082432415,29.09322039636337,27.523848026299934,38.159186494656836,27.054166666666664,37.84971952730961,36.60779272063469,37.98671826423755,38.75723332657979,47.49548430277081,27.054166666666664,50.127366594516594,48.89957893175698,44.57243632154884,47.74337004419191,31.968762165805575,27.85,35.806479011108856,33.71927003006637,35.40292234407317,36.70653229775984,48.84472657377345,27.85,50.7538054621003,48.377668682392006,47.70192911152353,48.43902981781037,26.170741748231897,23.4,27.954619064623916,25.766079118915403,28.11576916988036,28.417205142784827,35.25969771769355,23.4,34.591186460643854,34.48667079761694,35.01076331642343,35.334518711516615
2020-02-17,29.7213484241219,47.4625,0.16022487783777456,30.32301370241473,32.842782218241766,31.034105825120815,36.81275955162262,47.4625,37.20548116314602,36.244126869994496,33.87315194796935,37.42254397259187,17.563954997280003,28.430434782608696,22.732729554683328,20.95384435128389,20.6327079815416,21.33862879343769,20.75699134373196,28.430434782608696,20.3229687384851,20.826568542500137,20.4412404026833,20.935341160940848,40.48886729511788,39.3,37.35551628708961,34.428569465818185,37.675720031484275,41.58372048224246,37.485242938311686,39.3,36.53264766552892,36.830189571843846,37.86154567735947,36.22347831037018,31.739084300157554,43.87916666666666,38.46000052397525,34.3355018276619,40.504992234596806,39.75820687051018,36.86196782903087,43.87916666666666,38.84296619855552,35.68422099276634,38.75986307468447,37.81730271219572,25.874801050093073,35.0625,29.97980648018183,25.24169051815059,31.892035276786203,32.27518702217111,28.16760757378036,35.0625,29.29947879170185,27.44313964630115,28.586205848482216,28.3371434184749
2020-02-18,27.62902160749521,38.22083333333333,0.16022487783777456,26.752401390809858,28.93009264180609,27.62790305175565,29.447230665337138,38.22083333333333,28.980635053505,29.75312347042687,29.23601198975627,29.757988838539415,17.06179965560383,19.075,19.54297448896402,18.423153855694572,19.0015036351847,18.879647453864262,17.95478106988121,19.075,19.181512845488733,17.921196549641426,19.248576359872196,18.726563208744768,37.5869153050715,36.65833333333333,36.941714552924964,33.789238512729376,35.468978441049195,37.2477626564527,30.33658671286301,36.65833333333333,30.582919101914595,30.14004764515315,31.286489391740133,30.87308566745754,27.08484767217418,32.416666666666664,29.879323191742632,26.538934229718116,34.138728505605194,31.720453749044804,27.94579901996051,32.416666666666664,28.70701090109341,27.581617631230767,28.760671649427614,28.640632513779565,21.581208781694276,27.754166666666663,22.355995455873725,19.823391870080535,25.57221159521352,24.599233773043686,24.070153606300224,27.754166666666663,24.907779351248113,24.32734703840085,24.129750906602307,24.669674558940883
2020-02-19,34.48977145062152,21.95,0.16022487783777456,33.29664940999574,36.10112640223872,33.47353709815644,26.676397503884996,21.95,27.644739017642692,27.58434854326179,27.08188175447237,26.729263319035763,17.57998413757686,15.741666666666667,15.409474425311615,16.716935480410623,17.58788651955451,17.064159448693655,18.470655174837358,15.741666666666667,18.574082643353535,17.522801458711786,17.894424809888275,18.302291799930718,31.071413103224565,20.254166666666663,31.065142129418923,29.574817299903653,28.992211174773317,31.70219162254991,27.335368175063607,20.254166666666663,29.317996790576412,29.540180721325772,30.447539066504657,28.980392068694186,20.156171388781257,18.14583333333333,19.343138959790675,19.441700346801362,22.347540714562044,21.868707508509228,20.422499111550422,18.14583333333333,19.794703885843436,19.240821406612707,20.111661745034525,20.725666098489032,21.431510486552362,16.9875,22.703534733133576,20.759709465021217,25.51144731678695,24.68122460180172,24.6677250506028,16.9875,24.752232903124856,25.242836830953344,25.399568371222845,25.850559566257534
2020-02-20,34.15114146856975,30.104166666666668,0.16022487783777456,34.18979963635435,36.00161006849383,33.14396825343922,36.36746278172584,30.104166666666668,36.231489794943826,36.156444525129764,34.743408791057135,38.01146850931657,19.64310161548923,15.733333333333334,23.240490329302162,21.82889210940779,22.618269474884954,23.154044234394835,25.9922951192234,15.733333333333334,25.886763004362304,26.02506525700082,25.54910240448617,25.185008238488148,38.841971257967735,29.625,37.872062883569576,37.40813304402407,37.20139319152564,37.28406360038318,37.33689557859295,29.625,40.04455722244838,36.951345344694936,36.21250233889156,38.10129091343862,34.351458093784686,24.1,38.83841201345124,36.47288809661204,40.978418682690965,41.42933343363746,33.49152102203101,24.1,33.713901725644504,33.13007517706863,32.57532226731602,34.873844852566386,23.767009779432883,18.875,25.11416643830465,22.60214024829964,28.42675374148225,27.20233123292735,24.14938399959731,18.875,23.57442727733918,23.857532079687363,23.016814589042866,23.6339596520172
2020-02-21,31.299093755536695,28.258333333333336,0.16022487783777456,31.295289959857627,31.957403203096096,31.83964912090739,36.6743320579883,28.258333333333336,36.445010909166605,35.55427799848511,35.35986245242102,38.394880709946605,18.927483536428856,12.608333333333334,16.769433317790533,16.05902242147855,17.730361295001355,17.283712517103258,17.828066179267037,12.608333333333334,18.560489942869467,18.567022028754785,19.583434450709984,19.028987380306944,23.804546484413727,20.53333333333333,23.312653740685157,23.627006613237715,22.25744710218128,22.350226764621887,25.11833325286619,20.53333333333333,26.673357859848487,25.604773877603847,27.15071033106067,29.434741274154586,25.162068370913165,22.729166666666668,24.84734627622106,24.156586758049574,26.569481813280735,23.98718263286955,24.171680970153208,22.729166666666668,22.773184776138713,24.01941011458025,23.023486352657002,24.798625345653747,18.754273371014488,16.233333333333334,19.404538045256633,18.461024280711307,21.12625026467982,19.537188491604013,18.79899819532439,16.233333333333334,19.5487289205277,18.71362367940268,18.94624043435601,19.849262769740275
2020-02-22,25.08394049752394,21.08333333333333,0.16022487783777456,24.807401079022476,25.807505297202677,27.22297303959687,35.34772329308948,21.08333333333333,35.08546224544606,34.49309765845477,34.67353618056127,37.57620777018646,21.96934075048272,17.675,24.932915158712927,22.771453169255018,23.885751088162444,23.2952893372814,27.749809881357567,17.675,28.93323323530334,28.051563544245614,28.84136158702911,28.574866087285905,48.82807947879141,21.154166666666665,47.12483181802202,47.1503924686712,46.40788046699209,48.468162078747795,46.758087737335764,21.154166666666665,50.0218562965178,47.72999347927898,47.247235579953696,46.56064412957209,35.31304036386219,24.15833333333333,38.79661459685899,35.389909871582624,40.528119373918535,38.659786987184376,41.81326473932166,24.15833333333333,45.261064332115154,42.26529697567681,43.33448493581196,44.04518926307937,29.35127978788857,19.6375,29.222456574849037,26.015396976467247,30.139308360863268,29.441616842337215,29.688888412479887,19.6375,31.412371628654654,30.678756351604054,31.507701539237782,31.734707450915568
2020-02-23,24.27402470140251,28.925,0.16022487783777456,23.149096324126337,23.995089673141475,24.626916589045916,30.295296126442995,28.925,29.253995463349792,29.500234785385064,29.217234234237978,29.939162625800126,18.28761468691193,18.654166666666665,21.37084032588832,19.704010364039405,21.011553979181954,20.421387799554665,22.067847750812284,18.654166666666665,23.138862400863783,22.24719590832998,22.467209610552928,22.19103229637478,38.569220819741744,23.995833333333334,36.51062046528927,35.470622113254635,36.47861857540242,38.62898857194488,36.38090173944413,23.995833333333334,32.68730757084148,33.31157618631368,35.70814532805877,33.43141895340771,28.11408432308716,35.86666666666667,29.525116526506324,29.04631169205728,32.340281490483584,31.026229011031358,30.216468796986845,35.86666666666667,28.632394572322937,28.487653101080678,27.604416095976447,29.47910267023889,25.024430798706348,21.8875,25.192064823032087,24.49096234495201,27.060651545456466,25.664510617227922,27.64977304809386,21.8875,28.00818594019879,27.1467632348505,27.06639547594684,27.419358345919456
2020-02-24,28.825504810228836,25.65,0.1581086976775475,29.32110499852627,31.44719192364802,30.73028190783519,31.2413430820337,25.65,30.413422657729466,30.998034063926394,31.233883474627227,31.58632854327911,17.72319752797111,12.204347826086956,15.118621343514567,15.174718225235903,15.962967388192254,16.04450450138678,17.514131509317757,12.204347826086956,18.562653841827363,18.4655520052966,19.148127103377004,18.797405209566413,27.608537622018115,21.633333333333336,23.60311539959851,22.329217331127776,24.283454856088515,24.960555440832866,25.16297247969422,21.633333333333336,25.28790788317963,25.183142368092035,24.45006252943514,27.17195936625906,21.33986166441978,22.7125,22.32508541352042,21.146990987306744,23.803060158836406,21.751936203180453,21.163443672383956,22.7125,20.95629184925385,21.363953691482628,20.18193519729506,21.08216116651206,15.144637980440077,14.904166666666669,15.6274772761607,15.96313525817231,18.25912971189888,15.541805871658855,12.941793532151168,14.904166666666669,13.196033148135255,12.926055886021263,13.54686597954065,12.79161581162531
2020-02-25,33.88139701206923,27.129166666666663,0.16022487783777456,33.307526293900516,34.532734551993215,33.45944894247589,39.250320279436465,27.129166666666663,41.473699750104096,39.381070054233284,38.79697862941533,40.028287752197905,17.938973387127,19.39583333333333,20.889650067776543,18.17292314235658,19.066941061748146,19.436327508829738,19.534867167017,19.39583333333333,19.410871284192154,19.70230050579197,19.71076789757828,19.049197679252366,43.48545337555567,26.45833333333333,40.83857596349547,39.62742422776789,43.211166393716425,47.052944944022244,38.830870917818004,26.45833333333333,37.55934005689731,38.31000466492315,37.14221930854598,37.350584264449,28.96327013124236,28.97083333333333,30.348282291518988,28.177723769461604,33.74291992843983,32.62203154214113,33.56776782414327,28.97083333333333,34.05677208673724,33.61667080188906,32.89930420895256,34.05822752153933,20.082902435164687,21.90833333333333,22.72167944314771,18.925024612455744,23.983528197102423,24.376467194939817,21.583903726675253,21.90833333333333,20.989182852136075,21.280410246975332,21.64258532313689,21.68574454160369
2020-02-26,37.807710643790664,17.133333333333333,0.16022487783777456,37.37475640816979,39.28186402104788,37.837584380532185,30.278814713064715,17.133333333333333,29.32435081350067,28.695912256516145,28.26052090663966,27.840500357988866,18.05628179245384,12.491666666666667,17.91565246652328,18.613016607974743,18.896008795797897,18.124017059773468,15.755288642943661,12.491666666666667,17.537269455050367,16.811391779379417,15.654741985529444,15.97146983520904,31.63781123061954,17.654166666666665,29.351669414532175,30.198597026682993,29.834058708422948,30.44419059395482,26.677727197373997,17.654166666666665,27.25586364411662,25.90194683137338,29.95109322952267,27.10578677443293,29.660539852292597,16.158333333333335,30.560633337792595,28.780241517369937,31.020782517276047,31.901237776155174,24.770574366917575,16.158333333333335,25.28394435539802,24.838707582571892,25.410277078740823,24.88947700119354,19.929302646762096,12.35,20.911893270601126,20.09874416697097,22.906171037721954,22.502808962728007,20.23244438935178,12.35,20.500967201495076,20.664246668950774,21.257783650355762,21.80884795646269
2020-02-27,37.43841631482598,23.90909090909091,0.16022487783777456,38.2483478791906,38.40946152446788,37.32239266359666,36.75777711210296,23.90909090909091,36.65544491139123,36.71143365100058,35.263181294589245,38.46213295895574,22.703123439306744,16.254166666666666,22.64736985297281,22.54939144857072,25.404404892922287,25.039715868496135,23.390166376955367,16.254166666666666,23.55076752475681,23.500806113458296,22.555704201537363,23.277474193417255,36.95921726989888,19.8875,36.54964493908021,36.20742858512495,37.55880668994921,38.954218949517355,41.11681703358778,19.8875,35.308973059377706,40.489846781094144,36.09062128781275,38.3500626910553,26.72702734002393,16.558333333333334,26.208123312065787,27.498325489561392,28.291641264734338,28.335946299528224,28.146212170815303,16.558333333333334,28.89965643711663,29.27502981503702,27.638766399829038,29.58644721647113,24.706448580901217,16.195833333333333,26.305282165592708,23.794902213225818,27.70948681314668,28.439378109983124,23.66517584780432,16.195833333333333,22.98505591032128,25.02282165116824,23.38182663188901,23.75641338696691
2020-02-28,29.00668865604564,13.3,0.16022487783777456,28.528878337789394,29.58904766237813,31.277978129925167,32.69960019163376,13.3,32.9839247283609,31.396015890788494,30.81723229064918,33.35903583370858,20.57663670479196,7.879166666666666,17.96060221831007,18.07807729732772,18.82866751657422,18.029095099025902,16.70390252801315,7.879166666666666,17.504873498836602,17.781788857759484,17.014236756184765,17.192303046593064,25.966924006832823,13.125,25.97554248582037,26.94989266869113,23.601687782070744,23.68753878334607,23.214656092367775,13.125,23.271095726140125,21.631761282441904,22.045250900699543,24.149820190583377,21.589216204373454,11.3,20.222354611088274,22.10661765643191,19.85977297978514,19.37252938943765,18.878998967352093,11.3,19.27337951526131,18.867741222002625,19.205184744377004,20.583828523757983,14.965208138740916,6.7250000000000005,14.330975233483581,18.31581036121051,15.24762229047919,13.059595674870371,12.070241580988462,6.7250000000000005,11.916644246138834,12.622949836289923,12.787586845693609,12.415809917591805
2020-02-29,24.75841643301316,18.0875,0.16022487783777456,24.221870150496983,25.43926348602481,27.0306162658065,36.5684568108764,18.0875,36.14097148106525,34.99764103294645,35.12928431470226,37.82432895279173,21.406063763250252,16.0125,25.971989656968717,23.968444631702596,23.611007899972364,23.95012637278757,23.78645577800249,16.0125,24.825401317114007,23.596446505215404,21.620759117015723,22.52210185046606,37.85475709282423,17.466666666666665,34.341868807086755,32.23549232740621,35.25062871981597,35.63574822781418,34.67033700560326,17.466666666666665,38.39552252071151,35.49497578237374,36.71130774023127,39.76379777038872,30.788843157534668,17.533333333333335,27.802220432771122,27.11043450977276,32.14965613536513,27.481649787316645,30.614361545718403,17.533333333333335,30.447814657247942,29.477710867744662,30.325757379697592,30.36395214783706,20.70655528462839,16.391666666666666,20.872719900060563,21.57199481959342,22.718861127510493,20.826495157648452,23.11574835382391,16.391666666666666,23.705459529064445,23.92050222905096,22.46981227224749,24.170445027717545
2020-03-01,24.587684554676926,12.541666666666666,0.16022487783777456,22.582941749977422,22.495639479796075,22.470202935424165,24.06975993872579,12.541666666666666,22.854147946382323,22.623896910959406,23.47301101248288,23.779535984848494,19.608059088847448,13.875,21.524030205573307,22.8633671259988,22.641739379721542,23.078815602547138,17.622698989471726,13.875,17.93572064843827,17.46365154748836,17.424943023505943,18.009385102903547,19.27055982824282,12.870833333333332,20.947825685908242,22.5516578961383,20.086219627647655,19.95201477903361,22.036389049276604,12.870833333333332,22.449476702571104,22.738424058317047,20.84158192949699,22.207070765901776,16.492383330072773,11.854166666666666,12.692129642226318,15.635443659329212,12.547967108373511,13.622343410773952,20.11055112337817,11.854166666666666,20.667443415008893,20.17214544368537,18.88265530453344,20.316895149840246,16.911608287947537,12.020833333333334,17.383455882412786,18.733461794436018,19.200282009581464,17.22023691942215,18.78010603234633,12.020833333333334,18.89360735511727,19.059195547601604,19.417099149483427,18.641481178171365
2020-03-02,29.098137451201392,23.39583333333333,0.16022487783777456,29.0376623518372,29.19810654689001,28.16454225417405,24.95381556030329,23.39583333333333,23.58323863695669,23.524259305046794,24.054056706046463,24.511535397010398,18.491040308402155,10.904761904761903,21.81754528758357,21.138298431680205,21.57298814651008,22.54924198460166,18.73280773837479,10.904761904761903,17.87783964517114,18.14960489465381,16.97522550430645,17.034304829585455,34.35672617102025,16.779166666666665,34.25774623760222,35.072470072012635,32.893945054000454,34.41805866842109,25.683221885820995,16.779166666666665,28.138715605034218,26.41308016367826,28.73406499647677,26.691600251022123,25.768167917780683,17.224999999999998,24.908022703913776,23.981030449637295,24.70749679225746,26.917049595809242,25.221340741661894,17.224999999999998,26.467752780740415,25.98900462825715,26.40285850991721,25.643456621325214,19.043941094804367,11.6375,21.04384620471447,18.776511560026677,21.912286842116625,21.839947036065794,20.56332640383889,11.6375,20.094257136255447,19.955441242094068,20.609268874064558,19.519589617361312
2020-03-03,28.533471731853478,15.7,0.16022487783777456,27.496316587349234,27.71446197136228,27.691223252156934,24.674927089977327,15.7,23.908905026701195,24.205005902546517,24.255763611409616,22.891707335951082,18.037705764297105,8.570833333333333,18.683688870107513,19.9241854433741,20.131483700220855,19.917266546656183,15.17947862833875,8.570833333333333,14.912112772441525,14.688343276882804,14.57168699211859,14.532044260411803,29.372075841624373,14.5875,28.791678290704784,32.35657455423191,27.939341622806797,27.446294181733464,23.124564648586713,14.5875,25.38438928521898,23.186715690582734,26.233122928103498,22.52591649289148,19.189028969995057,13.8875,19.297685452847922,19.632336311910947,17.62818906477181,19.511428593325885,16.836522815695766,13.8875,16.908437529408996,16.250021013400413,17.767374581200798,17.97751768844209,17.007202104045497,10.175,17.10410352026838,16.869550929523797,18.800676034076325,17.89855931253473,18.10630018918012,10.175,17.58798570601081,17.360611136460424,18.27256861624686,17.847791274534178
2020-03-04,27.766650338510452,19.6,0.16022487783777456,26.036759528322925,27.404490289007416,28.25706763441195,28.054837314051678,19.6,27.51028893221888,28.244410693283513,27.562584055666548,29.509692727379456,19.68554593436962,8.700000000000001,19.219422910648152,20.392997478441774,20.2832472121752,19.347719717214577,14.914982239257364,8.700000000000001,15.901052877576,14.720383859934444,15.617987446731671,15.497362133947993,30.1077110435954,16.099999999999998,28.778198395400757,31.17963000131014,27.306258572169103,29.149232698868925,22.8861118577075,16.099999999999998,21.017461271096064,22.255195789926837,22.39916747639437,21.957755639056476,24.038120309567283,13.0125,22.437191609665128,25.445135057730738,20.584106607794077,22.99432521612494,15.970314642445409,13.0125,16.288464933594486,15.84851514347669,15.60574135159829,15.6606824664588,14.904371697653461,12.558333333333332,13.81136903037072,18.30818711159323,14.956677905130663,13.688666176260982,12.091915079365082,12.558333333333332,12.239033056065237,11.863965878740052,12.355507492215805,11.943176025964776
2020-03-05,32.454189250948154,33.579166666666666,0.16022487783777456,31.632301902389024,33.49395906164293,32.45483930466066,37.078927828884076,33.579166666666666,37.434613104193794,37.09124731902148,36.516405548130024,39.31417036566126,19.061696148548627,16.466666666666665,24.18858138362334,23.52362138375009,23.437925207866233,23.725380293808726,24.050886739315295,16.466666666666665,24.0393751589786,23.455453203068014,23.228186483647455,22.918951742762502,41.99625342222776,20.229166666666668,41.04827866623972,42.72077550260849,40.892386346800706,40.59468545963778,40.43765074085679,20.229166666666668,40.8832318336133,39.18110296385173,36.1835694087356,40.26685094427989,28.531775019288002,23.78333333333333,28.458616665477926,30.2330262361355,28.87193005747483,29.722264943081846,31.16536624068504,23.78333333333333,30.56680963518165,31.71673492024282,31.15201660079049,32.06578276632788,22.291784460952208,18.816666666666663,23.691997761939938,21.464185324783056,25.10865123411112,23.342201955752397,23.817411175138346,18.816666666666663,23.203676347568873,23.75593554636607,23.759701713915288,23.294117589973304
2020-03-06,33.9436500872712,15.766666666666666,0.16022487783777456,31.36245398971356,33.32613175314213,35.42249431691448,22.09733309028933,15.766666666666666,22.51358052909232,22.845911507705246,22.445596123899247,21.77712084801773,22.19267062829806,12.820833333333333,25.09019288580403,25.563874811928656,24.335132668633065,24.85571968494336,17.193773587806827,12.820833333333333,16.416516576852523,15.571821127593305,16.46751308333891,16.148471520536535,39.21261834802731,13.966666666666669,39.70436378515606,40.630640513109824,36.93944831829711,38.4406795867452,26.203668052592366,13.966666666666669,28.260477293115787,26.576544580026454,29.214357237940636,27.465403099146226,32.07775396381794,13.845833333333331,30.98833413267506,31.70405038195087,29.677483028769544,31.53381977961399,24.368188933095265,13.845833333333331,23.76359701781465,24.72091274489016,26.175427740878867,23.236624663118047,30.92684344436715,11.75,30.34805944984575,28.338146734773918,28.955579437728606,28.474565912358493,25.258262797755705,11.75,25.36480975772865,24.976576507069538,23.90309343047082,25.023424811001004
2020-03-07,27.59267675345619,18.5,0.16022487783777456,26.72392470372708,27.470398641927915,26.06895771962024,28.001190127580738,18.5,27.787901351556897,29.25477413450397,27.1289542276011,29.758408692646643,17.680274258805106,11.0875,17.89532605368036,18.679018278782575,20.643885370205275,19.736481012646852,17.037296179353522,11.0875,17.11387810168098,16.65993545792088,17.121151282387014,17.031226501541813,22.295834200831393,18.8625,22.412851381695287,24.210448302328086,22.720290062215636,21.05862906035077,27.930274910935758,18.8625,26.88929373735501,27.330861003677875,28.201236174107457,28.429022515970864,24.165092411623334,19.695833333333333,24.50671656685193,23.710144317431237,21.97023905349995,24.238749157077873,22.552877389358915,19.695833333333333,21.971079836251782,23.31179366856041,23.229085333387147,23.46244209779364,19.25215783820468,15.566666666666668,19.7959159208522,19.116053338594337,19.448564090427595,18.23941127548336,19.337977861515522,15.566666666666668,19.847323685401193,19.65598373586213,19.98612982972749,18.791270783106288
2020-03-08,26.379420892575666,17.908333333333335,0.16022487783777456,24.306778769323863,24.168151350738672,24.867129847004406,35.876900916329035,17.908333333333335,35.95978212997622,37.450167242963275,35.90636813564323,37.196718464966075,16.874796056155542,13.591666666666669,19.832298349979585,19.56013241920271,20.630172881323244,21.21427997119471,23.100160773033963,13.591666666666669,22.965494791386494,22.60717812045054,21.59942950397978,22.35056319373689,27.925248334373883,17.525000000000002,26.894027855555624,28.070157056734388,28.409098574361806,27.57672889501,35.197558857028106,17.525000000000002,35.16249237223925,35.08849596614472,33.71337402967117,34.40172268037517,26.08233429152831,18.1125,29.510595576025263,27.633550319977008,29.0105446269205,28.3865620050102,28.117933088888876,18.1125,28.652729898437904,28.125545655608903,28.213246565682695,28.91146409230113,22.73157883820521,16.695833333333333,22.796092578596806,23.483447900516023,23.411013693596587,21.707013695905435,26.378122340696194,16.695833333333333,27.482601878749023,26.2172928016283,26.471271676565877,27.208482051537022
2020-03-09,28.49224018806821,40.833333333333336,0.16022487783777456,28.595760370107485,28.70675483243922,28.434097788782754,35.70447102522147,40.833333333333336,35.89345515273258,37.25533276672823,34.891868318446534,36.975559767316014,18.671870342127505,21.04583333333333,25.36781056987848,23.595421987788086,23.09944675384413,23.120765270867143,24.225541423759683,21.04583333333333,24.146860883636435,24.937709267311675,24.565839561118487,26.16467140568142,39.74700351205911,31.9625,37.968353916954214,38.64773782258014,38.86525742019991,39.83599846487347,36.64629026605338,31.9625,37.156829001971474,34.88198352272729,33.49793137926889,34.81933871889585,33.37974085160276,35.55416666666667,38.31858914732246,34.67284560901319,39.65774481507669,39.784893605674306,38.65730619806942,35.55416666666667,39.418012043478996,38.63423493991415,39.284112097358154,36.7942292799532,28.092792017645465,27.079166666666666,29.401279570610026,26.13441132361166,30.43608051262694,30.214514760623178,39.8278529108311,27.079166666666666,39.69803052077708,41.78444334150497,41.12797943100248,41.95773472890629
2020-03-10,29.098082639301392,27.64583333333333,0.16022487783777456,27.81015508545555,28.567259986550933,27.540896105233593,26.67301290769415,27.64583333333333,26.285172747406417,26.6825248085248,26.283422526776658,27.060624034596355,16.679591566723712,14.85,19.058570557720092,19.21479096586132,19.74813768602351,18.943561344116045,18.367180579133635,14.85,18.103796982060366,18.133866483079547,18.51635894418446,17.381085279937906,31.42565581627789,26.2,30.83249338060952,31.445176055173004,32.04095514021019,32.971826928875146,31.823740677183423,26.2,33.15505862277687,32.66532162297557,32.44641300804895,31.726003344747365,27.254765040065813,26.754166666666663,27.954583477631694,26.45093173514094,27.820044867128473,28.85772391555968,22.757832703495765,26.754166666666663,23.280785089145944,23.10438687826395,23.57066533115507,23.101361264668505,20.058671794734497,18.466666666666665,20.310493915722812,18.287730387573603,21.185449908446895,20.90125834778938,19.544173464652395,18.466666666666665,18.97567138224588,19.08483850207434,19.948810335834523,19.057309487466796
2020-03-11,27.453225034162905,36.0625,0.16022487783777456,26.061684505674812,28.251116754160538,27.243829315618918,28.755903213129457,36.0625,28.02118191341988,29.288167339627954,28.14217580292182,28.908748563774193,14.942174455893696,17.370833333333334,18.802919869004242,19.181418141011648,18.66012159139555,19.056096294058985,15.716884933192548,17.370833333333334,15.96141457321734,16.51249111363238,16.806187341146483,15.872689139993435,36.54397200931569,22.60833333333333,36.13745270105618,35.42110214791418,38.39615502824177,40.57420694164912,31.56502205161542,22.60833333333333,31.830192457574334,31.700709804175293,31.879765562645144,31.20990315762639,29.95957717746565,32.475,30.230823279695667,29.58668868840214,32.06322371810608,32.47226225160679,31.490677747596557,32.475,31.49077272810597,31.74434736715715,33.11818635461761,31.53812851267401,18.559142237272432,28.004166666666663,20.692680968078985,18.4558815313702,21.61643915268867,20.622470177345985,18.39018456428687,28.004166666666663,19.189264758760743,18.755322681866584,18.377156984136512,19.166133833102702
2020-03-12,28.682880681547218,50.11666666666667,0.16022487783777456,28.395942068301956,30.26855258296981,28.33878005222383,28.98816986040135,50.11666666666667,27.118724955331675,27.769572291176843,27.694859625748805,28.119585702029458,14.814235108321487,18.2125,20.416916675405616,19.87518462834948,20.499549823353085,20.553933921096117,22.30746255319833,18.2125,20.794600928644915,21.46942188511032,21.729059738949022,21.428009485786152,34.29360297718409,32.97083333333333,32.9181132529744,34.16091199539157,34.73826153507455,34.242715601937896,30.069753438870503,32.97083333333333,29.231156888799184,29.455444290942722,30.68842977990658,29.332602706722106,29.39826170114634,32.625,30.349407180597535,31.58833110368832,31.748836815125323,32.83410644134843,26.513835619300202,32.625,25.746423069854178,26.59493398952166,26.525802095773805,25.729248650575954,23.88104674296453,26.78333333333333,25.016134410240603,23.007719828469916,26.526222675893248,26.261778275913283,23.049628057286956,26.78333333333333,22.622512290003055,22.529644854867293,22.945031933605215,23.072989833205874
2020-03-13,32.747437655622306,22.754166666666663,0.16022487783777456,29.49432587162228,32.458827204311774,34.12689936731512,23.32056484302734,22.754166666666663,22.109889771123434,22.367616547630597,21.892795279373395,21.5311280444093,19.376275579684688,12.970833333333331,24.574950059571556,24.779666496944053,24.338458140811095,24.682129261839368,19.628283331809744,12.970833333333331,19.283894510230173,18.246336342281378,17.778011188073904,19.432083706640302,34.16716880368658,20.229166666666668,33.55562173726001,35.085417304202075,32.71983982588718,35.672718078212476,26.010315208372546,20.229166666666668,27.2119931596624,24.87961419668296,25.113065969065655,25.49876514281009,26.878013225031033,19.42083333333333,25.323213787890378,27.29754059158633,22.683503284020468,26.120752452248755,25.081937704255537,19.42083333333333,24.834764115538082,25.002476368893152,24.92622407383676,24.474436977959122,25.340708504899673,16.870833333333334,24.976577954495465,24.025131611049996,23.50792747752723,23.287777529954994,19.612613300615866,16.870833333333334,19.055354376268042,19.21925244919747,19.550350082981478,18.955876324010315
2020-03-14,27.137959351180076,19.679166666666667,0.16022487783777456,26.331747379860317,27.344066716771454,25.964216173433297,26.544081657147558,19.679166666666667,25.497528001540807,25.52099497603091,24.098416599835343,25.41125230944651,16.817245777649674,12.783333333333331,20.15643654143753,20.016455009334805,20.77549876097747,19.987031952785745,25.769419782976048,12.783333333333331,26.502676559078736,25.482627712501312,24.9098262993374,25.278107208248716,22.333794739582764,18.5,22.353217861006474,23.230935246847128,22.84427253440534,20.076378875851198,28.269457385937645,18.5,29.618957597479483,29.262660185258763,29.948812480158733,29.708958448526378,24.955354160695254,16.708333333333332,25.230987428674524,24.798111006180196,22.593494074994034,24.914052475315938,23.98824471661265,16.708333333333332,24.392815579895974,23.54605333064692,23.995003840220342,23.598630443512356,22.525985178346655,15.354166666666666,22.66846488112833,21.567764299201123,22.74468896995606,21.56989859022423,23.444086602172515,15.354166666666666,24.327793739164854,24.311464456316653,23.262936062534717,24.807052928968968
2020-03-15,22.835388785501177,14.533333333333331,0.16022487783777456,20.52437836637548,20.902329464727742,22.267328025169427,32.76787583900737,14.533333333333331,33.17342301351397,33.902017986845706,33.59677491297484,34.194482172572805,16.852282787219508,14.033333333333331,18.73432136242429,19.461419354921574,20.741129296442207,20.39238249153118,21.87190208380178,14.033333333333331,22.458853519853673,21.529237012900406,20.61030400762705,21.588155190271145,32.5717436510876,14.720833333333331,31.22034276932392,32.11368724779389,31.290794992889868,30.489475596760954,36.63405231014377,14.720833333333331,33.74566665016496,32.592800586899045,32.723572158887485,33.12966483372179,29.829302838111136,15.6375,29.453363751456376,30.724579891555166,29.54335579228384,29.758803508114454,27.35657083071254,15.6375,26.520958359317557,27.09826995772955,26.85196679198633,26.262658730961626,23.552966264102636,12.258333333333333,21.931783014641727,24.070693689758286,23.722651496358807,20.67301085431687,22.484040435544987,12.258333333333333,23.04649541815815,21.81141540826641,22.306360805627993,22.984797932438987
