index,D_PM10K,N_PM10K,O_PM10K,S_PM10K,W_PM10K
2018-01-01,81.6625,30.354166666666668,40.75833333333333,104.26666666666667,80.06666666666666
2018-01-02,23.8125,20.654166666666665,20.416666666666668,27.84583333333333,22.204166666666666
2018-01-03,27.104166666666668,19.2,24.1125,32.71666666666667,19.308333333333334
2018-01-04,32.27916666666666,21.954166666666666,36.15833333333333,40.1875,27.208333333333332
2018-01-05,49.60833333333333,27.400000000000002,33.57083333333333,58.81666666666666,34.949999999999996
2018-01-06,17.758333333333333,12.5,15.775,20.120833333333334,17.462500000000002
2018-01-07,18.787499999999998,14.295833333333334,15.470833333333333,16.795833333333334,16.579166666666666
2018-01-08,29.65833333333333,24.808333333333334,27.860000000000003,30.787499999999998,27.004166666666666
2018-01-09,25.21666666666667,24.504166666666666,20.494999999999997,23.5125,25.758333333333336
2018-01-10,18.474999999999998,17.229166666666668,15.904166666666667,18.095833333333335,17.25
2018-01-11,21.46666666666667,17.2625,36.71666666666666,23.066666666666666,20.408333333333335
2018-01-12,31.4375,24.337500000000002,32.06666666666667,32.50416666666667,24.4875
2018-01-13,16.666666666666668,16.391666666666666,16.787499999999998,15.579166666666666,17.066666666666666
2018-01-14,13.291666666666666,13.012500000000001,12.954166666666666,13.279166666666667,14.891666666666666
2018-01-15,18.083333333333332,18.620833333333334,17.654166666666665,17.191666666666666,20.349999999999998
2018-01-16,39.295833333333334,35.612500000000004,37.47083333333333,41.34166666666667,36.37083333333333
2018-01-17,19.662499999999998,13.008333333333333,32.14090909090909,19.458333333333332,15.445833333333333
2018-01-18,24.53333333333333,17.491666666666667,51.1875,22.224999999999998,18.283333333333335
2018-01-19,24.629166666666666,13.770833333333334,26.718181818181815,26.041666666666668,19.041666666666668
2018-01-20,31.379166666666666,23.254166666666666,40.72222222222222,35.94583333333333,25.9875
2018-01-21,23.733333333333334,18.266666666666666,22.354166666666668,23.9875,19.658333333333335
2018-01-22,27.704166666666666,17.0125,36.154545454545456,26.075,20.820833333333333
2018-01-23,54.55833333333334,39.1,63.12083333333334,58.54583333333333,41.225
2018-01-24,48.46666666666667,34.833333333333336,53.145833333333336,62.4,37.949999999999996
2018-01-25,50.362500000000004,38.94166666666667,44.612500000000004,59.56666666666666,42.59583333333333
2018-01-26,69.04583333333333,54.525,59.55833333333334,73.77916666666667,57.67083333333333
2018-01-27,29.47083333333333,28.65833333333333,26.983333333333334,26.329166666666666,33.3375
2018-01-28,28.316666666666666,33.37083333333333,28.204545454545453,26.125,31.02916666666667
2018-01-29,56.887499999999996,41.65416666666667,59.25909090909091,53.94166666666666,53.82916666666667
2018-01-30,38.40416666666667,21.108333333333334,34.895833333333336,40.12083333333333,27.3625
2018-01-31,39.34166666666667,23.59583333333333,37.483333333333334,32.52916666666667,26.2625
2018-02-01,33.82083333333333,20.912499999999998,32.04210526315789,32.079166666666666,21.900000000000002
2018-02-02,13.291666666666666,11.895833333333334,13.466666666666667,12.079166666666666,11.629166666666668
2018-02-03,19.916666666666668,19.8875,20.9375,21.333333333333332,20.020833333333332
2018-02-04,23.670833333333334,15.941666666666668,24.1875,23.666666666666668,20.166666666666668
2018-02-05,29.125,22.099999999999998,40.800000000000004,28.766666666666666,26.03333333333333
2018-02-06,41.3375,35.80416666666667,53.375,36.9625,37.1
2018-02-07,33.512499999999996,32.675000000000004,34.145833333333336,34.954166666666666,34.81666666666667
2018-02-08,28.3875,21.491666666666664,31.30454545454546,29.52916666666667,25.104166666666668
2018-02-09,50.57916666666667,47.37083333333334,49.65416666666667,49.958333333333336,50.63333333333333
2018-02-10,72.7375,72.7,74.82916666666667,72.96249999999999,75.74166666666666
2018-02-11,46.67916666666667,42.5875,52.84166666666667,46.44583333333333,44.512499999999996
2018-02-12,34.2125,24.787499999999998,29.879166666666666,36.28333333333333,31.087500000000002
2018-02-13,21.579166666666666,10.566666666666666,30.787499999999998,17.645833333333332,11.645833333333334
2018-02-14,34.59166666666667,17.3625,42.76666666666667,29.287499999999998,22.695833333333336
2018-02-15,53.90833333333333,40.954166666666666,56.61666666666667,51.96666666666667,44.925000000000004
2018-02-16,62.975,54.8375,66.3,57.55833333333334,57.854166666666664
2018-02-17,48.35,38.545833333333334,54.62083333333334,50.387499999999996,44.51666666666667
2018-02-18,30.016666666666666,28.30416666666667,29.758333333333336,29.458333333333332,28.691666666666666
2018-02-19,32.68571428571428,25.1875,32.67916666666667,26.67391304347826,26.79090909090909
2018-02-20,22.1875,20.033333333333335,20.495833333333334,23.070833333333336,21.141666666666666
2018-02-21,37.7875,27.420833333333334,38.358333333333334,38.324999999999996,34.84583333333333
2018-02-22,34.579166666666666,28.383333333333336,32.8375,35.329166666666666,32.0375
2018-02-23,29.608333333333334,28.787499999999998,29.820833333333336,30.325,29.0125
2018-02-24,40.050000000000004,40.86666666666667,41.75833333333333,40.57083333333333,41.675000000000004
2018-02-25,27.125,23.22083333333333,28.695833333333336,25.224999999999998,23.620833333333334
2018-02-26,41.300000000000004,32.875,37.42916666666667,40.69583333333333,36.81666666666667
2018-02-27,28.991666666666664,27.8,31.645833333333332,31.1125,29.587500000000002
2018-02-28,54.25,42.95416666666667,63.541666666666664,56.4,44.00416666666666
2018-03-01,82.73333333333333,65.16250000000001,86.66250000000001,81.9875,70.1875
2018-03-02,105.325,96.61666666666667,109.45416666666667,97.39999999999999,97.1125
2018-03-03,72.89583333333333,67.92916666666666,76.47083333333333,74.44166666666666,69.08333333333333
2018-03-04,66.94166666666666,64.27916666666667,71.95833333333333,64.91666666666667,65.00416666666666
2018-03-05,61.675000000000004,59.93636363636363,57.25416666666666,60.237500000000004,63.60833333333333
2018-03-06,45.90833333333333,45.46666666666667,45.72083333333333,46.76666666666667,45.987500000000004
2018-03-07,45.18333333333334,42.875,56.137499999999996,44.98333333333333,41.80833333333333
2018-03-08,32.025,17.404166666666665,42.78333333333333,28.162499999999998,23.145833333333332
2018-03-09,53.166666666666664,32.895833333333336,61.887499999999996,57.28333333333333,41.516666666666666
2018-03-10,40.791666666666664,23.587500000000002,43.36666666666667,43.5,27.758333333333336
2018-03-11,28.604166666666668,17.329166666666666,30.633333333333336,28.78333333333333,19.566666666666666
2018-03-12,28.7375,15.591666666666667,25.625,24.59166666666667,15.933333333333332
2018-03-13,22.425,11.512500000000001,31.758333333333336,21.662499999999998,12.295833333333334
2018-03-14,25.283333333333335,10.450000000000001,30.03333333333333,22.916666666666668,15.195833333333333
2018-03-15,28.704166666666666,18.770833333333332,28.129166666666666,24.733333333333334,20.495833333333334
2018-03-16,28.358333333333334,18.5,29.44583333333333,22.579166666666666,15.841666666666667
2018-03-17,16.120833333333334,12.304166666666667,17.45,19.258333333333333,12.583333333333334
2018-03-18,17.220833333333335,16.162499999999998,21.087500000000002,18.375,18.375
2018-03-19,26.104166666666668,23.28333333333333,24.191666666666666,24.991666666666664,26.03333333333333
2018-03-20,40.041666666666664,35.833333333333336,42.5375,39.112500000000004,34.71666666666667
2018-03-21,41.395833333333336,27.47083333333333,38.104166666666664,37.0875,29.175
2018-03-22,39.387499999999996,29.545833333333334,34.512499999999996,34.38333333333333,32.145833333333336
2018-03-23,40.00416666666667,38.112500000000004,36.9625,39.362500000000004,32.68333333333333
2018-03-24,23.920833333333334,21.40416666666667,26.02916666666667,23.754166666666666,21.429166666666664
2018-03-25,35.06666666666667,34.954166666666666,37.329166666666666,34.083333333333336,35.34166666666667
2018-03-26,51.925000000000004,50.56363636363637,46.875,50.53333333333333,44.92916666666667
2018-03-27,46.13333333333333,32.37083333333333,43.612500000000004,40.858333333333334,37.583333333333336
2018-03-28,34.99583333333333,29.549999999999997,35.475,32.266666666666666,29.683333333333334
2018-03-29,45.13333333333333,32.15,41.300000000000004,37.545833333333334,36.09583333333333
2018-03-30,14.704166666666666,12.154166666666667,19.572727272727274,17.008333333333333,11.637500000000001
2018-03-31,24.016666666666666,16.091666666666665,27.349999999999998,25.09583333333333,18.195833333333333
2018-04-01,7.4750000000000005,5.6125,8.604166666666666,8.329166666666667,5.5874999999999995
2018-04-02,13.508333333333333,7.7124999999999995,16.758333333333333,13.591666666666667,9.875
2018-04-03,23.206666666666667,19.279166666666665,23.5625,24.295833333333334,18.245833333333334
2018-04-04,13.96923076923077,17.720833333333335,24.400000000000002,,17.479166666666668
2018-04-05,23.65416666666667,12.979166666666666,24.791666666666668,17.77857142857143,16.650000000000002
2018-04-06,15.470833333333333,14.200000000000001,25.358333333333334,16.479166666666668,13.4375
2018-04-07,21.84583333333333,18.724999999999998,27.887500000000003,24.625,22.104166666666668
2018-04-08,23.8875,22.020833333333332,25.8875,23.258333333333336,23.320833333333336
2018-04-09,36.21666666666667,36.5875,31.920833333333334,35.24285714285715,32.074999999999996
2018-04-10,21.270833333333332,30.316666666666666,23.933333333333334,21.004166666666666,17.545833333333334
2018-04-11,25.108333333333334,24.325,30.84166666666667,24.041666666666668,22.575
2018-04-12,31.25,28.620833333333334,32.15833333333333,30.504166666666666,28.9375
2018-04-13,17.279166666666665,14.083333333333334,20.837500000000002,15.645833333333334,14.583333333333334
2018-04-14,16.058333333333334,13.0,17.974999999999998,17.091666666666665,15.879166666666668
2018-04-15,30.6875,28.354166666666668,32.800000000000004,29.96666666666667,30.383333333333336
2018-04-16,42.84583333333333,35.229166666666664,46.02916666666667,39.395833333333336,39.84166666666666
2018-04-17,19.566666666666666,13.891666666666666,22.983333333333334,18.216666666666665,17.491666666666667
2018-04-18,29.21666666666667,24.2375,32.12916666666667,28.416666666666668,28.333333333333332
2018-04-19,31.2,22.21666666666667,32.175000000000004,31.224999999999998,24.979166666666668
2018-04-20,25.620833333333334,20.366666666666667,29.129166666666666,25.245833333333334,24.075
2018-04-21,23.579166666666666,19.020833333333332,24.912499999999998,22.837500000000002,22.425
2018-04-22,28.025000000000002,23.729166666666668,26.633333333333336,27.0125,26.758333333333336
2018-04-23,41.079166666666666,26.925,34.725,36.329166666666666,34.0
2018-04-24,21.425,14.220833333333333,25.645833333333332,16.291666666666668,16.974999999999998
2018-04-25,33.00833333333333,23.474999999999998,33.0375,29.883333333333336,27.337500000000002
2018-04-26,26.979166666666668,19.45,32.84166666666667,25.27916666666667,22.287499999999998
2018-04-27,22.162499999999998,16.0125,29.558333333333334,17.3875,20.7
2018-04-28,23.183333333333334,20.395833333333332,27.441666666666666,22.933333333333334,22.991666666666664
2018-04-29,32.145833333333336,31.150000000000002,36.50416666666667,32.27916666666667,32.1875
2018-04-30,29.183333333333334,27.0,31.2375,28.854166666666668,27.354166666666668
2018-05-01,14.4,15.987499999999999,18.370833333333334,15.945833333333333,14.9
2018-05-02,29.45909090909091,26.770833333333332,31.900000000000002,25.3875,28.120833333333334
2018-05-03,28.508333333333336,18.420833333333334,26.495833333333334,21.166666666666668,24.97083333333333
2018-05-04,32.88636363636363,24.575,35.18333333333333,29.763636363636362,30.977272727272727
2018-05-05,17.116666666666667,16.474999999999998,24.3125,15.795833333333334,18.8
2018-05-06,19.795833333333334,18.849999999999998,25.3875,20.404166666666665,22.05
2018-05-07,27.045833333333334,22.912499999999998,27.4375,22.22083333333333,26.95
2018-05-08,24.754166666666666,19.229166666666668,29.454166666666666,24.575000000000003,23.15714285714286
2018-05-09,22.120833333333334,20.345833333333335,22.983333333333334,20.095833333333335,18.629166666666666
2018-05-10,20.133333333333333,20.583333333333332,22.45,18.608333333333334,20.529166666666665
2018-05-11,16.808333333333334,13.666666666666666,19.229166666666668,14.766666666666666,15.520833333333334
2018-05-12,19.1875,20.104166666666668,20.349999999999998,19.345833333333335,20.008333333333333
2018-05-13,13.879166666666668,13.608333333333334,16.891666666666666,14.291666666666666,15.266666666666666
2018-05-14,12.450000000000001,8.409090909090908,14.154166666666667,10.516666666666667,11.4125
2018-05-15,6.991666666666667,7.1000000000000005,11.679166666666667,7.716666666666666,8.025
2018-05-16,15.841666666666667,8.5375,15.204166666666666,11.279166666666667,10.0375
2018-05-17,17.391666666666666,9.049999999999999,16.783333333333335,12.325000000000001,13.833333333333334
2018-05-18,21.686363636363637,13.129166666666668,20.808333333333334,18.55909090909091,22.995833333333334
2018-05-19,16.920833333333334,13.729166666666666,19.8125,,17.95
2018-05-20,14.954166666666666,14.016666666666666,17.379166666666666,,15.820833333333333
2018-05-21,12.791666666666666,12.195833333333333,15.595833333333333,13.62142857142857,13.345833333333333
2018-05-22,21.233333333333334,16.645833333333332,24.5125,18.404166666666665,20.495833333333334
2018-05-23,22.558333333333334,16.979166666666668,23.208333333333332,19.495833333333334,20.020833333333332
2018-05-24,21.7625,15.279166666666667,21.4875,17.658333333333335,18.666666666666668
2018-05-25,21.058333333333334,11.008333333333333,22.491666666666664,15.629166666666665,16.870833333333334
2018-05-26,12.416666666666666,10.958333333333334,15.566666666666668,12.033333333333333,13.470833333333333
2018-05-27,13.15,12.8375,16.087500000000002,12.754166666666668,15.275
2018-05-28,24.670833333333334,22.295833333333334,30.445833333333336,25.066666666666666,25.55
2018-05-29,29.7375,26.925,34.737500000000004,29.108333333333334,30.241666666666664
2018-05-30,26.7,19.445833333333333,30.145833333333332,23.2,24.90416666666667
2018-05-31,28.433333333333334,25.741666666666664,31.991666666666664,28.116666666666664,30.254166666666666
2018-06-01,27.787499999999998,21.587500000000002,28.191666666666666,24.895833333333332,26.054166666666664
2018-06-02,14.858333333333334,12.604166666666666,16.395833333333332,13.475,13.875
2018-06-03,9.525,9.174999999999999,11.7875,9.633333333333333,9.708333333333334
2018-06-04,19.133333333333333,13.779166666666667,19.241666666666667,16.270833333333332,17.616666666666667
2018-06-05,18.933333333333334,13.125,21.53333333333333,18.166666666666668,18.183333333333334
2018-06-06,21.0625,16.770833333333332,24.037499999999998,20.058333333333334,19.983333333333334
2018-06-07,17.629166666666666,12.891666666666666,23.09166666666667,16.922727272727272,18.041666666666668
2018-06-08,20.220833333333335,15.454166666666667,21.758333333333336,18.179166666666667,19.341666666666665
2018-06-09,14.404166666666667,12.154166666666667,18.5625,13.9625,15.0
2018-06-10,16.066666666666666,14.408333333333333,18.954166666666666,16.6375,17.795833333333334
2018-06-11,22.183333333333334,16.545833333333334,25.5125,18.379166666666666,20.4875
2018-06-12,33.15833333333333,24.125,32.50833333333333,30.745833333333334,31.304166666666664
2018-06-13,17.4875,11.629166666666668,17.383333333333333,14.329166666666666,14.441666666666668
2018-06-14,11.566666666666668,5.8999999999999995,12.668181818181818,8.040909090909091,7.166666666666667
2018-06-15,13.383333333333333,10.075000000000001,15.799999999999999,11.991666666666667,11.870833333333332
2018-06-16,14.9,17.191666666666666,21.170833333333334,16.158333333333335,16.42083333333333
2018-06-17,19.05,17.970833333333335,21.2375,18.7,18.5
2018-06-18,15.575000000000001,17.570833333333333,15.708333333333334,14.295833333333334,16.483333333333334
2018-06-19,13.729166666666666,14.429166666666667,18.675,14.808333333333332,15.15
2018-06-20,19.404166666666665,19.420833333333334,21.691666666666666,20.679166666666667,19.1125
2018-06-21,24.5125,20.65,26.212500000000002,21.755,25.150000000000002
2018-06-22,16.916666666666668,12.325000000000001,18.8875,16.533333333333335,14.866666666666667
2018-06-23,8.858333333333333,7.925,9.554166666666667,8.3375,9.758333333333335
2018-06-24,7.179166666666667,8.975,9.458333333333334,7.595833333333334,7.4375
2018-06-25,10.370833333333334,9.362499999999999,12.158333333333333,9.254166666666666,9.470833333333333
2018-06-26,13.416666666666666,10.429166666666667,15.450000000000001,12.299999999999999,12.945833333333333
2018-06-27,11.174999999999999,8.766666666666667,11.254166666666668,10.020833333333334,10.054166666666667
2018-06-28,8.529166666666667,5.8875,13.475,6.516666666666667,7.779166666666666
2018-06-29,13.291666666666666,8.775,15.308333333333332,11.029166666666667,12.316666666666668
2018-06-30,17.608333333333334,13.025,17.491666666666667,17.162499999999998,18.216666666666665
2018-07-01,10.745833333333332,11.625,12.862499999999999,11.424999999999999,11.5625
2018-07-02,16.974999999999998,14.700000000000001,17.724999999999998,17.279166666666665,18.204166666666666
2018-07-03,25.879166666666666,20.454166666666666,25.25,22.541666666666668,23.433333333333334
2018-07-04,26.679166666666664,24.041666666666668,27.566666666666666,25.429166666666664,26.22083333333333
2018-07-05,23.245833333333334,20.016666666666666,22.266666666666666,24.083333333333332,22.804166666666664
2018-07-06,8.341666666666667,5.233333333333333,10.404166666666667,8.129166666666666,9.170833333333333
2018-07-07,10.441666666666666,8.950000000000001,12.2875,8.995833333333334,10.558333333333334
2018-07-08,13.645833333333334,13.529166666666667,14.808333333333332,13.020833333333334,15.170833333333334
2018-07-09,20.4875,17.541666666666668,18.25,19.725,20.162499999999998
2018-07-10,24.6375,17.275000000000002,24.46666666666667,24.84583333333333,22.175
2018-07-11,11.016666666666666,7.208333333333333,14.304166666666667,10.3,10.466666666666667
2018-07-12,16.295833333333334,10.895833333333334,15.5875,12.25,12.941666666666668
2018-07-13,18.6125,13.808333333333332,18.429166666666667,16.125,16.541666666666668
2018-07-14,14.816666666666668,13.200000000000001,14.579166666666667,14.516666666666666,14.779166666666667
2018-07-15,13.420833333333334,12.35,13.795833333333334,11.383333333333333,13.408333333333333
2018-07-16,21.6125,14.85,20.645833333333332,17.795833333333334,17.25
2018-07-17,17.470833333333335,13.219999999999999,21.849999999999998,17.745833333333334,18.40952380952381
2018-07-18,22.1875,21.69333333333333,25.3125,24.354166666666668,28.670833333333334
2018-07-19,21.95714285714286,16.36521739130435,20.900000000000002,21.091666666666665,27.416666666666668
2018-07-20,25.954166666666666,23.625,24.829166666666666,24.96666666666667,26.958333333333332
2018-07-21,18.570833333333333,14.841666666666667,19.304166666666667,19.86,18.908333333333335
2018-07-22,10.7125,8.116666666666667,11.341666666666667,,10.608333333333333
2018-07-23,20.525000000000002,13.245833333333332,21.129166666666666,18.66,18.53333333333333
2018-07-24,22.945833333333336,20.445833333333333,25.566666666666666,22.599999999999998,23.545833333333334
2018-07-25,22.650000000000002,19.956521739130434,23.337500000000002,23.1875,24.495833333333334
2018-07-26,14.9125,11.704347826086956,17.304166666666667,14.6625,15.037500000000001
2018-07-27,19.804166666666667,13.0375,18.670833333333334,18.75,15.791666666666666
2018-07-28,15.5625,10.387500000000001,15.9375,13.325000000000001,14.666666666666666
2018-07-29,15.862499999999999,13.404166666666667,17.150000000000002,14.291666666666666,15.737499999999999
2018-07-30,23.420833333333334,16.245833333333334,23.150000000000002,22.266666666666666,21.666666666666668
2018-07-31,23.125,17.1375,25.233333333333334,22.28333333333333,23.5125
2018-08-01,31.90833333333333,23.40416666666667,28.375,30.316666666666666,27.349999999999998
2018-08-02,23.9875,16.408333333333335,22.795833333333334,21.575,21.525000000000002
2018-08-03,22.745833333333334,17.895833333333332,23.8,22.087500000000002,26.816666666666666
2018-08-04,20.95,17.754166666666666,23.3,19.829166666666666,22.037499999999998
2018-08-05,18.133333333333333,15.816666666666668,19.391666666666666,17.683333333333334,19.358333333333334
2018-08-06,24.041666666666668,19.795833333333334,23.829166666666666,21.587500000000002,24.891666666666666
2018-08-07,24.837500000000002,18.620833333333334,25.1875,24.008333333333336,25.558333333333334
2018-08-08,21.150000000000002,14.950000000000001,21.158333333333335,20.095833333333335,22.191666666666666
2018-08-09,23.070833333333336,15.866666666666667,22.9875,20.408333333333335,21.8875
2018-08-10,27.329166666666666,20.9375,28.441666666666666,28.21666666666667,29.758333333333336
2018-08-11,8.295833333333333,6.0125,10.954166666666666,7.716666666666666,8.220833333333333
2018-08-12,12.579166666666666,11.520833333333334,12.8375,10.4625,12.8125
2018-08-13,22.5625,15.308333333333332,21.141666666666666,18.916666666666668,19.837500000000002
2018-08-14,13.6,9.354166666666666,15.4375,12.700000000000001,12.958333333333334
2018-08-15,11.091666666666667,8.783333333333333,13.041666666666666,10.016666666666667,10.654166666666667
2018-08-16,17.125,12.879166666666668,17.220833333333335,14.1,15.4375
2018-08-17,21.099999999999998,14.75,18.712500000000002,18.8125,18.25
2018-08-18,17.616666666666667,14.549999999999999,17.900000000000002,16.470833333333335,17.379166666666666
2018-08-19,16.825,15.125,17.349999999999998,16.629166666666666,16.9375
2018-08-20,26.420833333333334,18.970833333333335,21.0125,23.983333333333334,20.366666666666667
2018-08-21,27.266666666666666,20.008333333333333,25.420833333333334,24.670833333333334,26.5
2018-08-22,25.05,21.849999999999998,27.891666666666666,27.05,25.441666666666666
2018-08-23,29.570833333333336,24.413636363636364,29.55,30.849999999999998,30.425
2018-08-24,27.929166666666664,23.495652173913044,28.379166666666666,27.650000000000002,27.683333333333334
2018-08-25,7.420833333333333,5.516666666666667,9.9125,8.020833333333334,9.229166666666666
2018-08-26,3.845833333333333,2.254166666666667,5.645833333333333,3.5833333333333335,4.958333333333333
2018-08-27,15.470833333333333,11.1625,14.191666666666668,11.975,11.608333333333334
2018-08-28,20.925,14.566666666666668,20.7625,17.141666666666666,18.354166666666668
2018-08-29,20.308333333333334,15.333333333333334,21.804166666666664,21.412499999999998,20.983333333333334
2018-08-30,22.8125,13.645833333333334,20.533333333333335,23.125,21.183333333333334
2018-08-31,12.941666666666668,9.195833333333333,13.545833333333334,10.924999999999999,11.520833333333334
2018-09-01,8.008333333333333,5.020833333333333,9.813636363636364,8.229166666666666,8.683333333333334
2018-09-02,9.508333333333333,7.1499999999999995,,9.066666666666666,10.325000000000001
2018-09-03,14.279166666666667,9.909090909090908,22.076923076923077,12.637500000000001,13.154166666666667
2018-09-04,14.920833333333334,9.929166666666667,18.845833333333335,12.6625,15.533333333333333
2018-09-05,17.529166666666665,12.879166666666665,21.895833333333332,14.854166666666666,17.483333333333334
2018-09-06,27.72083333333333,18.241666666666667,27.233333333333334,22.587500000000002,25.354166666666668
2018-09-07,31.462500000000002,18.275000000000002,22.837500000000002,21.491666666666664,24.004166666666666
2018-09-08,14.950000000000001,11.637500000000001,17.845833333333335,12.841666666666667,15.799999999999999
2018-09-09,15.904166666666667,12.583333333333334,15.570833333333333,14.0,16.770833333333332
2018-09-10,21.2625,14.220833333333333,21.9375,18.970833333333335,20.208333333333332
2018-09-11,25.1375,17.225,25.72083333333333,24.483333333333334,21.895833333333332
2018-09-12,27.729166666666668,19.150000000000002,29.990476190476187,28.45909090909091,27.1875
2018-09-13,26.662499999999998,21.275000000000002,29.870833333333334,34.270833333333336,29.104166666666668
2018-09-14,24.683333333333334,17.254166666666666,25.004166666666666,32.62916666666667,24.183333333333334
2018-09-15,10.720833333333333,7.95,13.816666666666668,16.891666666666666,12.383333333333333
2018-09-16,14.529166666666667,11.799999999999999,15.516666666666666,21.6875,17.258333333333333
2018-09-17,22.90833333333333,17.041666666666668,24.075,29.875,21.3625
2018-09-18,31.191666666666666,23.22083333333333,33.025,38.954166666666666,29.90833333333333
2018-09-19,32.104166666666664,21.8625,31.641666666666666,36.71666666666667,30.40416666666667
2018-09-20,24.804761904761904,17.6875,27.47083333333333,31.445833333333336,22.28333333333333
2018-09-21,28.295833333333334,22.650000000000002,32.24583333333333,35.74166666666667,28.645833333333332
2018-09-22,10.670833333333334,7.633333333333333,13.329166666666666,18.004166666666666,11.579166666666666
2018-09-23,9.329166666666667,9.754166666666666,11.979166666666666,16.974999999999998,10.316666666666666
2018-09-24,6.841666666666666,4.666666666666667,10.291666666666666,14.341666666666667,7.0375000000000005
2018-09-25,12.066666666666668,10.420833333333333,15.008333333333333,17.691666666666666,12.325000000000001
2018-09-26,16.658333333333335,12.658333333333333,20.004166666666666,21.495238095238093,16.004166666666666
2018-09-27,25.254166666666666,18.645833333333332,26.354166666666668,23.961904761904762,21.922727272727272
2018-09-28,26.520833333333332,17.020833333333332,29.541666666666668,27.145833333333332,23.829166666666666
2018-09-29,17.599999999999998,14.058333333333332,20.591666666666665,17.741666666666667,17.966666666666665
2018-09-30,13.670833333333334,13.645833333333334,17.258333333333333,14.512500000000001,16.212500000000002
2018-10-01,23.625,18.90909090909091,25.195833333333336,24.879166666666666,21.712500000000002
2018-10-02,13.320833333333333,9.020833333333334,15.695833333333333,12.726086956521739,11.895833333333334
2018-10-03,26.275000000000002,19.816666666666666,27.183333333333334,26.974999999999998,24.825
2018-10-04,21.279166666666665,18.025000000000002,27.0,22.479166666666668,20.545833333333334
2018-10-05,31.474999999999998,26.183333333333334,34.775,31.59166666666667,29.6375
2018-10-06,31.620833333333334,32.583333333333336,32.800000000000004,31.05,32.8125
2018-10-07,22.445833333333336,20.554166666666667,22.979166666666668,20.941666666666666,22.854166666666668
2018-10-08,22.587500000000002,15.041666666666666,24.59583333333333,20.395238095238096,18.991666666666667
2018-10-09,36.012499999999996,29.816666666666666,38.87916666666667,31.27916666666667,30.952380952380953
2018-10-10,46.06666666666666,38.38333333333333,44.791666666666664,43.725,41.78333333333333
2018-10-11,47.21666666666667,38.510000000000005,47.44583333333333,42.141666666666666,40.229166666666664
2018-10-12,48.583333333333336,41.47083333333333,52.30416666666667,50.6875,47.65833333333333
2018-10-13,39.62083333333333,37.5625,44.6625,40.074999999999996,40.99583333333333
2018-10-14,35.4,35.520833333333336,39.0875,36.295833333333334,36.525
2018-10-15,47.65,43.166666666666664,49.00416666666666,45.58571428571428,44.05833333333334
2018-10-16,55.270833333333336,42.416666666666664,52.75833333333333,48.05416666666667,47.7125
2018-10-17,49.92916666666667,37.699999999999996,49.26666666666667,51.4625,43.05833333333334
2018-10-18,45.15833333333333,34.28333333333333,51.9625,43.387499999999996,37.637499999999996
2018-10-19,44.65,34.22083333333333,56.525,47.262499999999996,41.175000000000004
2018-10-20,36.93333333333333,31.4875,44.99583333333334,39.516666666666666,35.75833333333333
2018-10-21,16.470833333333335,16.9375,20.270833333333332,18.179166666666667,15.979166666666666
2018-10-22,25.991666666666664,23.05,27.858333333333334,24.3875,23.266666666666666
2018-10-23,32.199999999999996,26.683333333333334,32.52916666666667,31.474999999999998,24.495454545454546
2018-10-24,23.333333333333332,16.9375,21.008333333333333,19.316666666666666,12.008333333333333
2018-10-25,22.625,15.65,27.15416666666667,20.791304347826088,18.087500000000002
2018-10-26,21.075,17.595833333333335,26.162499999999998,23.083333333333332,18.07916666666667
2018-10-27,14.862499999999999,12.104166666666666,15.233333333333334,18.416666666666668,14.275
2018-10-28,8.433333333333334,7.7875000000000005,8.799999999999999,10.054166666666667,8.841666666666667
2018-10-29,21.266666666666666,15.083333333333334,19.458333333333332,19.758333333333333,17.495833333333334
2018-10-30,20.816666666666666,11.7125,19.854166666666668,14.458333333333334,13.070833333333333
2018-10-31,23.7625,14.916666666666666,27.599999999999998,20.1125,17.345833333333335
2018-11-01,25.533333333333335,20.404166666666665,25.837500000000002,25.054166666666664,24.233333333333334
2018-11-02,24.5,20.39166666666667,24.45,22.504166666666666,24.129166666666666
2018-11-03,31.6875,25.025000000000002,35.06666666666667,29.670833333333334,28.916666666666668
2018-11-04,32.75833333333333,27.78333333333333,30.145833333333332,29.495833333333334,31.258333333333336
2018-11-05,44.5625,33.708333333333336,41.15,36.670833333333334,37.9125
2018-11-06,54.84166666666667,43.354166666666664,47.5375,42.025,46.94166666666666
2018-11-07,63.208333333333336,49.71666666666667,54.925000000000004,48.88333333333333,49.93333333333334
2018-11-08,35.80833333333333,26.9375,34.108333333333334,31.229166666666668,29.125
2018-11-09,36.012499999999996,29.683333333333334,36.766666666666666,30.962500000000002,30.791666666666668
2018-11-10,36.104166666666664,35.43333333333333,40.77916666666667,38.9,37.391666666666666
2018-11-11,18.279166666666665,15.875,22.370833333333334,22.370833333333334,18.770833333333332
2018-11-12,23.96666666666667,17.670833333333334,26.775000000000002,28.09166666666667,22.90833333333333
2018-11-13,35.391666666666666,24.45,31.84583333333333,35.99583333333333,29.054166666666664
2018-11-14,24.6875,20.129166666666666,28.254545454545454,23.920833333333334,21.558333333333334
2018-11-15,27.666666666666668,23.40833333333333,30.75,26.933333333333334,26.09583333333333
2018-11-16,22.96666666666667,17.808333333333334,27.15416666666667,24.2375,21.454166666666666
2018-11-17,19.1375,17.204166666666666,22.65416666666667,18.370833333333334,19.4375
2018-11-18,18.779166666666665,19.383333333333333,23.675,20.425,20.004166666666666
2018-11-19,25.195833333333336,23.554166666666664,23.900000000000002,23.8875,24.275000000000002
2018-11-20,13.029166666666667,14.25,13.920833333333334,15.145833333333334,12.879166666666668
2018-11-21,26.295833333333334,22.233333333333334,31.8,24.483333333333334,21.066666666666666
2018-11-22,27.208333333333332,21.541666666666668,33.32083333333333,27.28333333333333,25.7375
2018-11-23,41.43333333333333,25.183333333333334,52.25,37.25416666666667,31.333333333333332
2018-11-24,25.96666666666667,25.108333333333334,31.75,25.566666666666666,25.337500000000002
2018-11-25,18.529166666666665,15.704166666666666,19.087500000000002,19.954166666666666,18.650000000000002
2018-11-26,5.270833333333333,5.341666666666666,5.9375,6.883333333333333,5.145833333333333
2018-11-27,8.370833333333334,5.341666666666666,10.266666666666667,9.204166666666667,6.533333333333334
2018-11-28,32.574999999999996,21.254166666666666,35.375,23.95,22.375
2018-11-29,34.25416666666667,23.150000000000002,31.329166666666666,26.254166666666666,24.53333333333333
2018-11-30,47.55833333333334,39.34166666666667,43.99583333333334,39.225,40.87916666666667
2018-12-01,55.6625,51.45416666666667,57.458333333333336,54.199999999999996,52.854166666666664
2018-12-02,60.050000000000004,57.458333333333336,55.9,66.47916666666667,59.99583333333334
2018-12-03,60.225,50.85833333333333,54.26666666666667,66.19583333333334,53.31666666666666
2018-12-04,46.89166666666667,14.991666666666667,35.204166666666666,41.94166666666667,25.781818181818185
2018-12-05,29.981818181818184,19.145833333333332,38.016666666666666,26.433333333333334,19.404166666666665
2018-12-06,47.58181818181818,33.775,48.666666666666664,36.69166666666667,38.420833333333334
2018-12-07,63.75909090909091,54.37916666666666,66.225,64.44583333333334,50.9125
2018-12-08,31.058333333333334,23.816666666666666,26.983333333333334,37.525,26.329166666666666
2018-12-09,27.90416666666667,18.029166666666665,29.025000000000002,35.32083333333333,21.416666666666668
2018-12-10,26.991666666666664,14.266666666666666,31.195833333333336,30.90416666666667,19.141666666666666
2018-12-11,28.463636363636365,13.045833333333334,37.012499999999996,26.45,18.145833333333332
2018-12-12,36.96666666666667,10.575000000000001,44.93333333333334,27.25,16.279166666666665
2018-12-13,24.241666666666664,19.641666666666666,21.141666666666666,20.491304347826087,18.654166666666665
2018-12-14,19.883333333333333,19.054166666666667,22.045833333333334,19.158333333333335,18.766666666666666
2018-12-15,22.65416666666667,17.55,27.087500000000002,21.125,18.741666666666667
2018-12-16,36.77916666666667,29.070833333333336,34.9,37.38333333333333,31.0125
2018-12-17,63.13333333333333,41.208333333333336,62.76666666666667,67.66363636363636,52.0375
2018-12-18,63.15416666666667,42.387499999999996,51.324999999999996,71.07916666666667,49.09583333333333
2018-12-19,45.4125,38.84166666666667,43.93333333333334,46.02916666666667,44.5625
2018-12-20,49.225,49.6875,49.03333333333333,49.637499999999996,48.37916666666666
2018-12-21,49.87083333333334,48.012499999999996,50.15833333333333,52.26666666666667,49.17083333333333
2018-12-22,35.78333333333333,21.566666666666666,27.3,44.9625,25.704166666666666
2018-12-23,29.724999999999998,19.229166666666668,26.316666666666666,36.62083333333333,22.6875
2018-12-24,25.5625,10.183333333333334,19.2,27.020833333333332,19.804166666666667
2018-12-25,11.637500000000001,9.870833333333334,17.095833333333335,15.116666666666667,8.695833333333333
2018-12-26,28.28333333333333,22.7,31.0,33.225,23.349999999999998
2018-12-27,44.71666666666667,28.974999999999998,48.06666666666666,50.49166666666667,33.96666666666667
2018-12-28,51.449999999999996,32.104166666666664,41.824999999999996,55.979166666666664,38.574999999999996
2018-12-29,32.30833333333333,27.391666666666666,38.90416666666666,43.42916666666667,29.416666666666668
2018-12-30,29.72083333333333,20.570833333333333,37.479166666666664,44.56666666666666,23.650000000000002
2018-12-31,16.6125,8.575000000000001,24.412499999999998,20.220833333333335,12.020833333333334
2019-01-01,58.20416666666667,39.770833333333336,44.612500000000004,62.25833333333333,47.666666666666664
2019-01-02,15.616666666666667,8.733333333333333,10.270833333333334,17.070833333333333,10.575000000000001
2019-01-03,18.429166666666667,8.095833333333333,8.279166666666667,10.616666666666667,8.1
2019-01-04,22.058333333333334,14.395833333333334,24.96666666666667,19.9875,14.658333333333333
2019-01-05,39.63333333333333,26.2375,44.800000000000004,43.80416666666667,29.825
2019-01-06,18.0,9.829166666666667,15.995833333333332,18.541666666666668,13.8375
2019-01-07,18.900000000000002,19.433333333333334,18.958333333333332,18.408333333333335,16.212500000000002
2019-01-08,33.37916666666667,35.579166666666666,33.47083333333333,36.829166666666666,32.979166666666664
2019-01-09,34.762499999999996,20.5125,38.108333333333334,41.145833333333336,29.46666666666667
2019-01-10,27.333333333333332,10.225,39.19166666666667,27.458333333333332,15.554166666666667
2019-01-11,27.320833333333336,14.441666666666668,32.387499999999996,28.120833333333334,16.95
2019-01-12,44.6625,28.570833333333336,37.75,46.75,36.329166666666666
2019-01-13,40.175,23.520833333333332,55.80416666666667,47.93333333333334,31.604166666666668
2019-01-14,20.541666666666668,9.8625,18.099999999999998,16.970833333333335,11.875
2019-01-15,22.6875,13.299999999999999,49.77916666666667,23.991666666666664,16.804166666666667
2019-01-16,79.20416666666667,31.287499999999998,70.80416666666666,75.35000000000001,53.86666666666667
2019-01-17,59.324999999999996,30.900000000000002,50.67916666666667,49.574999999999996,43.278260869565216
2019-01-18,20.229166666666668,9.9375,25.079166666666666,15.799999999999999,11.056521739130435
2019-01-19,25.6125,18.150000000000002,27.15416666666667,28.695833333333336,17.405882352941177
2019-01-20,29.05,24.170833333333334,32.15,30.304166666666664,23.053846153846152
2019-01-21,44.475,36.704166666666666,46.72380952380953,37.5875,35.03125
2019-01-22,46.89166666666667,34.0625,47.72083333333333,42.025,35.71666666666667
2019-01-23,41.954166666666666,43.53809523809524,41.354166666666664,42.3375,42.416666666666664
2019-01-24,42.108333333333334,41.766666666666666,37.5375,42.15909090909091,40.395833333333336
2019-01-25,42.76666666666667,31.52916666666667,51.48333333333333,42.5,35.512499999999996
2019-01-26,45.93333333333334,36.92916666666667,52.5625,45.237500000000004,44.38333333333333
2019-01-27,70.92083333333333,57.10833333333333,78.4625,71.80833333333334,60.020833333333336
2019-01-28,38.90833333333334,26.287499999999998,35.125,42.1625,31.65833333333333
2019-01-29,33.40416666666667,19.833333333333332,35.94166666666667,31.266666666666666,23.525000000000002
2019-01-30,34.387499999999996,22.0625,37.71666666666667,29.025000000000002,24.183333333333334
2019-01-31,39.612500000000004,35.791666666666664,38.30416666666667,37.800000000000004,37.05416666666667
2019-02-01,38.61666666666667,32.079166666666666,39.458333333333336,40.8125,34.7875
2019-02-02,24.145833333333332,24.354166666666668,22.329166666666666,27.045833333333334,22.179166666666664
2019-02-03,12.679166666666667,11.620833333333332,14.391666666666666,16.162499999999998,11.470833333333333
2019-02-04,27.366666666666664,10.866666666666667,25.829166666666666,19.179166666666667,12.341666666666667
2019-02-05,38.85,25.304166666666664,39.6875,38.15416666666667,25.849999999999998
2019-02-06,54.89166666666667,30.22083333333333,47.737500000000004,52.30833333333334,37.925000000000004
2019-02-07,57.54583333333334,39.391666666666666,55.44166666666666,56.275,43.77916666666667
2019-02-08,56.96666666666667,40.729166666666664,58.1,57.63333333333333,45.637499999999996
2019-02-09,42.541666666666664,35.31666666666667,54.324999999999996,52.50416666666666,39.0375
2019-02-10,37.78333333333333,31.925,40.67916666666667,45.270833333333336,34.1
2019-02-11,16.008333333333333,6.9875,16.804166666666667,13.520833333333334,8.770833333333334
2019-02-12,14.65,8.575000000000001,18.66086956521739,10.420833333333333,8.862499999999999
2019-02-13,39.6875,15.1625,35.641666666666666,30.287499999999998,22.15416666666667
2019-02-14,46.11666666666667,23.925,45.25416666666666,45.074999999999996,29.537499999999998
2019-02-15,45.93333333333334,23.95,44.81666666666666,46.791666666666664,29.754166666666666
2019-02-16,33.05833333333333,22.920833333333334,41.44166666666667,37.34583333333333,30.008333333333336
2019-02-17,38.645833333333336,26.391666666666666,40.354166666666664,41.199999999999996,32.28333333333333
2019-02-18,50.770833333333336,29.818181818181817,55.770833333333336,52.387499999999996,42.458333333333336
2019-02-19,52.01363636363636,34.24166666666667,63.25,54.50416666666666,42.85
2019-02-20,53.5375,37.854166666666664,67.06666666666666,56.625,44.44166666666666
2019-02-21,49.48333333333333,37.57083333333333,58.43333333333334,50.8125,42.47083333333333
2019-02-22,21.491666666666664,9.941666666666666,22.516666666666666,23.425,15.454166666666666
2019-02-23,11.654166666666667,11.2125,15.9125,14.358333333333333,11.5875
2019-02-24,21.837500000000002,20.741666666666667,23.895833333333332,24.883333333333336,18.554166666666667
2019-02-25,44.40416666666667,31.854166666666668,46.30416666666667,40.012499999999996,36.395833333333336
2019-02-26,40.87083333333333,18.533333333333335,29.070833333333336,38.18333333333333,19.158333333333335
2019-02-27,31.683333333333334,26.179166666666664,38.325,34.645833333333336,27.066666666666666
2019-02-28,35.074999999999996,23.170833333333334,43.4375,42.0375,30.379166666666666
2019-03-01,32.729166666666664,14.741666666666667,28.96666666666667,26.170833333333334,18.558333333333334
2019-03-02,22.2625,12.225,19.895833333333332,22.929166666666664,16.4875
2019-03-03,22.395833333333332,21.795833333333334,29.108333333333334,27.816666666666666,19.537499999999998
2019-03-04,31.22083333333333,20.741666666666667,28.479166666666668,35.90416666666667,24.662499999999998
2019-03-05,17.708333333333332,10.758333333333333,21.55,17.066666666666666,11.508333333333333
2019-03-06,28.46666666666667,20.058333333333334,30.166666666666668,29.3625,22.641666666666666
2019-03-07,16.941666666666666,17.837500000000002,29.1375,21.166666666666668,15.887500000000001
2019-03-08,16.308333333333334,9.841666666666667,20.358333333333334,14.049999999999999,12.058333333333332
2019-03-09,13.079166666666666,11.845833333333333,16.729166666666668,15.475,9.799999999999999
2019-03-10,15.366666666666667,15.079166666666666,18.416666666666668,19.916666666666668,13.5625
2019-03-11,18.595833333333335,8.683333333333334,11.891666666666666,13.504166666666668,8.633333333333333
2019-03-12,20.087500000000002,10.833333333333334,15.741666666666667,14.291666666666666,10.200000000000001
2019-03-13,17.595833333333335,13.660869565217391,17.454166666666666,16.5625,14.183333333333332
2019-03-14,22.770833333333332,15.754166666666668,26.866666666666664,22.34583333333333,15.841666666666667
2019-03-15,25.179166666666664,12.112499999999999,26.479166666666668,23.945833333333336,15.591666666666667
2019-03-16,19.849999999999998,13.141666666666666,23.870833333333334,22.995833333333334,16.833333333333332
2019-03-17,19.545833333333334,15.354166666666666,20.129166666666666,25.0,17.325
2019-03-18,16.545833333333334,10.058333333333334,16.575,12.5875,9.079166666666667
2019-03-19,24.8125,18.816666666666666,24.900000000000002,24.483333333333334,17.45
2019-03-20,24.212500000000002,15.845833333333333,27.920833333333334,22.28333333333333,18.6875
2019-03-21,31.912499999999998,23.21666666666667,30.09583333333333,36.766666666666666,25.170833333333334
2019-03-22,37.6625,26.445833333333336,36.604166666666664,41.675000000000004,31.116666666666664
2019-03-23,25.254166666666666,27.05,29.954166666666666,32.9125,24.366666666666664
2019-03-24,23.1875,19.695833333333333,25.929166666666664,27.320833333333336,21.379166666666666
2019-03-25,32.90833333333333,27.3875,31.320833333333336,31.504166666666666,29.183333333333334
2019-03-26,17.05,5.95,14.233333333333334,10.8375,7.345833333333334
2019-03-27,25.337500000000002,17.691666666666666,24.875,25.80416666666667,17.695454545454545
2019-03-28,22.9375,22.108333333333334,27.020833333333332,25.316666666666666,22.879166666666666
2019-03-29,20.212500000000002,16.216666666666665,25.02,22.3625,17.933333333333334
2019-03-30,24.083333333333332,22.570833333333336,29.9875,27.45,24.833333333333332
2019-03-31,23.366666666666664,19.158333333333335,25.349999999999998,28.370833333333334,22.858333333333334
2019-04-01,35.35,28.745833333333334,34.15238095238095,38.8125,32.583333333333336
2019-04-02,42.479166666666664,34.86666666666667,43.19166666666666,39.525,44.30416666666667
2019-04-03,40.1875,36.5125,44.06666666666666,44.550000000000004,41.00833333333333
2019-04-04,28.233333333333334,23.670833333333334,30.77916666666667,29.970833333333335,25.708333333333332
2019-04-05,23.0625,17.954166666666666,22.8625,23.5125,20.712500000000002
2019-04-06,11.887500000000001,9.887500000000001,14.145833333333334,11.708333333333334,10.929166666666667
2019-04-07,17.041666666666668,13.479166666666666,19.554166666666667,18.920833333333334,14.970833333333333
2019-04-08,26.020833333333332,14.674999999999999,30.037499999999998,25.858333333333334,19.133333333333333
2019-04-09,27.070833333333336,19.233333333333334,31.354166666666668,23.495454545454546,22.6125
2019-04-10,24.729166666666668,18.55,25.679166666666664,25.133333333333336,23.27916666666667
2019-04-11,18.791666666666668,18.854166666666668,21.45,21.65833333333333,19.037499999999998
2019-04-12,23.516666666666666,19.904166666666665,28.254166666666666,21.525000000000002,23.349999999999998
2019-04-13,23.34583333333333,24.258333333333336,29.020833333333332,23.65416666666667,25.0625
2019-04-14,18.904166666666665,21.995833333333334,22.325,22.5625,20.795833333333334
2019-04-15,23.895833333333332,17.620833333333334,28.116666666666664,24.004166666666666,22.120833333333334
2019-04-16,31.05,26.495833333333334,33.0375,31.5625,30.079166666666666
2019-04-17,38.4125,23.429166666666664,30.5,31.004166666666666,33.358333333333334
2019-04-18,24.849999999999998,19.3625,25.162499999999998,23.820833333333336,22.34166666666667
2019-04-19,20.758333333333333,17.158333333333335,21.212500000000002,22.09583333333333,19.441666666666666
2019-04-20,20.766666666666666,22.366666666666664,23.7625,19.641666666666666,22.629166666666666
2019-04-21,34.62916666666667,31.058333333333334,35.829166666666666,38.7875,34.50416666666667
2019-04-22,21.420833333333334,20.070833333333333,23.995833333333334,20.9375,21.579166666666666
2019-04-23,26.900000000000002,25.370833333333334,28.7625,26.5,25.3
2019-04-24,36.3375,30.245833333333334,39.729166666666664,35.09166666666667,33.40833333333333
2019-04-25,35.612500000000004,30.516666666666666,35.88333333333333,29.125,30.162499999999998
2019-04-26,49.63333333333333,38.6625,49.112500000000004,47.56666666666666,43.67916666666667
2019-04-27,9.670833333333333,6.716666666666666,10.504166666666666,8.983333333333333,8.695833333333333
2019-04-28,6.695833333333333,7.208333333333333,8.825,8.345833333333333,7.966666666666666
2019-04-29,10.691666666666668,10.020833333333334,13.3375,11.991666666666667,8.845833333333333
2019-04-30,13.904166666666667,10.147619047619047,12.641666666666666,10.379166666666666,8.5625
2019-05-01,14.795833333333334,11.970833333333333,15.641666666666666,14.954166666666666,14.079166666666666
2019-05-02,23.84166666666667,21.658333333333335,25.145833333333332,23.741666666666664,19.95
2019-05-03,14.829166666666666,9.9625,17.079166666666666,13.629166666666668,11.387500000000001
2019-05-04,6.7749999999999995,6.566666666666666,8.220833333333333,7.920833333333333,5.858333333333333
2019-05-05,5.304166666666666,2.7875,6.658333333333334,5.683333333333334,5.645833333333333
2019-05-06,13.354166666666666,9.533333333333333,12.049999999999999,11.424999999999999,11.104166666666666
2019-05-07,21.2375,14.358333333333334,19.025000000000002,19.683333333333334,18.925
2019-05-08,22.04090909090909,17.54,20.929166666666667,19.591666666666665,18.333333333333332
2019-05-09,12.804166666666667,10.863636363636363,14.791666666666666,12.283333333333333,9.925
2019-05-10,22.954166666666666,11.216666666666667,21.691666666666666,19.775000000000002,15.558333333333332
2019-05-11,13.983333333333334,11.841666666666667,16.645833333333332,15.487499999999999,12.154166666666667
2019-05-12,8.299999999999999,5.941666666666666,7.141666666666667,7.029166666666666,6.395833333333333
2019-05-13,15.4,12.4375,14.120833333333335,11.133333333333333,11.291666666666666
2019-05-14,14.266666666666666,10.5375,15.862499999999999,11.1625,11.799999999999999
2019-05-15,14.966666666666667,7.075,15.4125,11.4625,7.041666666666667
2019-05-16,14.362499999999999,8.433333333333334,16.742857142857144,11.554166666666667,10.75
2019-05-17,14.608333333333334,11.283333333333333,21.775000000000002,13.070833333333333,14.1
2019-05-18,18.3,18.370833333333334,25.045833333333334,21.1125,18.416666666666668
2019-05-19,20.5625,21.004166666666666,23.425,23.570833333333336,23.445833333333336
2019-05-20,19.654166666666665,13.470833333333333,21.329166666666666,15.408333333333333,15.870833333333332
2019-05-21,16.05,9.466666666666667,19.545833333333334,13.942857142857143,11.174999999999999
2019-05-22,15.1875,8.554166666666667,16.179166666666667,17.7375,13.6625
2019-05-23,17.158333333333335,9.945833333333333,14.820833333333333,14.9625,11.616666666666667
2019-05-24,17.716666666666665,13.495833333333332,20.212500000000002,18.666666666666668,15.570833333333333
2019-05-25,14.358333333333334,15.516666666666666,18.683333333333334,17.679166666666667,15.541666666666666
2019-05-26,14.012500000000001,18.045833333333334,15.070833333333333,15.299999999999999,13.545833333333334
2019-05-27,21.054166666666667,17.537499999999998,22.96666666666667,22.454166666666666,20.345833333333335
2019-05-28,9.85,9.7125,13.666666666666666,11.554166666666667,9.375
2019-05-29,4.152380952380953,4.0875,7.220833333333334,6.754166666666666,4.0874999999999995
2019-05-30,8.466666666666667,9.858333333333333,9.762500000000001,9.987499999999999,7.883333333333333
2019-05-31,16.008333333333333,14.204166666666666,20.229166666666668,17.125,14.700000000000001
2019-06-01,12.362499999999999,13.920833333333334,24.3,15.870833333333332,11.804166666666667
2019-06-02,14.429166666666667,13.245833333333332,17.925,16.375,13.112499999999999
2019-06-03,22.479166666666668,17.629166666666666,23.383333333333336,21.079166666666666,18.854166666666668
2019-06-04,23.162499999999998,16.704166666666666,23.933333333333334,27.433333333333334,16.8625
2019-06-05,24.40416666666667,19.341666666666665,25.287499999999998,27.72083333333333,19.854545454545455
2019-06-06,24.575,16.879166666666666,24.213043478260868,21.675,19.741666666666667
2019-06-07,23.258333333333336,19.425,24.775000000000002,21.208333333333332,18.966666666666665
2019-06-08,22.670833333333334,21.433333333333334,24.108333333333334,24.691666666666666,22.491666666666664
2019-06-09,14.887500000000001,17.3125,17.583333333333332,17.4875,15.379166666666668
2019-06-10,25.912499999999998,30.933333333333334,27.2625,27.2,27.383333333333336
2019-06-11,34.925000000000004,29.65833333333333,32.3375,31.14761904761905,32.233333333333334
2019-06-12,29.537499999999998,26.366666666666664,31.354166666666668,26.974999999999998,26.974999999999998
2019-06-13,37.170833333333334,43.31666666666666,37.27142857142857,36.82083333333333,34.645833333333336
2019-06-14,33.108333333333334,31.129166666666666,31.96666666666667,32.56666666666667,29.15416666666667
2019-06-15,32.266666666666666,32.229166666666664,33.3375,32.75416666666667,32.69166666666667
2019-06-16,26.34166666666667,24.669565217391302,26.025000000000002,26.320833333333336,24.316666666666666
2019-06-17,17.954166666666666,15.468421052631578,21.90833333333333,17.795833333333334,14.549999999999999
2019-06-18,20.866666666666667,19.936842105263157,23.458333333333332,19.474999999999998,19.925
2019-06-19,22.258333333333336,16.8625,21.65416666666667,20.391666666666666,17.254166666666666
2019-06-20,15.870833333333332,13.958333333333334,15.950000000000001,15.691666666666668,15.083333333333334
2019-06-21,13.691666666666668,11.2125,14.933333333333332,14.133333333333333,12.658333333333333
2019-06-22,11.445833333333333,11.795833333333334,13.841666666666667,12.758333333333333,11.308333333333332
2019-06-23,8.75,9.341666666666667,11.570833333333333,8.879166666666666,8.470833333333333
2019-06-24,18.5125,14.995833333333332,21.337500000000002,17.083333333333332,14.945833333333333
2019-06-25,26.5125,21.170833333333334,25.43,21.900000000000002,23.183333333333334
2019-06-26,27.304166666666664,25.608333333333334,28.445833333333336,27.400000000000002,26.09166666666667
2019-06-27,40.170833333333334,32.9125,35.85,37.612500000000004,34.68333333333333
2019-06-28,22.958333333333332,24.566666666666666,26.291666666666668,23.22083333333333,20.837500000000002
2019-06-29,18.25,23.34583333333333,20.2375,20.466666666666665,19.712500000000002
2019-06-30,19.254166666666666,22.258333333333336,20.058333333333334,19.845833333333335,20.870833333333334
2019-07-01,32.1,25.97083333333333,30.275000000000002,28.366666666666664,27.941666666666666
2019-07-02,22.683333333333334,17.579166666666666,22.65833333333333,21.833333333333332,20.066666666666666
2019-07-03,18.741666666666667,17.391666666666666,19.329166666666666,18.516666666666666,18.025000000000002
2019-07-04,19.591666666666665,19.141666666666666,20.941666666666666,19.3,17.270833333333332
2019-07-05,25.5125,22.358333333333334,27.2625,25.675,23.349999999999998
2019-07-06,21.733333333333334,22.316666666666666,23.754166666666666,23.120833333333334,21.075
2019-07-07,10.545833333333333,10.858333333333334,11.208333333333334,10.166666666666666,10.729166666666666
2019-07-08,15.570833333333333,12.120833333333332,15.4375,13.783333333333333,11.887500000000001
2019-07-09,17.104166666666668,13.104166666666666,20.3875,15.383333333333333,13.4
2019-07-10,19.395833333333332,18.004166666666666,18.375,18.1125,16.716666666666665
2019-07-11,16.358333333333334,21.920833333333334,18.820833333333333,16.804166666666667,14.908333333333333
2019-07-12,16.270833333333332,13.9125,15.820833333333333,14.558333333333332,13.754166666666668
2019-07-13,9.054166666666667,9.475,9.9125,9.291666666666666,8.220833333333333
2019-07-14,6.258333333333333,7.5249999999999995,8.541666666666666,7.983333333333333,6.883333333333333
2019-07-15,15.700000000000001,13.295833333333334,16.120833333333334,14.266666666666666,11.575000000000001
2019-07-16,22.483333333333334,10.842857142857143,19.875,23.5625,18.383333333333333
2019-07-17,23.75,,21.866666666666664,20.60833333333333,19.679166666666667
2019-07-18,15.220833333333333,,15.854166666666666,13.391666666666666,11.458333333333334
2019-07-19,20.45,17.78,18.691666666666666,17.333333333333332,17.858333333333334
2019-07-20,18.2,21.933333333333334,19.287499999999998,19.004166666666666,17.9875
2019-07-21,13.7875,17.108333333333334,15.995833333333332,15.008333333333333,14.1625
2019-07-22,18.1125,15.620833333333332,19.329166666666666,16.733333333333334,18.8875
2019-07-23,22.625,22.037499999999998,20.9875,21.270833333333332,19.220833333333335
2019-07-24,28.9,26.03333333333333,24.933333333333334,24.683333333333334,23.608333333333334
2019-07-25,31.685714285714283,28.083333333333332,27.854166666666668,29.079166666666666,28.479166666666668
2019-07-26,31.620833333333334,28.891666666666666,28.616666666666664,28.9375,27.520833333333332
2019-07-27,19.308333333333334,17.145833333333332,21.2375,19.45,19.391666666666666
2019-07-28,12.291666666666666,12.183333333333332,13.204166666666666,12.075000000000001,11.366666666666667
2019-07-29,18.016666666666666,13.325000000000001,18.854166666666668,15.941666666666668,16.033333333333335
2019-07-30,19.141666666666666,15.645833333333334,20.743478260869566,16.795833333333334,19.272727272727273
2019-07-31,17.075,15.820833333333333,19.541666666666668,20.354166666666668,14.995833333333335
2019-08-01,13.754166666666668,10.441666666666666,13.541666666666666,11.9125,10.783333333333333
2019-08-02,12.887500000000001,11.866666666666667,14.658333333333333,13.720833333333333,10.608333333333333
2019-08-03,8.445833333333333,10.266666666666667,10.75,9.208333333333334,8.129166666666666
2019-08-04,8.845833333333333,8.883333333333333,10.195833333333335,10.566666666666666,9.112499999999999
2019-08-05,20.416666666666668,16.420833333333334,16.608333333333334,17.925,15.1875
2019-08-06,23.27916666666667,18.408333333333335,20.345833333333335,21.849999999999998,19.875
2019-08-07,20.329166666666666,21.2,20.916666666666668,22.875,21.6125
2019-08-08,13.9,9.475,13.291666666666666,10.158333333333333,10.575000000000001
2019-08-09,13.820833333333333,16.266666666666666,16.179166666666667,14.154166666666667,12.704166666666666
2019-08-10,17.025000000000002,18.066666666666666,18.820833333333333,18.533333333333335,18.05
2019-08-11,8.891666666666667,10.933333333333332,11.762500000000001,10.583333333333334,10.4375
2019-08-12,22.037499999999998,17.400000000000002,19.454166666666666,19.854166666666668,19.7625
2019-08-13,15.004166666666668,9.762500000000001,15.174999999999999,11.0625,10.366666666666667
2019-08-14,11.841666666666667,8.908333333333333,9.65,9.1,8.229166666666666
2019-08-15,15.058333333333332,12.004166666666668,16.541666666666668,12.941666666666668,10.816666666666668
2019-08-16,11.362499999999999,12.283333333333333,14.533333333333333,12.262500000000001,9.391666666666667
2019-08-17,12.049999999999999,10.941666666666668,12.170833333333334,12.075000000000001,10.924999999999999
2019-08-18,13.258333333333333,13.924999999999999,13.6,12.658333333333333,13.720833333333333
2019-08-19,21.254166666666666,22.150000000000002,19.0625,16.752380952380953,21.029166666666665
2019-08-20,18.245833333333334,15.1,18.425,14.85,15.377272727272727
2019-08-21,16.779166666666665,10.270833333333334,11.745833333333332,12.495833333333332,8.137500000000001
2019-08-22,15.358333333333334,11.766666666666666,13.70909090909091,12.179166666666667,9.25
2019-08-23,21.104166666666668,22.820833333333336,23.9375,19.954166666666666,18.004166666666666
2019-08-24,18.3125,18.333333333333332,20.408333333333335,21.075,18.004166666666666
2019-08-25,14.912500000000001,14.362499999999999,15.983333333333334,14.691666666666668,14.770833333333334
2019-08-26,26.5,19.541666666666668,23.641666666666666,24.925,22.71666666666667
2019-08-27,27.133333333333336,21.629166666666666,25.733333333333334,25.008333333333336,25.183333333333334
2019-08-28,36.2125,32.62083333333333,40.775,35.275,34.1625
2019-08-29,40.78333333333334,31.375,37.766666666666666,39.325,38.733333333333334
2019-08-30,24.275000000000002,20.537499999999998,22.570833333333336,21.979166666666668,20.0
2019-08-31,24.133333333333336,25.462500000000002,25.90833333333333,25.541666666666668,24.09166666666667
2019-09-01,24.258333333333336,23.733333333333334,24.516666666666666,24.070833333333336,23.008333333333336
2019-09-02,17.204166666666666,10.3375,17.120833333333334,16.766666666666666,12.883333333333333
2019-09-03,16.400000000000002,11.041666666666666,13.85,12.4,10.354166666666666
2019-09-04,19.716666666666665,19.883333333333333,19.304166666666667,18.691666666666666,16.6875
2019-09-05,23.254166666666666,20.429166666666667,23.370833333333334,20.782608695652176,21.258333333333333
2019-09-06,14.745833333333332,11.652173913043478,13.9125,13.583333333333334,10.858333333333334
2019-09-07,11.458333333333334,10.5,12.637500000000001,10.725,10.141666666666667
2019-09-08,6.3625,8.495833333333334,10.420833333333333,7.6375,7.1000000000000005
2019-09-09,8.679166666666667,5.75,11.375,9.4625,5.783333333333334
2019-09-10,16.9875,11.491666666666667,18.5125,15.245833333333335,12.508333333333333
2019-09-11,20.308333333333334,12.166666666666666,19.008333333333333,16.995833333333334,17.220833333333335
2019-09-12,25.96666666666667,13.200000000000001,19.791666666666668,21.84166666666667,16.504166666666666
2019-09-13,19.070833333333333,13.262500000000001,20.608333333333334,18.2375,16.441666666666666
2019-09-14,14.866666666666667,13.787500000000001,16.183333333333334,14.991666666666667,13.512500000000001
2019-09-15,13.825000000000001,15.529166666666667,16.400000000000002,14.375,13.266666666666666
2019-09-16,26.6125,19.366666666666667,21.633333333333336,22.436363636363634,23.212500000000002
2019-09-17,21.52916666666667,19.291666666666668,21.4375,18.608333333333334,17.816666666666666
2019-09-18,22.770833333333332,18.0,17.770833333333332,16.654166666666665,16.39
2019-09-19,18.716666666666665,16.858333333333334,18.7375,16.375,17.775000000000002
2019-09-20,18.683333333333334,17.191666666666666,16.625,15.933333333333332,18.279166666666665
2019-09-21,18.9375,16.158333333333335,16.154166666666665,19.445833333333333,18.287499999999998
2019-09-22,16.2,16.279166666666665,17.070833333333333,17.175,15.954166666666666
2019-09-23,25.78333333333333,18.983333333333334,21.252380952380953,23.961904761904762,23.212500000000002
2019-09-24,16.391666666666666,13.879166666666668,19.708333333333332,14.679166666666667,14.408333333333333
2019-09-25,21.316666666666666,12.470833333333333,17.745833333333334,18.420833333333334,16.795833333333334
2019-09-26,18.270833333333332,9.4125,18.3875,12.545833333333334,12.183333333333332
2019-09-27,21.429166666666664,14.416666666666666,21.233333333333334,19.7375,17.208333333333332
2019-09-28,12.658333333333333,8.762500000000001,12.866666666666667,13.191666666666668,10.987499999999999
2019-09-29,10.275,10.395833333333334,11.954166666666666,9.679166666666667,10.433333333333334
2019-09-30,23.625,13.475,18.816666666666666,20.087500000000002,18.933333333333334
2019-10-01,20.7375,16.195833333333333,24.866666666666664,18.400000000000002,18.933333333333334
2019-10-02,20.791666666666668,12.858333333333334,17.883333333333333,19.4375,16.520833333333332
2019-10-03,13.858333333333334,7.0625,13.75,13.229166666666666,8.208333333333334
2019-10-04,16.820833333333333,11.409090909090908,18.083333333333332,18.2,14.570833333333333
2019-10-05,12.741666666666667,10.183333333333334,13.504166666666668,12.820833333333333,10.745833333333332
2019-10-06,7.395833333333333,7.825,9.470833333333333,6.929166666666667,4.845833333333333
2019-10-07,17.379166666666666,14.3375,19.6125,16.925,14.200000000000001
2019-10-08,21.96666666666667,17.7375,24.59166666666667,22.224999999999998,19.1375
2019-10-09,24.425,18.316666666666666,22.166666666666668,21.77916666666667,22.483333333333334
2019-10-10,13.890909090909092,11.320833333333333,17.0125,12.291666666666666,11.025
2019-10-11,18.016666666666666,15.820833333333333,21.425,18.1375,17.091666666666665
2019-10-12,15.387500000000001,14.775,19.458333333333332,16.620833333333334,14.041666666666666
2019-10-13,19.658333333333335,16.820833333333333,20.808333333333334,19.116666666666667,17.254166666666666
2019-10-14,31.270833333333332,24.916666666666668,33.483333333333334,30.3875,33.229166666666664
2019-10-15,27.40416666666667,24.258333333333336,29.987499999999997,24.679166666666664,26.008333333333336
2019-10-16,23.479166666666668,15.083333333333334,23.304166666666664,19.083333333333332,18.974999999999998
2019-10-17,25.275000000000002,19.779166666666665,25.016666666666666,22.070833333333336,21.462500000000002
2019-10-18,24.254166666666666,23.337500000000002,26.037499999999998,24.3,23.295833333333334
2019-10-19,17.8625,16.033333333333335,20.2625,19.620833333333334,15.891666666666666
2019-10-20,13.0625,15.725,16.066666666666666,14.795833333333334,12.720833333333333
2019-10-21,37.90833333333333,24.966666666666665,35.99583333333333,30.787499999999998,32.916666666666664
2019-10-22,37.37083333333333,29.533333333333335,38.979166666666664,35.65,49.1
2019-10-23,36.5375,29.212500000000002,40.141666666666666,35.958333333333336,38.329166666666666
2019-10-24,34.75833333333333,25.712500000000002,40.74583333333333,35.87083333333333,37.40909090909091
2019-10-25,38.545833333333334,30.28333333333333,39.354166666666664,39.50833333333333,31.90833333333333
2019-10-26,24.204166666666666,24.766666666666666,27.616666666666664,27.8,24.40416666666667
2019-10-27,26.454166666666666,23.075,26.308333333333334,29.133333333333336,25.979166666666668
2019-10-28,34.583333333333336,22.0125,30.412499999999998,36.0875,28.8
2019-10-29,10.733333333333334,10.854166666666666,12.808333333333332,10.5,9.666666666666666
2019-10-30,16.279166666666665,9.504166666666666,17.5,13.304545454545455,13.333333333333334
2019-10-31,24.962500000000002,13.0375,26.474999999999998,18.058333333333334,18.224999999999998
2019-11-01,22.087500000000002,19.6375,23.55,19.429166666666667,20.837500000000002
2019-11-02,29.65833333333333,22.9875,30.8,34.574999999999996,26.804166666666664
2019-11-03,15.133333333333333,13.025,15.333333333333334,17.904166666666665,13.875
2019-11-04,22.733333333333334,11.641666666666666,21.55,15.674999999999999,13.745833333333332
2019-11-05,12.191666666666668,9.495833333333334,11.275,12.424999999999999,11.166666666666666
2019-11-06,14.845833333333333,8.804166666666665,13.020833333333334,12.245833333333332,9.85
2019-11-07,22.22083333333333,8.75,23.24166666666667,17.079166666666666,15.745833333333332
2019-11-08,24.55,14.424999999999999,25.412499999999998,20.145833333333332,18.920833333333334
2019-11-09,19.195833333333333,14.245833333333332,19.474999999999998,19.870833333333334,16.154166666666665
2019-11-10,9.416666666666666,9.004166666666666,13.7875,11.079166666666666,9.483333333333333
2019-11-11,24.96666666666667,18.758333333333333,27.28333333333333,21.816666666666666,21.241666666666667
2019-11-12,14.879166666666668,14.75,14.2125,16.666666666666668,14.887500000000001
2019-11-13,7.783333333333334,5.483333333333333,7.004166666666666,8.579166666666667,6.029166666666666
2019-11-14,26.34583333333333,15.825000000000001,23.058333333333334,20.691666666666666,18.25
2019-11-15,31.037499999999998,23.474999999999998,31.09583333333333,28.583333333333332,27.96666666666667
2019-11-16,22.370833333333334,17.029166666666665,25.849999999999998,25.6375,21.095833333333335
2019-11-17,22.8,20.670833333333334,21.754166666666666,24.5125,22.116666666666664
2019-11-18,20.154166666666665,13.6625,25.016666666666666,22.904347826086955,16.6125
2019-11-19,36.36666666666667,29.483333333333334,39.862500000000004,32.800000000000004,30.900000000000002
2019-11-20,25.525000000000002,20.254166666666666,22.066666666666666,26.125,22.570833333333336
2019-11-21,22.037499999999998,14.620833333333332,27.416666666666668,22.087500000000002,17.729166666666668
2019-11-22,28.375,20.408333333333335,34.800000000000004,26.454166666666666,25.508333333333336
2019-11-23,28.3875,23.183333333333334,29.454166666666666,24.704166666666666,26.195833333333336
2019-11-24,23.870833333333334,23.90416666666667,26.5625,24.212500000000002,24.34583333333333
2019-11-25,18.366666666666667,11.204166666666666,21.220833333333335,16.6125,15.804166666666667
2019-11-26,24.162499999999998,16.029166666666665,31.287499999999998,17.041666666666668,17.291666666666668
2019-11-27,31.40416666666667,18.429166666666667,30.787499999999998,23.679166666666664,25.25
2019-11-28,20.466666666666665,14.933333333333332,18.870833333333334,23.579166666666666,18.787499999999998
2019-11-29,33.49583333333333,16.474999999999998,33.045833333333334,31.866666666666664,26.666666666666668
2019-11-30,14.920833333333334,11.391666666666666,17.141666666666666,14.045833333333334,12.916666666666666
2019-12-01,18.529166666666665,16.866666666666667,20.054166666666667,19.745833333333334,19.704166666666666
2019-12-02,24.34166666666667,17.708333333333332,21.537499999999998,21.729166666666668,20.920833333333334
2019-12-03,56.4125,31.629166666666666,48.84583333333333,52.050000000000004,43.52916666666667
2019-12-04,53.833333333333336,29.441666666666666,45.57916666666667,45.520833333333336,35.43333333333333
2019-12-05,45.604166666666664,36.954166666666666,40.920833333333334,33.954166666666666,37.03333333333333
2019-12-06,48.69166666666666,41.80416666666667,45.708333333333336,40.84166666666667,40.612500000000004
2019-12-07,36.30416666666667,31.337500000000002,38.19583333333333,37.88333333333333,34.44583333333333
2019-12-08,44.61666666666667,25.275000000000002,37.80833333333333,45.25833333333333,35.90833333333333
2019-12-09,56.15416666666667,25.808333333333334,42.041666666666664,54.11666666666667,40.208333333333336
2019-12-10,29.90833333333333,14.7125,30.775000000000002,26.770833333333332,23.954166666666666
2019-12-11,42.645833333333336,25.724999999999998,45.770833333333336,43.725,32.887499999999996
2019-12-12,53.07083333333333,29.420833333333334,50.17916666666667,50.69583333333333,43.541666666666664
2019-12-13,29.504166666666666,28.175,29.704166666666666,29.59166666666667,29.71666666666667
2019-12-14,26.270833333333332,20.625,23.233333333333334,28.691666666666666,22.883333333333336
2019-12-15,32.574999999999996,20.141666666666666,22.420833333333334,37.7125,29.020833333333332
2019-12-16,34.50952380952381,20.6375,25.84583333333333,48.19166666666666,29.804166666666664
2019-12-17,22.0125,15.554166666666667,27.183333333333334,26.366666666666664,16.729166666666668
2019-12-18,39.92916666666667,23.333333333333332,41.791666666666664,32.675000000000004,28.22083333333333
2019-12-19,31.566666666666666,26.70909090909091,27.3,33.50833333333333,30.45
2019-12-20,38.104166666666664,30.016666666666666,33.375,34.0875,29.516666666666666
2019-12-21,11.2875,10.370833333333334,10.279166666666667,11.575000000000001,8.695833333333333
2019-12-22,12.3125,10.883333333333333,12.625,14.645833333333334,10.570833333333333
2019-12-23,12.270833333333334,7.829166666666667,17.275000000000002,11.8125,11.137500000000001
2019-12-24,13.770833333333334,8.195833333333333,22.9875,10.987499999999999,9.262500000000001
2019-12-25,14.487499999999999,10.841666666666667,17.704166666666666,17.3875,10.558333333333334
2019-12-26,13.854166666666666,12.183333333333332,17.025000000000002,12.487499999999999,10.366666666666667
2019-12-27,18.408333333333335,14.454166666666666,19.224999999999998,25.508333333333336,16.229166666666668
2019-12-28,11.9,8.991666666666667,15.683333333333332,13.229166666666666,13.241666666666667
2019-12-29,19.391666666666666,14.666666666666666,17.3625,22.545833333333334,16.020833333333332
2019-12-30,39.3375,31.066666666666666,36.104166666666664,39.579166666666666,32.479166666666664
2019-12-31,55.550000000000004,45.06666666666666,52.69583333333333,56.67916666666667,51.44166666666666
2020-01-01,57.574999999999996,57.612500000000004,47.3375,76.59166666666667,71.575
2020-01-02,52.37083333333334,31.712500000000002,46.82083333333333,56.64166666666667,46.63333333333333
2020-01-03,51.0625,33.487500000000004,36.854166666666664,57.458333333333336,37.87083333333333
2020-01-04,43.0375,29.391666666666666,36.50833333333333,52.2875,39.00416666666667
2020-01-05,16.054166666666667,7.3625,16.391666666666666,13.620833333333335,12.325000000000001
2020-01-06,28.991666666666664,20.25,30.554166666666664,31.733333333333334,25.129166666666666
2020-01-07,53.9,36.19583333333333,53.512499999999996,58.19583333333333,44.45454545454545
2020-01-08,46.2695652173913,35.18333333333333,46.52916666666667,58.229166666666664,43.82916666666667
2020-01-09,67.96249999999999,48.12083333333334,73.75833333333334,64.4375,57.53333333333333
2020-01-10,52.40416666666667,42.30833333333333,51.104166666666664,63.958333333333336,44.2875
2020-01-11,42.15416666666667,26.558333333333334,41.375,51.21666666666667,33.5
2020-01-12,29.212500000000002,22.912499999999998,28.695833333333336,35.24583333333333,27.05
2020-01-13,59.8125,35.96666666666667,60.58095238095238,58.845454545454544,43.67916666666667
2020-01-14,48.01666666666667,48.72083333333333,49.59583333333333,46.85,46.24583333333334
2020-01-15,45.67083333333333,50.208333333333336,49.8125,44.81666666666666,46.5875
2020-01-16,74.01666666666667,65.325,87.54166666666667,67.52083333333333,69.00833333333334
2020-01-17,38.170833333333334,40.1875,38.699999999999996,38.25416666666667,38.8375
2020-01-18,32.887499999999996,37.69583333333333,32.92916666666667,32.4375,33.96666666666667
2020-01-19,34.025,25.90833333333333,36.6,27.53333333333333,29.708333333333332
2020-01-20,33.675000000000004,23.179166666666664,35.233333333333334,33.75833333333333,25.308333333333334
2020-01-21,44.21666666666667,33.28333333333333,43.00833333333333,44.387499999999996,36.324999999999996
2020-01-22,44.86666666666667,35.520833333333336,33.020833333333336,46.32916666666667,37.545833333333334
2020-01-23,48.51666666666667,40.05833333333333,49.86666666666667,46.89166666666667,42.204166666666666
2020-01-24,39.020833333333336,39.483333333333334,36.829166666666666,39.40833333333333,38.791666666666664
2020-01-25,50.449999999999996,53.86666666666667,49.86666666666667,46.604166666666664,51.525
2020-01-26,39.25833333333333,45.1,41.38333333333333,39.52916666666667,42.65
2020-01-27,50.387499999999996,52.69583333333333,45.30833333333334,44.56666666666666,46.583333333333336
2020-01-28,38.34583333333333,28.087500000000002,36.87083333333333,32.6625,31.895833333333332
2020-01-29,30.15833333333333,18.141666666666666,43.4625,31.474999999999998,24.304166666666664
2020-01-30,40.895833333333336,20.445833333333333,65.02083333333333,34.516666666666666,25.6125
2020-01-31,77.15,33.583333333333336,110.89583333333333,76.2625,57.54583333333333
2020-02-01,37.1625,23.662499999999998,39.9625,41.641666666666666,26.066666666666666
2020-02-02,27.791666666666668,16.791666666666668,31.474999999999998,26.504166666666666,20.833333333333332
2020-02-03,34.24166666666667,13.133333333333333,29.379166666666666,31.84166666666667,20.73333333333333
2020-02-04,18.370833333333334,9.604166666666666,21.354166666666668,12.533333333333333,12.208333333333334
2020-02-05,14.541666666666666,5.754166666666666,11.195833333333333,9.266666666666667,8.620833333333334
2020-02-06,19.854166666666668,13.100000000000001,25.879166666666666,21.224999999999998,12.033333333333333
2020-02-07,36.32083333333333,26.366666666666664,42.9,42.62083333333333,30.545833333333334
2020-02-08,30.15416666666667,23.59166666666667,33.125,33.71666666666667,27.825
2020-02-09,38.46666666666667,29.27916666666667,38.49583333333333,39.645833333333336,33.6875
2020-02-10,22.795833333333334,17.349999999999998,33.94285714285714,28.579166666666666,17.720833333333335
2020-02-11,25.90416666666667,10.316666666666666,19.099999999999998,16.125,12.120833333333332
2020-02-12,29.666666666666668,12.295833333333334,31.1875,28.608333333333334,14.791666666666666
2020-02-13,39.479166666666664,24.070833333333336,33.59583333333334,37.666666666666664,28.041666666666668
2020-02-14,32.72083333333333,19.183333333333334,32.93333333333333,30.987499999999997,25.920833333333334
2020-02-15,21.891666666666666,16.05,23.554166666666664,26.629166666666666,19.379166666666666
2020-02-16,24.745833333333334,19.495833333333334,27.054166666666664,27.849999999999998,23.400000000000002
2020-02-17,47.4625,28.430434782608696,39.3,43.87916666666666,35.0625
2020-02-18,38.22083333333333,19.075,36.65833333333333,32.416666666666664,27.754166666666666
2020-02-19,21.95,15.741666666666667,20.254166666666666,18.145833333333332,16.9875
2020-02-20,30.104166666666668,15.733333333333334,29.625,24.099999999999998,18.875
2020-02-21,28.258333333333336,12.608333333333334,20.533333333333335,22.729166666666668,16.233333333333334
2020-02-22,21.083333333333332,17.675,21.154166666666665,24.15833333333333,19.6375
2020-02-23,28.925,18.654166666666665,23.995833333333334,35.86666666666667,21.8875
2020-02-24,25.650000000000002,12.204347826086956,21.633333333333336,22.712500000000002,14.904166666666667
2020-02-25,27.129166666666666,19.395833333333332,26.458333333333332,28.97083333333333,21.90833333333333
2020-02-26,17.133333333333333,12.491666666666667,17.654166666666665,16.158333333333335,12.35
2020-02-27,23.90909090909091,16.254166666666666,19.8875,16.558333333333334,16.195833333333333
2020-02-28,13.299999999999999,7.879166666666666,13.125,11.299999999999999,6.7250000000000005
2020-02-29,18.0875,16.0125,17.466666666666665,17.533333333333335,16.391666666666666
2020-03-01,12.541666666666666,13.875,12.870833333333332,11.854166666666666,12.020833333333334
2020-03-02,23.395833333333332,10.904761904761905,16.779166666666665,17.224999999999998,11.637500000000001
2020-03-03,15.700000000000001,8.570833333333333,14.5875,13.887500000000001,10.174999999999999
2020-03-04,19.599999999999998,8.700000000000001,16.099999999999998,13.012500000000001,12.558333333333332
2020-03-05,33.579166666666666,16.466666666666665,20.229166666666668,23.78333333333333,18.816666666666666
2020-03-06,15.766666666666666,12.820833333333333,13.966666666666667,13.845833333333333,11.75
2020-03-07,18.5,11.0875,18.8625,19.695833333333333,15.566666666666668
2020-03-08,17.908333333333335,13.591666666666667,17.525000000000002,18.1125,16.695833333333333
2020-03-09,40.833333333333336,21.045833333333334,31.962500000000002,35.55416666666667,27.079166666666666
2020-03-10,27.645833333333332,14.85,26.2,26.754166666666666,18.466666666666665
2020-03-11,36.0625,17.370833333333334,22.608333333333334,32.475,28.004166666666666
2020-03-12,50.11666666666667,18.212500000000002,32.97083333333333,32.625,26.78333333333333
2020-03-13,22.754166666666666,12.970833333333333,20.229166666666668,19.420833333333334,16.870833333333334
2020-03-14,19.679166666666667,12.783333333333333,18.5,16.708333333333332,15.354166666666666
2020-03-15,14.533333333333333,14.033333333333333,14.720833333333333,15.637500000000001,12.258333333333333
