,DayOfWeek,Ost_8010_208,DonBosco_8020_110,DonBosco_8020_119,DonBosco_8020_122,DonBosco_8053_111,Nord_8010_205,Ost_8010_209,Ost_8010_213,Ost_8010_214,Nord_8020_102,West_8020_103,Sud_8020_107,Sud_8041_218,Ost_8041_221,Nord_8045_203,Nord_8051_101
2018-01-01,Praznik,663.0,534.0,624.0,668.0,467.0,352.0,344.0,364.0,341.0,622.0,816.0,384.0,175.0,459.0,376.0,543.0
2018-01-02,Radni_dan,927.0,924.0,772.0,1191.0,904.0,673.0,563.0,544.0,702.0,1181.0,1390.0,889.0,451.0,1070.0,755.0,1128.0
2018-01-03,Radni_dan,962.0,922.0,772.0,1206.0,883.0,699.0,587.0,553.0,711.0,1149.0,1358.0,885.0,453.0,1104.0,767.0,1099.0
2018-01-04,Radni_dan,978.0,941.0,801.0,1233.0,900.0,720.0,606.0,565.0,726.0,1176.0,1404.0,904.0,458.0,1126.0,776.0,1131.0
2018-01-05,Radni_dan,1027.0,986.0,852.0,1278.0,946.0,743.0,613.0,604.0,762.0,1278.0,1468.0,956.0,475.0,1175.0,838.0,1238.0
2018-01-06,Praznik,780.0,680.0,629.0,795.0,650.0,450.0,412.0,402.0,413.0,831.0,1088.0,575.0,250.0,599.0,523.0,758.0
2018-01-07,Vikend,821.0,638.0,589.0,800.0,605.0,463.0,426.0,394.0,416.0,833.0,1071.0,565.0,241.0,607.0,528.0,739.0
2018-01-08,Radni_dan,1229.0,1058.0,908.0,1435.0,1004.0,910.0,709.0,689.0,826.0,1422.0,1609.0,1046.0,527.0,1370.0,967.0,1360.0
2018-01-09,Radni_dan,1297.0,1084.0,917.0,1433.0,1035.0,932.0,735.0,712.0,833.0,1442.0,1657.0,1030.0,517.0,1389.0,941.0,1378.0
2018-01-10,Radni_dan,1285.0,1095.0,913.0,1434.0,1028.0,945.0,740.0,722.0,844.0,1671.0,1665.0,1048.0,527.0,1428.0,974.0,1405.0
2018-01-11,Radni_dan,1309.0,1098.0,934.0,1444.0,1023.0,955.0,761.0,721.0,855.0,1442.0,1636.0,1054.0,521.0,1424.0,988.0,1392.0
2018-01-12,Radni_dan,1348.0,1157.0,993.0,1521.0,1080.0,971.0,753.0,749.0,906.0,1544.0,1736.0,1114.0,564.0,1517.0,1052.0,1495.0
2018-01-13,Vikend,986.0,919.0,835.0,1094.0,863.0,634.0,512.0,564.0,589.0,1154.0,1318.0,820.0,408.0,884.0,703.0,1037.0
2018-01-14,Vikend,824.0,683.0,631.0,840.0,652.0,451.0,428.0,405.0,421.0,875.0,1131.0,554.0,256.0,595.0,470.0,736.0
2018-01-15,Radni_dan,1283.0,1063.0,898.0,1418.0,1000.0,918.0,728.0,689.0,845.0,1413.0,1613.0,1051.0,508.0,1404.0,960.0,1343.0
2018-01-16,Radni_dan,1313.0,1095.0,908.0,1443.0,1033.0,935.0,728.0,715.0,871.0,1455.0,1655.0,1058.0,518.0,1430.0,985.0,1400.0
2018-01-17,Radni_dan,1331.0,1075.0,912.0,1439.0,1009.0,949.0,726.0,716.0,889.0,1426.0,1648.0,1049.0,529.0,1477.0,1000.0,1375.0
2018-01-18,Radni_dan,1311.0,1110.0,928.0,1501.0,1043.0,937.0,735.0,732.0,931.0,1493.0,1697.0,1071.0,545.0,1549.0,991.0,1435.0
2018-01-19,Radni_dan,1371.0,1169.0,983.0,1554.0,1085.0,957.0,742.0,761.0,943.0,1570.0,1757.0,1125.0,567.0,1598.0,1044.0,1508.0
2018-01-20,Vikend,1004.0,908.0,808.0,1191.0,861.0,618.0,502.0,567.0,658.0,1176.0,1371.0,829.0,438.0,1052.0,720.0,1087.0
2018-01-21,Vikend,859.0,716.0,644.0,949.0,670.0,469.0,433.0,437.0,552.0,933.0,1195.0,591.0,272.0,850.0,525.0,819.0
2018-01-22,Radni_dan,1266.0,1056.0,903.0,1427.0,1017.0,917.0,694.0,707.0,856.0,1426.0,1609.0,1045.0,528.0,1432.0,959.0,1355.0
2018-01-23,Radni_dan,1271.0,1069.0,905.0,1416.0,1006.0,913.0,695.0,700.0,862.0,1389.0,1606.0,1042.0,519.0,1407.0,963.0,1333.0
2018-01-24,Radni_dan,1301.0,1091.0,915.0,1405.0,1012.0,944.0,710.0,723.0,870.0,1427.0,1639.0,1049.0,520.0,1434.0,1003.0,1405.0
2018-01-25,Radni_dan,1320.0,1085.0,927.0,1416.0,1026.0,928.0,719.0,738.0,868.0,1427.0,1634.0,1047.0,516.0,1440.0,994.0,1385.0
2018-01-26,Radni_dan,1352.0,1144.0,967.0,1514.0,1089.0,959.0,733.0,757.0,886.0,1530.0,1735.0,1102.0,565.0,1497.0,1040.0,1467.0
2018-01-27,Vikend,998.0,906.0,819.0,1122.0,855.0,629.0,509.0,587.0,619.0,1157.0,1338.0,818.0,407.0,924.0,727.0,1063.0
2018-01-28,Vikend,875.0,685.0,639.0,859.0,638.0,477.0,430.0,427.0,452.0,900.0,1137.0,569.0,250.0,657.0,541.0,800.0
2018-01-29,Radni_dan,1265.0,1081.0,900.0,1415.0,1016.0,917.0,699.0,696.0,828.0,1450.0,1612.0,1069.0,522.0,1399.0,988.0,1405.0
2018-01-30,Radni_dan,1300.0,1073.0,912.0,1426.0,1005.0,946.0,709.0,709.0,841.0,1447.0,1624.0,1067.0,524.0,1407.0,979.0,1376.0
2018-01-31,Radni_dan,1323.0,1090.0,921.0,1438.0,1028.0,941.0,719.0,721.0,868.0,1446.0,1658.0,1068.0,537.0,1440.0,993.0,1398.0
2018-02-01,Radni_dan,1341.0,1107.0,953.0,1485.0,1036.0,950.0,723.0,742.0,871.0,1488.0,1694.0,1100.0,552.0,1399.0,1012.0,1422.0
2018-02-02,Radni_dan,1386.0,1127.0,985.0,1535.0,1045.0,960.0,713.0,759.0,903.0,1542.0,1733.0,1095.0,564.0,1459.0,1019.0,1461.0
2018-02-03,Vikend,1004.0,899.0,850.0,1130.0,839.0,636.0,505.0,583.0,593.0,1150.0,1334.0,825.0,419.0,851.0,715.0,1043.0
2018-02-04,Vikend,869.0,725.0,655.0,860.0,688.0,491.0,438.0,432.0,436.0,927.0,1181.0,609.0,270.0,613.0,543.0,826.0
2018-02-05,Radni_dan,1273.0,1081.0,931.0,1452.0,1016.0,947.0,701.0,707.0,841.0,1439.0,1650.0,1078.0,534.0,1380.0,980.0,1387.0
2018-02-06,Radni_dan,1303.0,1096.0,926.0,1459.0,1025.0,951.0,718.0,726.0,860.0,1459.0,1665.0,1075.0,539.0,1425.0,982.0,1396.0
2018-02-07,Radni_dan,1168.0,950.0,822.0,1315.0,920.0,826.0,608.0,634.0,748.0,1247.0,1457.0,952.0,461.0,1215.0,852.0,1179.0
2018-02-08,Radni_dan,1341.0,1118.0,946.0,1519.0,1033.0,949.0,438.0,757.0,879.0,1474.0,1694.0,1116.0,533.0,1467.0,1000.0,1428.0
2018-02-09,Radni_dan,1361.0,1144.0,996.0,1599.0,1055.0,966.0,733.0,774.0,962.0,1548.0,1755.0,1143.0,570.0,1540.0,1026.0,1482.0
2018-02-10,Vikend,1002.0,903.0,845.0,1295.0,836.0,621.0,505.0,588.0,712.0,1169.0,1372.0,841.0,435.0,994.0,721.0,1054.0
2018-02-11,Vikend,857.0,696.0,659.0,869.0,660.0,496.0,437.0,422.0,440.0,907.0,1168.0,636.0,267.0,628.0,540.0,804.0
2018-02-12,Radni_dan,1202.0,973.0,883.0,1390.0,911.0,857.0,649.0,681.0,781.0,1361.0,1527.0,1003.0,496.0,1245.0,892.0,1269.0
2018-02-13,Radni_dan,1149.0,1016.0,869.0,1397.0,941.0,869.0,635.0,642.0,788.0,1321.0,1543.0,992.0,513.0,1259.0,854.0,1235.0
2018-02-14,Radni_dan,1363.0,1116.0,973.0,1479.0,1038.0,953.0,732.0,762.0,865.0,1470.0,1672.0,1096.0,549.0,1433.0,1002.0,1416.0
2018-02-15,Radni_dan,1348.0,1137.0,954.0,1503.0,1067.0,967.0,733.0,745.0,899.0,1522.0,1713.0,1086.0,536.0,1476.0,1028.0,1450.0
2018-02-16,Radni_dan,1327.0,1158.0,989.0,1506.0,1075.0,953.0,729.0,752.0,905.0,1557.0,1761.0,1124.0,552.0,1480.0,1030.0,1498.0
2018-02-17,Vikend,895.0,863.0,796.0,1115.0,814.0,572.0,463.0,520.0,613.0,1138.0,1312.0,828.0,396.0,871.0,645.0,1030.0
2018-02-18,Vikend,748.0,637.0,583.0,844.0,602.0,428.0,390.0,377.0,447.0,852.0,1092.0,572.0,239.0,613.0,466.0,736.0
2018-02-19,Radni_dan,1085.0,1016.0,834.0,1366.0,987.0,797.0,630.0,617.0,808.0,1330.0,1574.0,1031.0,494.0,1274.0,867.0,1272.0
2018-02-20,Radni_dan,1023.0,936.0,807.0,1312.0,913.0,735.0,590.0,592.0,751.0,1248.0,1449.0,930.0,452.0,1162.0,743.0,1122.0
2018-02-21,Radni_dan,1132.0,1050.0,844.0,1365.0,1024.0,802.0,640.0,609.0,805.0,,1632.0,1014.0,488.0,1275.0,842.0,730.0
2018-02-22,Radni_dan,1042.0,934.0,792.0,1314.0,915.0,734.0,590.0,582.0,745.0,,1495.0,925.0,434.0,1148.0,752.0,640.0
2018-02-23,Radni_dan,1082.0,988.0,838.0,1370.0,966.0,751.0,610.0,621.0,780.0,,1540.0,989.0,457.0,1195.0,803.0,1026.0
2018-02-24,Vikend,868.0,854.0,778.0,1120.0,815.0,563.0,460.0,514.0,604.0,640.0,1292.0,794.0,378.0,851.0,665.0,1059.0
2018-02-25,Vikend,825.0,675.0,642.0,906.0,631.0,477.0,420.0,425.0,483.0,594.0,1147.0,595.0,267.0,702.0,515.0,792.0
2018-02-26,Radni_dan,1232.0,1058.0,901.0,1451.0,998.0,939.0,699.0,705.0,850.0,1748.0,1612.0,1065.0,507.0,1365.0,956.0,1384.0
2018-02-27,Radni_dan,1271.0,1057.0,918.0,1476.0,992.0,721.0,704.0,722.0,845.0,1429.0,1611.0,1031.0,511.0,1367.0,950.0,1365.0
2018-02-28,Radni_dan,1334.0,1116.0,938.0,1533.0,1023.0,955.0,684.0,762.0,916.0,1548.0,1710.0,1123.0,552.0,1485.0,1031.0,1539.0
2018-03-01,Radni_dan,1337.0,1134.0,973.0,1533.0,1046.0,951.0,720.0,765.0,893.0,1489.0,1713.0,1104.0,544.0,1438.0,1011.0,1428.0
2018-03-02,Radni_dan,1378.0,1160.0,1012.0,1574.0,1077.0,736.0,754.0,797.0,910.0,1591.0,1773.0,1152.0,581.0,1493.0,1046.0,1519.0
2018-03-03,Vikend,1027.0,919.0,857.0,1233.0,881.0,642.0,519.0,593.0,667.0,1232.0,1426.0,854.0,438.0,979.0,747.0,1130.0
2018-03-04,Vikend,876.0,712.0,659.0,948.0,677.0,495.0,459.0,449.0,526.0,983.0,1228.0,622.0,276.0,754.0,567.0,875.0
2018-03-05,Radni_dan,1326.0,1089.0,932.0,1480.0,1024.0,958.0,713.0,740.0,851.0,1455.0,1664.0,1089.0,539.0,1408.0,997.0,1384.0
2018-03-06,Radni_dan,1264.0,1029.0,901.0,1434.0,983.0,907.0,691.0,702.0,803.0,1365.0,1554.0,1018.0,507.0,1308.0,918.0,1282.0
2018-03-07,Radni_dan,1198.0,1143.0,972.0,1508.0,1051.0,968.0,728.0,742.0,893.0,1519.0,1731.0,1103.0,551.0,1465.0,1011.0,1466.0
2018-03-08,Radni_dan,1351.0,1153.0,968.0,1547.0,1076.0,988.0,726.0,761.0,912.0,1531.0,1740.0,1130.0,567.0,1478.0,1051.0,1498.0
2018-03-09,Radni_dan,1402.0,1199.0,1020.0,1601.0,1120.0,982.0,752.0,790.0,957.0,1615.0,1812.0,1187.0,580.0,1570.0,1104.0,1573.0
2018-03-10,Vikend,1050.0,985.0,884.0,1264.0,939.0,676.0,527.0,593.0,698.0,1300.0,1475.0,906.0,440.0,1026.0,804.0,1213.0
2018-03-11,Vikend,913.0,751.0,698.0,993.0,731.0,513.0,451.0,461.0,532.0,1025.0,1276.0,673.0,302.0,815.0,588.0,892.0
2018-03-12,Radni_dan,1288.0,1115.0,952.0,1478.0,1053.0,952.0,720.0,709.0,877.0,1494.0,1697.0,1104.0,551.0,1443.0,1033.0,1448.0
2018-03-13,Radni_dan,1268.0,1143.0,941.0,1488.0,1077.0,970.0,722.0,729.0,892.0,1549.0,1748.0,1096.0,545.0,1480.0,1016.0,1493.0
2018-03-14,Radni_dan,1334.0,1155.0,941.0,1494.0,1088.0,970.0,738.0,737.0,888.0,1556.0,1745.0,1113.0,540.0,1488.0,1028.0,1502.0
2018-03-15,Radni_dan,1352.0,1123.0,946.0,1502.0,1064.0,979.0,710.0,747.0,905.0,1517.0,1721.0,1115.0,562.0,1520.0,1058.0,1485.0
2018-03-16,Radni_dan,1409.0,1206.0,1025.0,1578.0,1136.0,1001.0,769.0,803.0,941.0,1637.0,1814.0,1192.0,588.0,1564.0,1098.0,1574.0
2018-03-17,Vikend,1022.0,947.0,868.0,1222.0,963.0,643.0,503.0,617.0,702.0,1225.0,1437.0,865.0,448.0,1018.0,715.0,1105.0
2018-03-18,Vikend,860.0,719.0,656.0,892.0,693.0,470.0,435.0,450.0,477.0,939.0,1209.0,611.0,246.0,678.0,508.0,806.0
2018-03-19,Radni_dan,1289.0,1060.0,906.0,1446.0,1052.0,918.0,712.0,703.0,863.0,1453.0,1657.0,1088.0,528.0,1411.0,957.0,1385.0
2018-03-20,Radni_dan,1343.0,1104.0,932.0,1504.0,1033.0,959.0,731.0,741.0,890.0,1512.0,1703.0,1104.0,546.0,1483.0,1005.0,1462.0
2018-03-21,Radni_dan,1346.0,1127.0,949.0,1488.0,1065.0,985.0,745.0,746.0,884.0,1506.0,1716.0,1118.0,556.0,1490.0,1044.0,1471.0
2018-03-22,Radni_dan,1386.0,1156.0,973.0,1519.0,1052.0,1003.0,756.0,769.0,946.0,1529.0,1723.0,1136.0,565.0,1582.0,1060.0,1497.0
2018-03-23,Radni_dan,1389.0,1183.0,1008.0,1574.0,1108.0,988.0,754.0,795.0,934.0,1599.0,1786.0,1177.0,585.0,1567.0,1101.0,1572.0
2018-03-24,Vikend,1002.0,949.0,847.0,1194.0,907.0,654.0,512.0,590.0,667.0,1261.0,1450.0,900.0,429.0,973.0,768.0,1170.0
2018-03-25,Vikend,,,,,,,,,,,,,,,,
2018-03-26,Radni_dan,1152.0,1105.0,873.0,1445.0,1094.0,866.0,670.0,649.0,851.0,1500.0,1730.0,1117.0,543.0,1388.0,939.0,1480.0
2018-03-27,Radni_dan,1193.0,1136.0,879.0,1455.0,1114.0,886.0,661.0,679.0,873.0,1576.0,1771.0,1107.0,539.0,1422.0,932.0,1551.0
2018-03-28,Radni_dan,1223.0,1118.0,855.0,1479.0,1093.0,884.0,687.0,700.0,874.0,1700.0,1731.0,1102.0,551.0,1474.0,961.0,1513.0
2018-03-29,Radni_dan,1253.0,1091.0,931.0,1479.0,1074.0,879.0,678.0,729.0,879.0,1461.0,1691.0,1123.0,550.0,1467.0,943.0,1442.0
2018-03-30,Radni_dan,1141.0,1087.0,923.0,1433.0,1059.0,822.0,630.0,680.0,839.0,1474.0,1666.0,1102.0,531.0,1342.0,906.0,1440.0
2018-03-31,Vikend,829.0,778.0,728.0,1026.0,744.0,550.0,441.0,455.0,535.0,1039.0,1203.0,739.0,354.0,781.0,630.0,971.0
2018-04-01,Vikend,712.0,617.0,585.0,774.0,591.0,430.0,386.0,344.0,385.0,785.0,1001.0,545.0,234.0,573.0,465.0,698.0
2018-04-02,Praznik,809.0,690.0,618.0,807.0,686.0,476.0,421.0,378.0,439.0,889.0,1121.0,570.0,245.0,673.0,574.0,832.0
2018-04-03,Radni_dan,1253.0,1182.0,648.0,1481.0,1116.0,932.0,685.0,697.0,901.0,1577.0,1768.0,1131.0,559.0,1501.0,1035.0,1603.0
2018-04-04,Radni_dan,1316.0,1203.0,934.0,1499.0,1130.0,976.0,714.0,740.0,903.0,1620.0,1741.0,1140.0,565.0,1523.0,1045.0,1577.0
2018-04-05,Radni_dan,1369.0,1198.0,984.0,1544.0,1095.0,989.0,733.0,777.0,931.0,1600.0,1758.0,1177.0,588.0,1553.0,1053.0,1541.0
2018-04-06,Radni_dan,1369.0,1211.0,994.0,1566.0,1123.0,978.0,723.0,759.0,912.0,1640.0,1796.0,1195.0,584.0,1545.0,1094.0,1603.0
2018-04-07,Vikend,1013.0,953.0,860.0,1213.0,915.0,657.0,513.0,577.0,680.0,1276.0,1428.0,907.0,458.0,1002.0,792.0,1168.0
2018-04-08,Vikend,932.0,764.0,693.0,976.0,741.0,525.0,450.0,421.0,474.0,1037.0,1306.0,778.0,292.0,729.0,594.0,921.0
2018-04-09,Radni_dan,1273.0,1103.0,606.0,1457.0,1059.0,955.0,711.0,711.0,872.0,1510.0,1679.0,1142.0,552.0,1455.0,1034.0,1472.0
2018-04-10,Radni_dan,1302.0,1118.0,512.0,1492.0,1053.0,976.0,709.0,720.0,876.0,1528.0,1690.0,1141.0,564.0,1488.0,1038.0,1470.0
2018-04-11,Radni_dan,1317.0,1173.0,507.0,1496.0,1093.0,985.0,722.0,717.0,882.0,1584.0,1731.0,1135.0,571.0,1451.0,1054.0,1545.0
2018-04-12,Radni_dan,1378.0,1192.0,531.0,1521.0,1055.0,995.0,725.0,775.0,927.0,1546.0,1738.0,1150.0,585.0,1511.0,1099.0,1576.0
2018-04-13,Radni_dan,1402.0,1260.0,559.0,1595.0,1147.0,1007.0,744.0,765.0,943.0,1643.0,1836.0,1202.0,603.0,1547.0,1121.0,1625.0
2018-04-14,Vikend,1022.0,979.0,560.0,1235.0,935.0,672.0,515.0,571.0,725.0,1283.0,1474.0,924.0,458.0,1045.0,810.0,1205.0
2018-04-15,Vikend,891.0,792.0,410.0,966.0,758.0,509.0,454.0,451.0,510.0,1061.0,1304.0,694.0,286.0,729.0,570.0,945.0
2018-04-16,Radni_dan,1346.0,1132.0,837.0,1541.0,1061.0,937.0,731.0,774.0,896.0,1476.0,1710.0,1150.0,592.0,1471.0,1089.0,1464.0
2018-04-17,Radni_dan,1333.0,1132.0,828.0,1527.0,1057.0,990.0,735.0,754.0,907.0,1488.0,1717.0,1157.0,610.0,1503.0,1073.0,1464.0
2018-04-18,Radni_dan,1315.0,1168.0,595.0,1552.0,1079.0,989.0,732.0,719.0,934.0,1523.0,1726.0,1131.0,612.0,1551.0,1091.0,1505.0
2018-04-19,Radni_dan,1353.0,1170.0,590.0,1551.0,1094.0,983.0,727.0,737.0,926.0,1528.0,1708.0,1153.0,601.0,1508.0,1092.0,1498.0
2018-04-20,Radni_dan,1345.0,1199.0,690.0,1550.0,1110.0,1003.0,727.0,735.0,918.0,1578.0,1759.0,1196.0,590.0,1519.0,1115.0,1543.0
2018-04-21,Vikend,1036.0,986.0,661.0,1136.0,933.0,688.0,530.0,539.0,643.0,1280.0,1464.0,904.0,420.0,961.0,834.0,1209.0
2018-04-22,Vikend,950.0,1027.0,450.0,912.0,983.0,586.0,468.0,454.0,482.0,1290.0,1557.0,799.0,300.0,758.0,691.0,1294.0
2018-04-23,Radni_dan,1301.0,1173.0,499.0,1498.0,1090.0,999.0,704.0,707.0,876.0,1501.0,1710.0,1144.0,564.0,1449.0,1091.0,1489.0
2018-04-24,Radni_dan,1322.0,1122.0,749.0,1503.0,1039.0,1003.0,705.0,729.0,891.0,1483.0,1674.0,1148.0,585.0,1485.0,1051.0,1465.0
2018-04-25,Radni_dan,1302.0,1148.0,521.0,1498.0,1081.0,990.0,724.0,734.0,910.0,1503.0,1651.0,1137.0,560.0,1524.0,1065.0,1471.0
2018-04-26,Radni_dan,1387.0,1173.0,540.0,1562.0,1076.0,1027.0,732.0,797.0,937.0,1574.0,1762.0,1163.0,620.0,1559.0,1095.0,1537.0
2018-04-27,Radni_dan,1384.0,1263.0,570.0,1655.0,1150.0,1016.0,738.0,771.0,971.0,1719.0,1864.0,1226.0,622.0,1622.0,1140.0,1686.0
2018-04-28,Vikend,1029.0,995.0,701.0,1232.0,944.0,662.0,520.0,590.0,675.0,1291.0,1474.0,872.0,439.0,1012.0,794.0,1213.0
2018-04-29,Vikend,871.0,806.0,447.0,1043.0,765.0,512.0,436.0,474.0,571.0,1096.0,1331.0,686.0,322.0,886.0,574.0,983.0
2018-04-30,Radni_dan,1168.0,1113.0,551.0,1529.0,1064.0,872.0,634.0,710.0,878.0,1507.0,1670.0,1122.0,569.0,1370.0,994.0,1431.0
2018-05-01,Praznik,832.0,718.0,357.0,960.0,684.0,485.0,425.0,396.0,514.0,946.0,1178.0,591.0,273.0,762.0,566.0,861.0
2018-05-02,Radni_dan,1331.0,1178.0,519.0,1562.0,1079.0,1033.0,714.0,756.0,904.0,1585.0,1729.0,1183.0,593.0,1528.0,1097.0,1536.0
2018-05-03,Radni_dan,1237.0,1148.0,537.0,1540.0,1071.0,1000.0,746.0,774.0,916.0,1571.0,1726.0,1178.0,592.0,1540.0,1067.0,1525.0
2018-05-04,Radni_dan,1389.0,1204.0,551.0,1605.0,1037.0,1040.0,747.0,836.0,924.0,1627.0,1754.0,1193.0,611.0,1500.0,1132.0,1613.0
2018-05-05,Vikend,1036.0,1019.0,489.0,1187.0,971.0,694.0,526.0,580.0,662.0,1347.0,1494.0,943.0,452.0,970.0,830.0,1303.0
2018-05-06,Vikend,876.0,763.0,386.0,938.0,741.0,518.0,452.0,445.0,487.0,1024.0,1268.0,695.0,297.0,736.0,575.0,905.0
2018-05-07,Radni_dan,1271.0,1132.0,699.0,1502.0,1064.0,990.0,711.0,701.0,884.0,1554.0,1700.0,1150.0,573.0,1463.0,1045.0,1507.0
2018-05-08,Radni_dan,1315.0,1151.0,744.0,1576.0,1047.0,1015.0,717.0,758.0,932.0,1584.0,1726.0,1169.0,590.0,1578.0,1042.0,1527.0
2018-05-09,Radni_dan,1383.0,1231.0,631.0,1616.0,1130.0,1042.0,750.0,781.0,963.0,1706.0,1840.0,1240.0,611.0,1635.0,1147.0,1665.0
2018-05-10,Praznik,831.0,744.0,535.0,889.0,709.0,486.0,436.0,419.0,471.0,932.0,1176.0,604.0,267.0,678.0,554.0,847.0
2018-05-11,Radni_dan,1098.0,1080.0,614.0,1386.0,1016.0,814.0,618.0,655.0,803.0,1417.0,1588.0,1096.0,540.0,1229.0,923.0,1370.0
2018-05-12,Vikend,932.0,882.0,475.0,1179.0,850.0,617.0,463.0,515.0,637.0,1180.0,1360.0,838.0,435.0,940.0,717.0,1104.0
2018-05-13,Vikend,895.0,817.0,492.0,971.0,779.0,541.0,459.0,439.0,516.0,1105.0,1370.0,726.0,313.0,786.0,612.0,1020.0
2018-05-14,Radni_dan,1345.0,1141.0,620.0,1541.0,1035.0,1005.0,719.0,772.0,900.0,1556.0,1708.0,1179.0,590.0,1481.0,1071.0,1494.0
2018-05-15,Radni_dan,1375.0,1159.0,558.0,1562.0,1035.0,1018.0,731.0,798.0,906.0,1539.0,1725.0,1174.0,584.0,1498.0,1031.0,1474.0
2018-05-16,Radni_dan,960.0,1137.0,539.0,1527.0,1036.0,1005.0,734.0,763.0,907.0,1528.0,1686.0,1140.0,593.0,1512.0,1077.0,1503.0
2018-05-17,Radni_dan,671.0,1221.0,549.0,1571.0,1129.0,995.0,741.0,746.0,952.0,1691.0,1833.0,1197.0,589.0,1584.0,1082.0,1651.0
2018-05-18,Radni_dan,659.0,1256.0,545.0,1575.0,1161.0,998.0,727.0,748.0,951.0,1732.0,1892.0,1213.0,598.0,1557.0,1107.0,1723.0
2018-05-19,Vikend,411.0,898.0,444.0,1058.0,866.0,562.0,464.0,485.0,586.0,1154.0,1295.0,812.0,391.0,849.0,681.0,1068.0
2018-05-20,Vikend,326.0,658.0,342.0,829.0,614.0,426.0,373.0,363.0,425.0,855.0,1087.0,594.0,272.0,631.0,439.0,739.0
2018-05-21,Praznik,353.0,677.0,359.0,781.0,659.0,457.0,400.0,359.0,415.0,855.0,1091.0,594.0,240.0,633.0,523.0,788.0
2018-05-22,Radni_dan,607.0,1138.0,500.0,1504.0,1071.0,920.0,695.0,684.0,941.0,1548.0,1735.0,1161.0,653.0,1414.0,1023.0,1520.0
2018-05-23,Radni_dan,642.0,1113.0,526.0,1487.0,1051.0,963.0,717.0,715.0,959.0,1509.0,1673.0,1134.0,656.0,1427.0,1046.0,1482.0
2018-05-24,Radni_dan,658.0,1180.0,527.0,1493.0,1101.0,996.0,734.0,759.0,967.0,1620.0,1796.0,1166.0,679.0,1457.0,1057.0,1589.0
2018-05-25,Radni_dan,680.0,1231.0,577.0,1588.0,1115.0,1016.0,741.0,807.0,999.0,1645.0,1826.0,1210.0,692.0,1535.0,1104.0,1620.0
2018-05-26,Vikend,488.0,969.0,468.0,1186.0,915.0,666.0,526.0,549.0,690.0,1327.0,1472.0,929.0,468.0,927.0,789.0,1248.0
2018-05-27,Vikend,411.0,760.0,389.0,898.0,728.0,500.0,445.0,429.0,497.0,1012.0,1246.0,680.0,316.0,686.0,573.0,894.0
2018-05-28,Radni_dan,619.0,1115.0,499.0,1486.0,1053.0,966.0,703.0,700.0,958.0,1532.0,1696.0,1145.0,689.0,1427.0,1031.0,1486.0
2018-05-29,Radni_dan,651.0,1181.0,513.0,1516.0,1101.0,980.0,721.0,760.0,950.0,1620.0,1772.0,1158.0,670.0,1448.0,1032.0,1577.0
2018-05-30,Radni_dan,680.0,1285.0,548.0,1605.0,1186.0,1016.0,752.0,794.0,1015.0,1731.0,1879.0,1202.0,697.0,1564.0,1123.0,1702.0
2018-05-31,Praznik,373.0,726.0,382.0,821.0,679.0,468.0,420.0,385.0,458.0,917.0,1143.0,582.0,285.0,634.0,532.0,839.0
2018-06-01,Radni_dan,512.0,1055.0,495.0,1359.0,1002.0,729.0,590.0,614.0,826.0,1393.0,1578.0,1047.0,565.0,1176.0,830.0,1323.0
2018-06-02,Vikend,396.0,872.0,416.0,1037.0,843.0,556.0,435.0,466.0,598.0,1138.0,1287.0,807.0,420.0,806.0,642.0,1038.0
2018-06-03,Vikend,385.0,764.0,402.0,882.0,749.0,483.0,429.0,406.0,487.0,989.0,1245.0,664.0,305.0,697.0,547.0,891.0
2018-06-04,Radni_dan,609.0,1103.0,518.0,1470.0,1065.0,947.0,713.0,727.0,945.0,1508.0,1693.0,1129.0,654.0,1392.0,1010.0,1441.0
2018-06-05,Radni_dan,635.0,1127.0,532.0,1498.0,1052.0,963.0,713.0,736.0,947.0,1519.0,1682.0,1137.0,656.0,1401.0,1021.0,1456.0
2018-06-06,Radni_dan,645.0,1134.0,686.0,1518.0,1056.0,983.0,729.0,749.0,945.0,1508.0,1682.0,1134.0,651.0,1413.0,1039.0,1468.0
2018-06-07,Radni_dan,644.0,1140.0,558.0,1589.0,1027.0,973.0,743.0,784.0,983.0,1542.0,1715.0,1172.0,672.0,1463.0,1050.0,1495.0
2018-06-08,Radni_dan,664.0,1162.0,538.0,1582.0,1046.0,983.0,714.0,773.0,989.0,1649.0,1785.0,1227.0,677.0,1490.0,1110.0,1640.0
2018-06-09,Vikend,460.0,983.0,460.0,1338.0,943.0,668.0,499.0,617.0,720.0,1332.0,1504.0,935.0,497.0,991.0,793.0,1267.0
2018-06-10,Vikend,410.0,772.0,463.0,942.0,756.0,528.0,447.0,418.0,512.0,1007.0,1269.0,716.0,320.0,737.0,583.0,907.0
2018-06-11,Radni_dan,610.0,1097.0,540.0,1492.0,1058.0,932.0,708.0,691.0,924.0,1501.0,1657.0,1145.0,634.0,1393.0,1024.0,1451.0
2018-06-12,Radni_dan,505.0,1141.0,523.0,1512.0,1086.0,944.0,701.0,767.0,956.0,1545.0,1733.0,1126.0,639.0,1406.0,1007.0,1508.0
2018-06-13,Radni_dan,620.0,1129.0,506.0,1515.0,1064.0,959.0,713.0,772.0,950.0,1547.0,1732.0,1145.0,641.0,1399.0,1001.0,1487.0
2018-06-14,Radni_dan,652.0,1169.0,536.0,1553.0,1103.0,980.0,711.0,756.0,985.0,1530.0,1771.0,1175.0,655.0,1469.0,1060.0,1592.0
2018-06-15,Radni_dan,623.0,1178.0,570.0,1545.0,1098.0,951.0,698.0,752.0,963.0,1570.0,1757.0,1169.0,659.0,1412.0,1067.0,1504.0
2018-06-16,Vikend,469.0,954.0,518.0,1127.0,911.0,628.0,498.0,548.0,642.0,1222.0,1378.0,859.0,444.0,883.0,741.0,1131.0
2018-06-17,Vikend,398.0,757.0,383.0,917.0,717.0,497.0,443.0,447.0,517.0,1003.0,1250.0,665.0,306.0,711.0,567.0,907.0
2018-06-18,Radni_dan,590.0,1101.0,507.0,1458.0,1062.0,910.0,697.0,698.0,894.0,1496.0,1666.0,1123.0,590.0,1413.0,997.0,1443.0
2018-06-19,Radni_dan,606.0,1111.0,492.0,1438.0,1072.0,926.0,676.0,690.0,869.0,1541.0,1676.0,1111.0,574.0,1425.0,974.0,1463.0
2018-06-20,Radni_dan,614.0,1111.0,492.0,1423.0,1063.0,913.0,698.0,700.0,865.0,1482.0,1644.0,1102.0,563.0,1440.0,1001.0,1427.0
2018-06-21,Radni_dan,702.0,1108.0,545.0,1455.0,1067.0,924.0,701.0,717.0,877.0,1487.0,1668.0,1104.0,570.0,1459.0,1005.0,1445.0
2018-06-22,Radni_dan,1364.0,1186.0,547.0,1523.0,1107.0,987.0,731.0,782.0,920.0,1592.0,1785.0,1172.0,592.0,1518.0,1047.0,1544.0
2018-06-23,Vikend,1063.0,1044.0,432.0,1139.0,974.0,661.0,521.0,557.0,621.0,1357.0,1548.0,925.0,411.0,927.0,788.0,1327.0
2018-06-24,Vikend,855.0,769.0,370.0,866.0,738.0,509.0,430.0,419.0,464.0,1057.0,1293.0,675.0,266.0,683.0,555.0,960.0
2018-06-25,Radni_dan,1287.0,1132.0,513.0,1484.0,1055.0,967.0,711.0,743.0,886.0,1486.0,1684.0,1146.0,587.0,1453.0,1009.0,1431.0
2018-06-26,Radni_dan,1274.0,1120.0,517.0,1468.0,1052.0,945.0,609.0,719.0,857.0,1469.0,1635.0,1097.0,568.0,1456.0,1003.0,1416.0
2018-06-27,Radni_dan,1283.0,1114.0,543.0,1489.0,1061.0,961.0,721.0,750.0,879.0,1486.0,1658.0,1118.0,563.0,1469.0,1000.0,1438.0
2018-06-28,Radni_dan,1370.0,1168.0,594.0,1551.0,1083.0,985.0,729.0,790.0,908.0,1567.0,1761.0,1177.0,590.0,1492.0,1052.0,1504.0
2018-06-29,Radni_dan,1347.0,1216.0,597.0,1567.0,1127.0,980.0,716.0,781.0,932.0,1679.0,1839.0,1198.0,588.0,1548.0,1084.0,1600.0
2018-06-30,Vikend,993.0,984.0,503.0,1175.0,942.0,645.0,512.0,582.0,644.0,1292.0,1442.0,878.0,407.0,954.0,749.0,1185.0
2018-07-01,Vikend,891.0,776.0,463.0,917.0,752.0,533.0,451.0,447.0,486.0,1052.0,1283.0,671.0,285.0,726.0,594.0,938.0
2018-07-02,Radni_dan,1269.0,1148.0,573.0,1553.0,1080.0,959.0,718.0,736.0,902.0,1552.0,1743.0,1184.0,586.0,1481.0,1033.0,1485.0
2018-07-03,Radni_dan,1251.0,1138.0,586.0,1504.0,1061.0,931.0,708.0,720.0,878.0,1503.0,1692.0,1141.0,558.0,1478.0,1003.0,1443.0
2018-07-04,Radni_dan,1289.0,1156.0,547.0,1488.0,1082.0,970.0,721.0,734.0,885.0,1540.0,1719.0,1151.0,558.0,1507.0,1027.0,1494.0
2018-07-05,Radni_dan,1332.0,1138.0,556.0,1534.0,1057.0,977.0,720.0,768.0,909.0,1539.0,1703.0,1169.0,583.0,1530.0,1048.0,1505.0
2018-07-06,Radni_dan,1336.0,1184.0,547.0,1575.0,1072.0,999.0,702.0,785.0,918.0,1604.0,1776.0,1201.0,600.0,1542.0,1051.0,1562.0
2018-07-07,Vikend,953.0,943.0,457.0,1143.0,897.0,606.0,510.0,539.0,654.0,1221.0,1407.0,859.0,418.0,997.0,715.0,1144.0
2018-07-08,Vikend,839.0,768.0,410.0,904.0,743.0,491.0,441.0,426.0,474.0,987.0,1247.0,672.0,282.0,692.0,569.0,906.0
2018-07-09,Radni_dan,1194.0,1136.0,544.0,1455.0,1125.0,868.0,822.0,708.0,863.0,1555.0,1733.0,1126.0,546.0,1405.0,961.0,1508.0
2018-07-10,Radni_dan,1201.0,1114.0,532.0,1452.0,1088.0,863.0,841.0,715.0,880.0,1487.0,1698.0,1082.0,566.0,1421.0,934.0,1454.0
2018-07-11,Radni_dan,1239.0,1104.0,488.0,1481.0,1047.0,896.0,860.0,749.0,881.0,1440.0,1671.0,1098.0,557.0,1430.0,956.0,1392.0
2018-07-12,Radni_dan,1178.0,1112.0,496.0,1449.0,1090.0,865.0,842.0,711.0,868.0,1467.0,1679.0,1107.0,530.0,1415.0,938.0,1415.0
2018-07-13,Radni_dan,1160.0,1117.0,548.0,1452.0,1092.0,849.0,826.0,705.0,883.0,1511.0,1706.0,1102.0,535.0,1414.0,927.0,1467.0
2018-07-14,Vikend,836.0,886.0,489.0,1042.0,864.0,561.0,598.0,512.0,608.0,1157.0,1319.0,789.0,377.0,871.0,661.0,1078.0
2018-07-15,Vikend,775.0,711.0,428.0,850.0,693.0,457.0,529.0,420.0,462.0,908.0,1165.0,600.0,260.0,680.0,498.0,814.0
2018-07-16,Radni_dan,1092.0,1100.0,770.0,1404.0,1081.0,839.0,811.0,662.0,831.0,1484.0,1684.0,1097.0,508.0,1337.0,906.0,1454.0
2018-07-17,Radni_dan,1122.0,1174.0,912.0,1402.0,1149.0,837.0,826.0,691.0,845.0,1583.0,1791.0,1099.0,509.0,1359.0,905.0,1530.0
2018-07-18,Radni_dan,1109.0,1174.0,838.0,1406.0,1147.0,832.0,824.0,678.0,841.0,1573.0,1777.0,1115.0,511.0,1345.0,904.0,1528.0
2018-07-19,Radni_dan,1132.0,1197.0,778.0,1409.0,1172.0,815.0,827.0,682.0,865.0,1613.0,1797.0,1133.0,507.0,1389.0,910.0,1564.0
2018-07-20,Radni_dan,1126.0,1178.0,826.0,1419.0,1134.0,792.0,837.0,698.0,851.0,1576.0,1766.0,1098.0,513.0,1348.0,918.0,1533.0
2018-07-21,Vikend,795.0,886.0,825.0,1012.0,846.0,534.0,590.0,521.0,568.0,1115.0,1288.0,801.0,371.0,841.0,638.0,1032.0
2018-07-22,Vikend,745.0,715.0,448.0,818.0,707.0,460.0,530.0,423.0,431.0,876.0,1149.0,612.0,251.0,633.0,484.0,783.0
2018-07-23,Radni_dan,1143.0,1085.0,668.0,1413.0,1040.0,820.0,823.0,692.0,851.0,1334.0,1640.0,1097.0,524.0,1357.0,893.0,1342.0
2018-07-24,Radni_dan,1125.0,1043.0,716.0,1354.0,1017.0,801.0,809.0,657.0,816.0,1359.0,1576.0,1037.0,507.0,1311.0,862.0,1320.0
2018-07-25,Radni_dan,1135.0,1052.0,563.0,1364.0,1021.0,785.0,818.0,664.0,826.0,1357.0,1564.0,1031.0,498.0,1330.0,867.0,1331.0
2018-07-26,Radni_dan,1136.0,1060.0,464.0,1426.0,1025.0,812.0,825.0,691.0,852.0,1395.0,1623.0,1052.0,521.0,1406.0,893.0,1359.0
2018-07-27,Radni_dan,1189.0,1098.0,499.0,1419.0,1061.0,811.0,816.0,665.0,820.0,1440.0,1654.0,1062.0,509.0,1359.0,907.0,1342.0
2018-07-28,Vikend,823.0,861.0,505.0,1024.0,839.0,528.0,590.0,490.0,564.0,1138.0,1269.0,765.0,394.0,908.0,657.0,1062.0
2018-07-29,Vikend,748.0,724.0,468.0,812.0,726.0,438.0,534.0,396.0,430.0,953.0,1184.0,616.0,250.0,664.0,519.0,872.0
2018-07-30,Radni_dan,1090.0,1034.0,570.0,1375.0,1016.0,786.0,808.0,623.0,782.0,1361.0,1566.0,1039.0,496.0,1316.0,877.0,1319.0
2018-07-31,Radni_dan,1096.0,1046.0,510.0,1365.0,1024.0,794.0,800.0,620.0,803.0,1396.0,1565.0,1048.0,508.0,1322.0,859.0,1314.0
2018-08-01,Radni_dan,1110.0,1065.0,470.0,1459.0,1045.0,798.0,830.0,641.0,782.0,1395.0,1593.0,1051.0,574.0,1336.0,878.0,1349.0
2018-08-02,Radni_dan,1127.0,1090.0,698.0,1418.0,1050.0,802.0,822.0,659.0,853.0,1429.0,1648.0,1063.0,523.0,1371.0,880.0,1367.0
2018-08-03,Radni_dan,1095.0,1078.0,859.0,1422.0,1054.0,779.0,817.0,654.0,861.0,1435.0,1636.0,1050.0,536.0,1407.0,868.0,1381.0
2018-08-04,Vikend,777.0,830.0,978.0,966.0,824.0,517.0,565.0,454.0,535.0,1094.0,1225.0,751.0,354.0,806.0,621.0,1022.0
2018-08-05,Vikend,714.0,666.0,413.0,772.0,679.0,432.0,514.0,370.0,394.0,842.0,1089.0,575.0,234.0,624.0,490.0,761.0
2018-08-06,Radni_dan,1055.0,1032.0,504.0,1344.0,1036.0,779.0,807.0,572.0,759.0,1344.0,1571.0,1013.0,507.0,1259.0,866.0,1296.0
2018-08-07,Radni_dan,1068.0,996.0,568.0,1333.0,992.0,766.0,801.0,569.0,749.0,1308.0,1533.0,994.0,497.0,1233.0,829.0,1261.0
2018-08-08,Radni_dan,1077.0,1048.0,449.0,1346.0,1027.0,773.0,810.0,598.0,782.0,1369.0,1579.0,1029.0,499.0,1317.0,849.0,1341.0
2018-08-09,Radni_dan,1077.0,1041.0,449.0,1377.0,1040.0,772.0,817.0,613.0,804.0,1371.0,1572.0,1016.0,505.0,1358.0,861.0,1356.0
2018-08-10,Radni_dan,1092.0,1057.0,490.0,1347.0,1048.0,785.0,803.0,641.0,796.0,1402.0,1606.0,1032.0,498.0,1290.0,855.0,1360.0
2018-08-11,Vikend,811.0,832.0,385.0,987.0,822.0,523.0,584.0,480.0,552.0,1121.0,1223.0,745.0,377.0,837.0,649.0,1081.0
2018-08-12,Vikend,736.0,685.0,373.0,771.0,680.0,434.0,522.0,367.0,424.0,910.0,1114.0,560.0,233.0,661.0,512.0,842.0
2018-08-13,Radni_dan,1046.0,1012.0,500.0,1321.0,999.0,779.0,788.0,577.0,751.0,1144.0,1531.0,1011.0,497.0,1235.0,881.0,1256.0
2018-08-14,Radni_dan,1165.0,1057.0,472.0,1449.0,952.0,861.0,839.0,694.0,853.0,1405.0,1616.0,1088.0,544.0,1399.0,953.0,1450.0
2018-08-15,Praznik,735.0,678.0,418.0,740.0,680.0,438.0,535.0,368.0,409.0,848.0,1038.0,526.0,235.0,625.0,522.0,787.0
2018-08-16,Radni_dan,1040.0,1031.0,590.0,1324.0,1028.0,750.0,794.0,606.0,766.0,1363.0,1538.0,1003.0,492.0,1236.0,850.0,1327.0
2018-08-17,Radni_dan,982.0,1024.0,505.0,1312.0,1021.0,723.0,785.0,599.0,756.0,1373.0,1541.0,1001.0,471.0,1221.0,834.0,1305.0
2018-08-18,Vikend,693.0,806.0,411.0,941.0,794.0,498.0,555.0,439.0,511.0,1077.0,1178.0,727.0,339.0,780.0,635.0,996.0
2018-08-19,Vikend,680.0,686.0,346.0,823.0,700.0,432.0,514.0,382.0,445.0,897.0,1113.0,578.0,263.0,703.0,505.0,823.0
2018-08-20,Radni_dan,1044.0,1048.0,463.0,1353.0,1026.0,781.0,808.0,602.0,806.0,1383.0,1589.0,1050.0,504.0,1315.0,857.0,1336.0
2018-08-21,Radni_dan,811.0,968.0,366.0,1265.0,896.0,679.0,697.0,521.0,781.0,1449.0,1402.0,956.0,460.0,1220.0,778.0,1186.0
2018-08-22,Radni_dan,927.0,1032.0,433.0,1375.0,1026.0,795.0,817.0,600.0,823.0,1590.0,1530.0,1009.0,498.0,1353.0,874.0,1343.0
2018-08-23,Radni_dan,841.0,1041.0,450.0,1410.0,1030.0,772.0,822.0,610.0,839.0,1489.0,1552.0,1032.0,529.0,1410.0,869.0,1347.0
2018-08-24,Radni_dan,856.0,1062.0,492.0,1394.0,1038.0,793.0,817.0,652.0,820.0,1441.0,1577.0,1039.0,526.0,1367.0,852.0,1337.0
2018-08-25,Vikend,613.0,844.0,392.0,1061.0,844.0,539.0,596.0,524.0,599.0,1102.0,1260.0,777.0,415.0,903.0,595.0,997.0
2018-08-26,Vikend,555.0,676.0,341.0,797.0,653.0,429.0,528.0,414.0,425.0,839.0,1098.0,571.0,238.0,608.0,463.0,734.0
2018-08-27,Radni_dan,823.0,1110.0,451.0,1409.0,1089.0,789.0,831.0,620.0,816.0,1496.0,1645.0,1079.0,517.0,1355.0,874.0,1433.0
2018-08-28,Radni_dan,784.0,1140.0,489.0,1382.0,1118.0,798.0,816.0,612.0,824.0,1581.0,1721.0,1080.0,509.0,1347.0,877.0,1500.0
2018-08-29,Radni_dan,841.0,1151.0,482.0,1309.0,1137.0,803.0,833.0,633.0,789.0,1623.0,1704.0,1071.0,507.0,1328.0,871.0,1511.0
2018-08-30,Radni_dan,878.0,1179.0,729.0,1406.0,1159.0,819.0,829.0,666.0,831.0,1652.0,1778.0,1093.0,529.0,1334.0,900.0,1539.0
2018-08-31,Radni_dan,891.0,1183.0,595.0,1490.0,1123.0,845.0,845.0,695.0,858.0,1558.0,1766.0,1144.0,548.0,1413.0,923.0,1490.0
2018-09-01,Vikend,862.0,900.0,505.0,1152.0,875.0,560.0,604.0,551.0,626.0,1169.0,1360.0,835.0,418.0,955.0,637.0,1052.0
2018-09-02,Vikend,784.0,707.0,351.0,913.0,703.0,445.0,543.0,437.0,466.0,904.0,1180.0,619.0,297.0,726.0,481.0,781.0
2018-09-03,Radni_dan,1160.0,1082.0,489.0,1465.0,1042.0,852.0,847.0,676.0,844.0,1416.0,1626.0,1120.0,556.0,1399.0,917.0,1351.0
2018-09-04,Radni_dan,1119.0,1084.0,471.0,1457.0,1048.0,851.0,841.0,673.0,844.0,1427.0,1644.0,1109.0,552.0,1408.0,906.0,1379.0
2018-09-05,Radni_dan,1049.0,975.0,110.0,1438.0,1099.0,854.0,847.0,647.0,840.0,1493.0,1466.0,125.0,528.0,1392.0,920.0,1405.0
2018-09-06,Radni_dan,1012.0,912.0,20.0,1462.0,1091.0,847.0,824.0,674.0,839.0,1500.0,1390.0,,521.0,1410.0,924.0,1389.0
2018-09-07,Radni_dan,1223.0,1108.0,83.0,1488.0,1032.0,859.0,814.0,720.0,888.0,1503.0,1730.0,,564.0,1465.0,943.0,1467.0
2018-09-08,Vikend,919.0,929.0,10.0,1152.0,886.0,624.0,658.0,566.0,619.0,1225.0,1404.0,,417.0,938.0,720.0,1139.0
2018-09-09,Vikend,851.0,740.0,96.0,897.0,727.0,515.0,592.0,429.0,469.0,993.0,1238.0,,283.0,711.0,635.0,884.0
2018-09-10,Radni_dan,1163.0,1059.0,98.0,1442.0,985.0,880.0,858.0,643.0,817.0,1451.0,1631.0,,546.0,1474.0,961.0,1387.0
2018-09-11,Radni_dan,1170.0,1087.0,26.0,1444.0,1050.0,892.0,868.0,678.0,836.0,1462.0,1636.0,,540.0,1400.0,948.0,1417.0
2018-09-12,Radni_dan,1216.0,1100.0,99.0,1450.0,1051.0,890.0,889.0,671.0,844.0,1483.0,1647.0,,537.0,1409.0,962.0,1435.0
2018-09-13,Radni_dan,1234.0,1119.0,143.0,1476.0,1051.0,907.0,905.0,704.0,868.0,1492.0,1664.0,,76.0,118.0,975.0,1456.0
2018-09-14,Radni_dan,1302.0,1159.0,108.0,1552.0,1082.0,926.0,919.0,761.0,898.0,1549.0,1762.0,,576.0,1500.0,1006.0,1494.0
2018-09-15,Vikend,972.0,1013.0,64.0,1222.0,960.0,642.0,661.0,574.0,649.0,1351.0,1549.0,,435.0,1020.0,770.0,1260.0
2018-09-16,Vikend,789.0,840.0,15.0,1011.0,812.0,516.0,578.0,453.0,529.0,1137.0,1424.0,,279.0,822.0,602.0,1040.0
2018-09-17,Radni_dan,1132.0,1112.0,111.0,1480.0,1055.0,916.0,913.0,713.0,863.0,1491.0,1657.0,,538.0,1432.0,1007.0,1436.0
2018-09-18,Radni_dan,1054.0,1091.0,12.0,1465.0,1033.0,911.0,884.0,679.0,859.0,1447.0,1608.0,,533.0,1443.0,965.0,1392.0
2018-09-19,Radni_dan,1160.0,1096.0,56.0,1414.0,1043.0,926.0,899.0,686.0,865.0,1461.0,1640.0,,542.0,1432.0,980.0,1423.0
2018-09-20,Radni_dan,1134.0,1096.0,56.0,1476.0,1057.0,897.0,891.0,705.0,869.0,1473.0,1614.0,,538.0,1470.0,987.0,1437.0
2018-09-21,Radni_dan,1127.0,1144.0,204.0,1510.0,1091.0,935.0,891.0,711.0,879.0,1557.0,1748.0,,561.0,1500.0,1023.0,1511.0
2018-09-22,Vikend,885.0,995.0,3.0,1235.0,960.0,634.0,662.0,614.0,669.0,1284.0,1517.0,,447.0,1032.0,705.0,1177.0
2018-09-23,Vikend,825.0,799.0,,920.0,776.0,511.0,594.0,463.0,486.0,1055.0,1317.0,,273.0,734.0,557.0,958.0
2018-09-24,Radni_dan,1229.0,1095.0,38.0,1486.0,1043.0,933.0,916.0,710.0,870.0,1483.0,1591.0,1160.0,549.0,1459.0,999.0,1420.0
2018-09-25,Radni_dan,1222.0,1100.0,306.0,1500.0,1039.0,940.0,887.0,704.0,887.0,1489.0,1635.0,1217.0,555.0,1502.0,1002.0,1446.0
2018-09-26,Radni_dan,1278.0,1122.0,495.0,1516.0,1061.0,954.0,922.0,717.0,896.0,1511.0,1662.0,1135.0,555.0,1520.0,1001.0,1470.0
2018-09-27,Radni_dan,1335.0,1131.0,494.0,1529.0,1070.0,960.0,920.0,727.0,925.0,1558.0,1638.0,1158.0,567.0,1556.0,1036.0,1523.0
2018-09-28,Radni_dan,1260.0,1224.0,522.0,1582.0,1147.0,949.0,913.0,761.0,937.0,1644.0,1794.0,1181.0,570.0,1575.0,1046.0,1592.0
2018-09-29,Vikend,1012.0,997.0,461.0,1261.0,956.0,645.0,695.0,613.0,709.0,1334.0,1514.0,898.0,445.0,1073.0,774.0,1249.0
2018-09-30,Vikend,931.0,831.0,382.0,1093.0,805.0,545.0,627.0,495.0,610.0,1161.0,1419.0,717.0,303.0,910.0,631.0,1066.0
2018-10-01,Radni_dan,1090.0,1132.0,504.0,1595.0,1051.0,975.0,891.0,733.0,909.0,1522.0,1718.0,1166.0,571.0,1518.0,1036.0,1471.0
2018-10-02,Radni_dan,1183.0,1148.0,500.0,1540.0,1074.0,971.0,904.0,746.0,900.0,1533.0,1731.0,1140.0,563.0,1487.0,1018.0,1478.0
2018-10-03,Radni_dan,1233.0,1152.0,502.0,1521.0,1083.0,971.0,912.0,731.0,902.0,1530.0,1696.0,1150.0,570.0,1490.0,1033.0,1487.0
2018-10-04,Radni_dan,1174.0,1151.0,505.0,1570.0,1085.0,976.0,911.0,737.0,911.0,1577.0,1728.0,1168.0,584.0,1550.0,1033.0,1513.0
2018-10-05,Radni_dan,1245.0,1177.0,523.0,1596.0,1107.0,985.0,909.0,766.0,932.0,1635.0,1795.0,1186.0,572.0,1562.0,1064.0,1559.0
2018-10-06,Vikend,912.0,1025.0,471.0,1189.0,983.0,677.0,689.0,626.0,651.0,1323.0,1503.0,920.0,423.0,993.0,778.0,1212.0
2018-10-07,Vikend,735.0,803.0,389.0,966.0,758.0,542.0,604.0,486.0,517.0,1068.0,1320.0,697.0,306.0,773.0,576.0,959.0
2018-10-08,Radni_dan,1132.0,1117.0,494.0,1521.0,1049.0,954.0,892.0,712.0,892.0,1513.0,1691.0,1136.0,573.0,1473.0,1007.0,1435.0
2018-10-09,Radni_dan,1125.0,1109.0,492.0,1499.0,1043.0,964.0,896.0,695.0,878.0,1481.0,1655.0,1122.0,548.0,1471.0,990.0,1394.0
2018-10-10,Radni_dan,1213.0,1114.0,497.0,1512.0,1054.0,966.0,912.0,682.0,891.0,1533.0,1675.0,1146.0,547.0,1498.0,1019.0,1465.0
2018-10-11,Radni_dan,1196.0,1112.0,489.0,1527.0,1039.0,982.0,909.0,685.0,919.0,1520.0,1698.0,1122.0,545.0,1531.0,1001.0,1452.0
2018-10-12,Radni_dan,1162.0,1167.0,491.0,1607.0,1111.0,994.0,897.0,663.0,935.0,1610.0,1795.0,1187.0,571.0,1566.0,1045.0,1535.0
2018-10-13,Vikend,964.0,946.0,368.0,1234.0,935.0,690.0,658.0,537.0,639.0,1266.0,1490.0,874.0,435.0,988.0,762.0,1160.0
2018-10-14,Vikend,752.0,715.0,268.0,971.0,745.0,737.0,529.0,279.0,304.0,1103.0,1341.0,668.0,379.0,731.0,302.0,1009.0
2018-10-15,Radni_dan,1107.0,1119.0,460.0,1536.0,1064.0,960.0,883.0,644.0,897.0,1539.0,1715.0,1141.0,548.0,1494.0,1002.0,1464.0
2018-10-16,Radni_dan,1102.0,1158.0,473.0,1494.0,1093.0,978.0,892.0,659.0,893.0,1571.0,1741.0,1128.0,545.0,1499.0,995.0,1469.0
2018-10-17,Radni_dan,1208.0,1125.0,490.0,1508.0,1054.0,985.0,930.0,702.0,908.0,1517.0,1717.0,1149.0,549.0,1467.0,1011.0,1437.0
2018-10-18,Radni_dan,1187.0,1180.0,498.0,1547.0,1129.0,993.0,917.0,706.0,926.0,1598.0,1789.0,1210.0,556.0,1530.0,1048.0,1565.0
2018-10-19,Radni_dan,1239.0,1204.0,524.0,1630.0,1131.0,987.0,913.0,747.0,987.0,1641.0,1826.0,1266.0,565.0,1599.0,1057.0,1552.0
2018-10-20,Vikend,972.0,1027.0,462.0,1285.0,986.0,689.0,701.0,623.0,755.0,1305.0,1523.0,990.0,445.0,1107.0,778.0,1196.0
2018-10-21,Vikend,871.0,767.0,374.0,989.0,733.0,512.0,615.0,489.0,525.0,992.0,1279.0,697.0,281.0,766.0,559.0,867.0
2018-10-22,Radni_dan,1129.0,1103.0,485.0,1514.0,1039.0,964.0,896.0,578.0,882.0,1523.0,1699.0,1149.0,564.0,1455.0,1006.0,1436.0
2018-10-23,Radni_dan,1185.0,1112.0,493.0,1533.0,1047.0,972.0,919.0,640.0,885.0,1531.0,1705.0,1145.0,565.0,1484.0,1009.0,1427.0
2018-10-24,Radni_dan,1149.0,1117.0,505.0,1574.0,1052.0,994.0,920.0,692.0,910.0,1525.0,1688.0,1155.0,570.0,1525.0,1028.0,1477.0
2018-10-25,Radni_dan,1278.0,1187.0,534.0,1632.0,1113.0,1026.0,922.0,649.0,944.0,1658.0,1837.0,1252.0,589.0,1624.0,1144.0,1627.0
2018-10-26,Praznik,839.0,759.0,321.0,974.0,721.0,520.0,497.0,405.0,508.0,960.0,1277.0,627.0,285.0,786.0,571.0,863.0
2018-10-27,Vikend,829.0,916.0,417.0,1146.0,880.0,611.0,495.0,522.0,637.0,1257.0,1400.0,898.0,422.0,944.0,697.0,1186.0
2018-10-28,Vikend,761.0,748.0,358.0,940.0,698.0,458.0,447.0,424.0,501.0,998.0,1258.0,634.0,253.0,733.0,500.0,869.0
2018-10-29,Radni_dan,1143.0,1103.0,498.0,1549.0,1041.0,943.0,719.0,638.0,868.0,1497.0,1714.0,1183.0,562.0,1450.0,979.0,1425.0
2018-10-30,Radni_dan,1224.0,1152.0,516.0,1543.0,1069.0,937.0,722.0,670.0,896.0,1581.0,1774.0,1205.0,562.0,1483.0,997.0,1546.0
2018-10-31,Radni_dan,1238.0,1252.0,535.0,1634.0,1190.0,998.0,767.0,741.0,968.0,1765.0,1862.0,1309.0,584.0,1598.0,1093.0,1735.0
2018-11-01,Praznik,795.0,813.0,398.0,1034.0,789.0,507.0,480.0,452.0,489.0,1101.0,1358.0,770.0,305.0,707.0,562.0,995.0
2018-11-02,Radni_dan,992.0,1064.0,473.0,1462.0,1012.0,793.0,618.0,619.0,849.0,1441.0,1614.0,1118.0,544.0,1327.0,842.0,1340.0
2018-11-03,Vikend,794.0,931.0,427.0,1189.0,892.0,601.0,481.0,546.0,677.0,1212.0,1382.0,889.0,437.0,1013.0,673.0,1098.0
2018-11-04,Vikend,794.0,735.0,373.0,910.0,718.0,484.0,445.0,432.0,505.0,981.0,1241.0,656.0,293.0,769.0,546.0,856.0
2018-11-05,Radni_dan,1257.0,1117.0,495.0,1515.0,1047.0,969.0,730.0,685.0,894.0,1527.0,1694.0,1153.0,560.0,1490.0,1032.0,1439.0
2018-11-06,Radni_dan,1247.0,1125.0,484.0,1522.0,1043.0,980.0,714.0,670.0,893.0,1531.0,1716.0,1134.0,551.0,1470.0,1003.0,1430.0
2018-11-07,Radni_dan,1257.0,1166.0,504.0,1529.0,1099.0,990.0,694.0,716.0,923.0,1628.0,1775.0,1148.0,551.0,1525.0,1034.0,1542.0
2018-11-08,Radni_dan,1311.0,1197.0,513.0,1525.0,1132.0,978.0,730.0,706.0,937.0,1669.0,1828.0,1180.0,556.0,1548.0,1042.0,1602.0
2018-11-09,Radni_dan,1301.0,1239.0,538.0,1589.0,1148.0,1009.0,741.0,753.0,955.0,1688.0,1848.0,1193.0,575.0,1614.0,1079.0,1583.0
2018-11-10,Vikend,1046.0,1024.0,470.0,1248.0,952.0,691.0,537.0,603.0,724.0,1307.0,1503.0,928.0,465.0,1121.0,773.0,1172.0
2018-11-11,Vikend,884.0,778.0,379.0,968.0,734.0,531.0,456.0,456.0,535.0,1026.0,1266.0,695.0,281.0,784.0,551.0,881.0
2018-11-12,Radni_dan,1178.0,1092.0,490.0,1489.0,1042.0,963.0,702.0,649.0,887.0,1510.0,1680.0,1142.0,530.0,1473.0,993.0,1418.0
2018-11-13,Radni_dan,1229.0,1108.0,498.0,1471.0,1064.0,977.0,728.0,692.0,883.0,1494.0,1665.0,1136.0,524.0,1478.0,1004.0,1419.0
2018-11-14,Radni_dan,1294.0,1135.0,497.0,1502.0,1074.0,977.0,728.0,718.0,872.0,1535.0,1686.0,1126.0,542.0,1490.0,1015.0,1445.0
2018-11-15,Radni_dan,1270.0,1181.0,510.0,1571.0,1112.0,985.0,737.0,726.0,964.0,1605.0,1768.0,1169.0,531.0,1565.0,1062.0,1530.0
2018-11-16,Radni_dan,1331.0,1209.0,544.0,1602.0,1145.0,1004.0,742.0,757.0,987.0,1655.0,1816.0,1225.0,575.0,1621.0,1075.0,1570.0
2018-11-17,Vikend,1016.0,1021.0,474.0,1271.0,968.0,695.0,530.0,615.0,737.0,1341.0,1521.0,938.0,442.0,1095.0,783.0,1208.0
2018-11-18,Vikend,878.0,751.0,374.0,993.0,719.0,512.0,446.0,443.0,511.0,1025.0,1284.0,682.0,287.0,741.0,535.0,882.0
2018-11-19,Radni_dan,1267.0,1093.0,492.0,1509.0,1031.0,973.0,704.0,688.0,874.0,1506.0,1663.0,1100.0,533.0,1458.0,1015.0,1420.0
2018-11-20,Radni_dan,1259.0,1085.0,492.0,1463.0,1013.0,959.0,703.0,683.0,847.0,1461.0,1647.0,1084.0,519.0,1410.0,969.0,1340.0
2018-11-21,Radni_dan,1280.0,1131.0,503.0,1518.0,1068.0,985.0,744.0,716.0,885.0,1533.0,1684.0,1107.0,540.0,1523.0,1030.0,1450.0
2018-11-22,Radni_dan,1341.0,1190.0,517.0,1557.0,1126.0,995.0,738.0,739.0,932.0,1738.0,1818.0,1128.0,551.0,1587.0,1028.0,1587.0
2018-11-23,Radni_dan,1367.0,1267.0,541.0,1627.0,1186.0,998.0,743.0,783.0,967.0,1834.0,1863.0,1247.0,581.0,1670.0,1073.0,1621.0
2018-11-24,Vikend,1025.0,1034.0,478.0,1238.0,988.0,665.0,535.0,623.0,730.0,1295.0,1455.0,903.0,443.0,1092.0,772.0,1161.0
2018-11-25,Vikend,855.0,750.0,392.0,916.0,700.0,497.0,461.0,467.0,494.0,946.0,1212.0,650.0,267.0,707.0,519.0,793.0
2018-11-26,Radni_dan,1308.0,1126.0,502.0,1528.0,1061.0,991.0,728.0,727.0,881.0,1539.0,1682.0,1142.0,559.0,1490.0,1005.0,1419.0
2018-11-27,Radni_dan,1267.0,1135.0,501.0,1516.0,1059.0,981.0,733.0,719.0,880.0,1497.0,1676.0,1116.0,549.0,1478.0,996.0,1404.0
2018-11-28,Radni_dan,1281.0,1166.0,514.0,1452.0,1115.0,981.0,748.0,733.0,887.0,1566.0,1727.0,1120.0,551.0,1519.0,1021.0,1482.0
2018-11-29,Radni_dan,1318.0,1141.0,507.0,1567.0,1078.0,1001.0,739.0,758.0,924.0,1581.0,1753.0,1172.0,574.0,1585.0,1028.0,1481.0
2018-11-30,Radni_dan,1407.0,1243.0,564.0,1634.0,1162.0,1024.0,773.0,806.0,995.0,1706.0,1848.0,1238.0,618.0,1674.0,1094.0,1600.0
2018-12-01,Vikend,1045.0,1059.0,505.0,1267.0,989.0,681.0,550.0,661.0,764.0,1340.0,1492.0,941.0,447.0,1166.0,787.0,1198.0
2018-12-02,Vikend,907.0,792.0,416.0,1002.0,731.0,506.0,474.0,507.0,553.0,1018.0,1285.0,659.0,307.0,829.0,560.0,861.0
2018-12-03,Radni_dan,1269.0,1139.0,515.0,1515.0,1070.0,998.0,739.0,724.0,915.0,1552.0,1710.0,1140.0,563.0,1540.0,1042.0,1448.0
2018-12-04,Radni_dan,1273.0,1186.0,514.0,1527.0,1116.0,977.0,743.0,727.0,895.0,1581.0,1751.0,1151.0,550.0,1499.0,1012.0,1491.0
2018-12-05,Radni_dan,1305.0,1202.0,526.0,1526.0,1126.0,983.0,740.0,731.0,908.0,1580.0,1698.0,1136.0,568.0,1540.0,1029.0,1520.0
2018-12-06,Radni_dan,1337.0,1186.0,530.0,1553.0,1090.0,979.0,756.0,764.0,909.0,1572.0,1752.0,1169.0,576.0,1543.0,1040.0,1511.0
2018-12-07,Radni_dan,1378.0,1263.0,567.0,1627.0,1171.0,992.0,745.0,802.0,981.0,1668.0,1818.0,1221.0,585.0,1667.0,1094.0,1599.0
2018-12-08,Praznik,920.0,1028.0,502.0,1180.0,956.0,569.0,505.0,602.0,716.0,1204.0,1384.0,870.0,390.0,1036.0,676.0,1089.0
2018-12-09,Vikend,874.0,794.0,399.0,922.0,733.0,506.0,464.0,488.0,529.0,985.0,1246.0,651.0,277.0,764.0,552.0,858.0
2018-12-10,Radni_dan,1228.0,1203.0,516.0,1520.0,1136.0,979.0,739.0,728.0,916.0,1632.0,1789.0,1158.0,563.0,1536.0,1038.0,1544.0
2018-12-11,Radni_dan,1310.0,1205.0,522.0,1540.0,1132.0,997.0,750.0,761.0,929.0,1590.0,1749.0,1165.0,552.0,1551.0,1054.0,1532.0
2018-12-12,Radni_dan,1312.0,1159.0,538.0,1548.0,1075.0,982.0,741.0,768.0,958.0,1622.0,1747.0,1155.0,573.0,1640.0,1072.0,1572.0
2018-12-13,Radni_dan,1350.0,1205.0,534.0,1545.0,1128.0,994.0,757.0,780.0,936.0,1573.0,1770.0,1185.0,587.0,1588.0,1047.0,1498.0
2018-12-14,Radni_dan,1355.0,1241.0,569.0,1624.0,1154.0,1031.0,753.0,816.0,974.0,1639.0,1810.0,1224.0,593.0,1625.0,1099.0,1546.0
2018-12-15,Vikend,1042.0,1065.0,520.0,1292.0,998.0,681.0,551.0,665.0,796.0,1355.0,1490.0,947.0,473.0,1191.0,819.0,1234.0
2018-12-16,Vikend,894.0,790.0,402.0,949.0,724.0,517.0,487.0,485.0,539.0,996.0,1258.0,660.0,274.0,763.0,587.0,863.0
2018-12-17,Radni_dan,1267.0,1183.0,532.0,1559.0,1111.0,976.0,748.0,764.0,906.0,1590.0,1727.0,1191.0,580.0,1568.0,1051.0,1504.0
2018-12-18,Radni_dan,1281.0,1187.0,533.0,1572.0,1121.0,1005.0,755.0,794.0,936.0,1592.0,1750.0,1159.0,590.0,1605.0,1064.0,1520.0
2018-12-19,Radni_dan,1389.0,1220.0,546.0,1584.0,1138.0,1014.0,773.0,809.0,953.0,1610.0,1769.0,1176.0,591.0,1638.0,1095.0,1564.0
2018-12-20,Radni_dan,1362.0,1230.0,546.0,1595.0,1155.0,1004.0,770.0,820.0,961.0,1616.0,1789.0,1186.0,599.0,1615.0,1063.0,1536.0
2018-12-21,Radni_dan,1347.0,1240.0,581.0,1591.0,1138.0,994.0,737.0,833.0,968.0,1659.0,1774.0,1209.0,618.0,1592.0,1095.0,1595.0
2018-12-22,Vikend,942.0,985.0,475.0,1162.0,931.0,627.0,528.0,599.0,674.0,1220.0,1341.0,873.0,423.0,1019.0,801.0,1176.0
2018-12-23,Vikend,811.0,698.0,367.0,828.0,646.0,467.0,432.0,436.0,440.0,822.0,1078.0,591.0,253.0,600.0,518.0,741.0
2018-12-24,Radni_dan,837.0,753.0,396.0,1047.0,654.0,591.0,478.0,460.0,503.0,995.0,1160.0,681.0,351.0,702.0,623.0,941.0
2018-12-25,Praznik,586.0,518.0,265.0,645.0,478.0,363.0,344.0,266.0,315.0,633.0,803.0,387.0,180.0,454.0,401.0,571.0
2018-12-26,Praznik,666.0,612.0,284.0,722.0,576.0,400.0,377.0,318.0,382.0,767.0,964.0,445.0,226.0,591.0,479.0,699.0
2018-12-27,Radni_dan,920.0,989.0,436.0,1218.0,964.0,662.0,575.0,565.0,706.0,1234.0,1428.0,940.0,444.0,1067.0,762.0,1160.0
2018-12-28,Radni_dan,949.0,973.0,445.0,1200.0,935.0,670.0,563.0,566.0,688.0,1211.0,1415.0,926.0,443.0,1043.0,748.0,1148.0
2018-12-29,Vikend,751.0,834.0,392.0,1022.0,801.0,524.0,432.0,464.0,563.0,1058.0,1207.0,752.0,365.0,826.0,634.0,1000.0
2018-12-30,Vikend,631.0,605.0,324.0,729.0,571.0,405.0,364.0,348.0,372.0,744.0,963.0,505.0,219.0,532.0,410.0,630.0
2018-12-31,Radni_dan,787.0,804.0,421.0,995.0,711.0,567.0,429.0,491.0,540.0,1014.0,1117.0,673.0,340.0,755.0,602.0,950.0
2019-01-01,Praznik,601.0,546.0,346.0,657.0,482.0,358.0,333.0,349.0,342.0,653.0,808.0,393.0,184.0,481.0,383.0,560.0
2019-01-02,Radni_dan,825.0,928.0,411.0,1204.0,910.0,662.0,540.0,521.0,671.0,1152.0,1372.0,883.0,440.0,1044.0,714.0,1077.0
2019-01-03,Radni_dan,840.0,925.0,418.0,1228.0,914.0,666.0,567.0,543.0,680.0,1150.0,1378.0,875.0,454.0,1043.0,719.0,1073.0
2019-01-04,Radni_dan,940.0,954.0,437.0,1262.0,934.0,704.0,570.0,557.0,699.0,1196.0,1408.0,914.0,463.0,1097.0,753.0,1117.0
2019-01-05,Vikend,752.0,818.0,380.0,1027.0,787.0,518.0,429.0,456.0,547.0,989.0,1174.0,765.0,380.0,818.0,584.0,912.0
2019-01-06,Praznik,733.0,639.0,330.0,827.0,600.0,456.0,402.0,380.0,422.0,801.0,1078.0,575.0,247.0,630.0,480.0,689.0
2019-01-07,Radni_dan,1184.0,1092.0,472.0,1411.0,1034.0,892.0,676.0,652.0,806.0,1440.0,1642.0,1049.0,512.0,1350.0,915.0,1356.0
2019-01-08,Radni_dan,1200.0,1121.0,480.0,1419.0,1071.0,926.0,686.0,673.0,831.0,1493.0,1693.0,1047.0,517.0,1370.0,924.0,1412.0
2019-01-09,Radni_dan,1053.0,1124.0,477.0,1444.0,1080.0,919.0,691.0,679.0,839.0,1484.0,1684.0,1048.0,509.0,1393.0,943.0,1405.0
2019-01-10,Radni_dan,1157.0,1144.0,494.0,1474.0,1091.0,949.0,707.0,698.0,858.0,1492.0,1714.0,1071.0,524.0,1435.0,961.0,1450.0
2019-01-11,Radni_dan,1195.0,1236.0,524.0,1534.0,1177.0,969.0,723.0,726.0,906.0,1656.0,1857.0,1160.0,575.0,1502.0,1025.0,1598.0
2019-01-12,Vikend,937.0,989.0,446.0,1138.0,944.0,627.0,495.0,547.0,610.0,1284.0,1465.0,860.0,404.0,920.0,715.0,1189.0
2019-01-13,Vikend,756.0,785.0,353.0,853.0,742.0,488.0,418.0,410.0,432.0,1036.0,1265.0,617.0,243.0,617.0,514.0,915.0
2019-01-14,Radni_dan,1169.0,1139.0,488.0,1476.0,1080.0,920.0,704.0,690.0,835.0,1531.0,1708.0,1079.0,524.0,1441.0,965.0,1449.0
2019-01-15,Radni_dan,1020.0,1138.0,493.0,1476.0,1082.0,931.0,719.0,706.0,876.0,1510.0,1725.0,1076.0,528.0,1452.0,950.0,1420.0
2019-01-16,Radni_dan,1152.0,1158.0,493.0,1496.0,1105.0,942.0,716.0,687.0,882.0,1539.0,1742.0,1076.0,523.0,1500.0,975.0,1475.0
2019-01-17,Radni_dan,1186.0,1175.0,499.0,1536.0,1115.0,951.0,730.0,717.0,932.0,1571.0,1772.0,1110.0,544.0,1573.0,1007.0,1526.0
2019-01-18,Radni_dan,1264.0,1208.0,527.0,1584.0,1128.0,945.0,733.0,749.0,967.0,1616.0,1811.0,1129.0,576.0,1632.0,1003.0,1541.0
2019-01-19,Vikend,849.0,926.0,437.0,1211.0,881.0,601.0,508.0,559.0,682.0,1247.0,1433.0,857.0,443.0,1134.0,721.0,1141.0
2019-01-20,Vikend,738.0,713.0,353.0,975.0,677.0,479.0,438.0,422.0,565.0,1030.0,1234.0,611.0,286.0,887.0,551.0,907.0
2019-01-21,Radni_dan,1196.0,1154.0,478.0,1443.0,1070.0,908.0,716.0,678.0,861.0,1502.0,1715.0,1074.0,524.0,1442.0,962.0,1438.0
2019-01-22,Radni_dan,1211.0,1157.0,480.0,1448.0,1051.0,932.0,717.0,690.0,854.0,1444.0,1656.0,1068.0,520.0,1441.0,959.0,1420.0
2019-01-23,Radni_dan,1156.0,1115.0,475.0,1421.0,1017.0,885.0,694.0,677.0,825.0,1394.0,1599.0,1016.0,496.0,1358.0,919.0,1308.0
2019-01-24,Radni_dan,1247.0,1166.0,493.0,1486.0,1046.0,939.0,713.0,715.0,870.0,1515.0,1719.0,1066.0,524.0,1459.0,971.0,1442.0
2019-01-25,Radni_dan,1321.0,1210.0,521.0,1516.0,1057.0,968.0,715.0,723.0,873.0,1602.0,1800.0,1146.0,533.0,1478.0,1052.0,1530.0
2019-01-26,Vikend,978.0,953.0,439.0,1122.0,854.0,610.0,506.0,577.0,623.0,1190.0,1392.0,827.0,403.0,910.0,704.0,1072.0
2019-01-27,Vikend,738.0,757.0,353.0,896.0,678.0,463.0,434.0,421.0,465.0,1005.0,1226.0,591.0,257.0,670.0,539.0,885.0
2019-01-28,Radni_dan,1009.0,1186.0,477.0,1425.0,1065.0,919.0,704.0,669.0,817.0,1500.0,1706.0,1062.0,524.0,1359.0,948.0,1428.0
2019-01-29,Radni_dan,1119.0,1148.0,487.0,1426.0,1029.0,924.0,701.0,675.0,833.0,1465.0,1654.0,1062.0,525.0,1398.0,951.0,1388.0
2019-01-30,Radni_dan,1088.0,1161.0,488.0,1444.0,1046.0,947.0,716.0,699.0,829.0,1509.0,1714.0,1070.0,516.0,1415.0,984.0,1444.0
2019-01-31,Radni_dan,1119.0,1177.0,489.0,1490.0,1047.0,935.0,720.0,714.0,860.0,1531.0,1739.0,1080.0,529.0,1455.0,986.0,1453.0
2019-02-01,Radni_dan,1185.0,1234.0,523.0,1543.0,1095.0,967.0,716.0,729.0,881.0,1618.0,1812.0,1147.0,561.0,1446.0,1029.0,1557.0
2019-02-02,Vikend,856.0,979.0,447.0,1129.0,900.0,623.0,511.0,559.0,609.0,1230.0,1421.0,870.0,423.0,889.0,715.0,1122.0
2019-02-03,Vikend,751.0,733.0,352.0,915.0,665.0,468.0,441.0,431.0,468.0,978.0,1237.0,635.0,266.0,649.0,514.0,846.0
2019-02-04,Radni_dan,1200.0,1149.0,488.0,1465.0,1030.0,930.0,724.0,680.0,844.0,1485.0,1680.0,1108.0,535.0,1407.0,996.0,1411.0
2019-02-05,Radni_dan,1247.0,1171.0,500.0,1455.0,1038.0,942.0,731.0,688.0,852.0,1522.0,1717.0,1081.0,530.0,1442.0,981.0,1459.0
2019-02-06,Radni_dan,1216.0,1191.0,508.0,1475.0,1066.0,957.0,732.0,704.0,866.0,1544.0,1726.0,1108.0,534.0,1440.0,1011.0,1483.0
2019-02-07,Radni_dan,1276.0,1200.0,506.0,1491.0,1076.0,959.0,734.0,716.0,878.0,1545.0,1745.0,1120.0,539.0,1461.0,1011.0,1495.0
2019-02-08,Radni_dan,1135.0,1276.0,515.0,1525.0,1129.0,966.0,728.0,744.0,911.0,1613.0,1827.0,1190.0,563.0,1525.0,1049.0,1562.0
2019-02-09,Vikend,882.0,971.0,445.0,1151.0,890.0,626.0,506.0,528.0,639.0,1256.0,1444.0,878.0,417.0,924.0,744.0,1167.0
2019-02-10,Vikend,817.0,719.0,364.0,879.0,652.0,484.0,442.0,421.0,438.0,949.0,1203.0,642.0,270.0,630.0,538.0,826.0
2019-02-11,Radni_dan,1238.0,1222.0,490.0,1450.0,1064.0,941.0,719.0,688.0,838.0,1516.0,1703.0,1095.0,533.0,1410.0,972.0,1456.0
2019-02-12,Radni_dan,1236.0,1288.0,506.0,1459.0,1090.0,943.0,725.0,712.0,867.0,1563.0,1778.0,1115.0,541.0,1464.0,979.0,1490.0
2019-02-13,Radni_dan,1268.0,1262.0,493.0,1471.0,1056.0,957.0,735.0,710.0,866.0,1553.0,1739.0,1125.0,548.0,1460.0,999.0,1492.0
2019-02-14,Radni_dan,1317.0,1287.0,514.0,1515.0,1070.0,969.0,751.0,737.0,904.0,1586.0,1769.0,1158.0,557.0,1520.0,1037.0,1533.0
2019-02-15,Radni_dan,1280.0,1298.0,531.0,1574.0,1105.0,946.0,726.0,750.0,948.0,1654.0,1820.0,1172.0,592.0,1558.0,1040.0,1617.0
2019-02-16,Vikend,911.0,988.0,434.0,1137.0,865.0,593.0,487.0,528.0,637.0,1240.0,1418.0,846.0,399.0,964.0,728.0,1140.0
2019-02-17,Vikend,693.0,753.0,349.0,904.0,648.0,447.0,412.0,387.0,479.0,960.0,1214.0,632.0,262.0,718.0,530.0,835.0
2019-02-18,Radni_dan,926.0,1157.0,451.0,1345.0,1029.0,793.0,632.0,573.0,774.0,1417.0,1648.0,1059.0,488.0,1295.0,856.0,1376.0
2019-02-19,Radni_dan,998.0,1152.0,439.0,1347.0,1004.0,779.0,636.0,593.0,770.0,1390.0,1618.0,1037.0,482.0,1293.0,832.0,1334.0
2019-02-20,Radni_dan,883.0,1158.0,443.0,1355.0,1014.0,786.0,636.0,588.0,776.0,1387.0,1623.0,1046.0,488.0,1300.0,830.0,1332.0
2019-02-21,Radni_dan,951.0,1197.0,448.0,1367.0,1060.0,798.0,642.0,584.0,793.0,1447.0,1676.0,1063.0,485.0,1314.0,858.0,1404.0
2019-02-22,Radni_dan,974.0,1209.0,468.0,1410.0,1063.0,796.0,629.0,611.0,809.0,1482.0,1711.0,1090.0,498.0,1324.0,860.0,1422.0
2019-02-23,Vikend,740.0,952.0,421.0,1076.0,824.0,572.0,454.0,503.0,585.0,1200.0,1382.0,824.0,385.0,867.0,683.0,1104.0
2019-02-24,Vikend,661.0,753.0,352.0,840.0,630.0,448.0,416.0,397.0,439.0,916.0,1179.0,610.0,244.0,646.0,514.0,813.0
2019-02-25,Radni_dan,1055.0,1256.0,491.0,1444.0,1072.0,930.0,708.0,665.0,845.0,1531.0,1709.0,1111.0,529.0,1425.0,984.0,1485.0
2019-02-26,Radni_dan,1039.0,1286.0,500.0,1444.0,1096.0,943.0,718.0,699.0,862.0,1559.0,1751.0,1103.0,526.0,1466.0,976.0,1497.0
2019-02-27,Radni_dan,1069.0,1261.0,501.0,1449.0,1072.0,934.0,734.0,708.0,860.0,1548.0,1697.0,1118.0,533.0,1469.0,1015.0,1496.0
2019-02-28,Radni_dan,1096.0,1318.0,500.0,1494.0,1123.0,999.0,716.0,723.0,904.0,1623.0,1776.0,1151.0,558.0,1539.0,1026.0,1626.0
2019-03-01,Radni_dan,1122.0,1375.0,538.0,1620.0,1152.0,981.0,737.0,757.0,995.0,1681.0,1845.0,1205.0,592.0,1669.0,1083.0,1654.0
2019-03-02,Vikend,826.0,1053.0,459.0,1274.0,903.0,636.0,541.0,577.0,730.0,1278.0,1503.0,896.0,445.0,1029.0,748.0,1170.0
2019-03-03,Vikend,733.0,821.0,374.0,998.0,705.0,500.0,444.0,450.0,524.0,1009.0,1297.0,684.0,326.0,809.0,564.0,877.0
2019-03-04,Radni_dan,1079.0,1238.0,500.0,1467.0,1046.0,953.0,736.0,698.0,881.0,1502.0,1671.0,1141.0,558.0,1492.0,1026.0,1470.0
2019-03-05,Radni_dan,982.0,1186.0,481.0,1371.0,999.0,877.0,644.0,643.0,792.0,1398.0,1623.0,1040.0,518.0,1339.0,901.0,1327.0
2019-03-06,Radni_dan,1140.0,1305.0,520.0,1456.0,1094.0,960.0,735.0,715.0,870.0,1553.0,1753.0,1119.0,540.0,1466.0,1011.0,1505.0
2019-03-07,Radni_dan,1095.0,1308.0,512.0,1497.0,1102.0,970.0,727.0,733.0,885.0,1577.0,1758.0,1160.0,550.0,1517.0,1021.0,1543.0
2019-03-08,Radni_dan,1207.0,1344.0,532.0,1562.0,1124.0,996.0,740.0,752.0,930.0,1673.0,1812.0,1210.0,577.0,1576.0,1069.0,1590.0
2019-03-09,Vikend,886.0,1066.0,452.0,1227.0,947.0,629.0,504.0,570.0,748.0,1337.0,1532.0,916.0,441.0,1130.0,761.0,1240.0
2019-03-10,Vikend,802.0,810.0,376.0,950.0,708.0,490.0,447.0,435.0,551.0,1030.0,1313.0,691.0,284.0,818.0,549.0,901.0
2019-03-11,Radni_dan,1149.0,1231.0,492.0,1456.0,1043.0,939.0,720.0,683.0,870.0,1514.0,1677.0,1121.0,533.0,1476.0,1000.0,1457.0
2019-03-12,Radni_dan,1153.0,1248.0,497.0,1471.0,1043.0,962.0,723.0,706.0,873.0,1494.0,1670.0,1134.0,536.0,1481.0,995.0,1457.0
2019-03-13,Radni_dan,1194.0,1290.0,503.0,1463.0,1085.0,973.0,732.0,716.0,889.0,1565.0,1758.0,1137.0,551.0,1512.0,1019.0,1529.0
2019-03-14,Radni_dan,1247.0,1285.0,490.0,1482.0,1074.0,977.0,751.0,714.0,891.0,1569.0,1749.0,1142.0,554.0,1508.0,1032.0,1520.0
2019-03-15,Radni_dan,1283.0,1341.0,520.0,1589.0,1119.0,958.0,725.0,750.0,961.0,1666.0,1841.0,1196.0,598.0,1623.0,1080.0,1643.0
2019-03-16,Vikend,969.0,1068.0,462.0,1232.0,922.0,637.0,521.0,584.0,706.0,1282.0,1505.0,911.0,433.0,1087.0,744.0,1181.0
2019-03-17,Vikend,837.0,838.0,378.0,1051.0,724.0,505.0,451.0,457.0,576.0,1082.0,1347.0,717.0,348.0,927.0,587.0,955.0
2019-03-18,Radni_dan,1171.0,1286.0,498.0,1464.0,1102.0,942.0,713.0,685.0,864.0,1520.0,1729.0,1126.0,549.0,1463.0,1011.0,1463.0
2019-03-19,Radni_dan,1193.0,1237.0,493.0,1432.0,1043.0,939.0,715.0,699.0,866.0,1511.0,1719.0,1100.0,542.0,1456.0,986.0,1466.0
2019-03-20,Radni_dan,1236.0,1271.0,501.0,1460.0,1071.0,972.0,734.0,726.0,857.0,1546.0,1720.0,1118.0,549.0,1511.0,1036.0,1495.0
2019-03-21,Radni_dan,1189.0,1287.0,508.0,1505.0,1076.0,964.0,738.0,718.0,889.0,1571.0,1732.0,1130.0,560.0,1541.0,1045.0,1558.0
2019-03-22,Radni_dan,1260.0,1334.0,529.0,1546.0,1124.0,980.0,743.0,748.0,883.0,1676.0,1812.0,1177.0,593.0,1478.0,1102.0,1685.0
2019-03-23,Vikend,939.0,1058.0,453.0,1171.0,916.0,652.0,517.0,549.0,679.0,1324.0,1494.0,900.0,407.0,1016.0,823.0,1262.0
2019-03-24,Vikend,736.0,830.0,353.0,1001.0,715.0,511.0,451.0,406.0,476.0,1049.0,1341.0,785.0,296.0,755.0,590.0,922.0
2019-03-25,Radni_dan,1174.0,1282.0,488.0,1463.0,1055.0,971.0,724.0,700.0,836.0,1551.0,1713.0,1129.0,559.0,1466.0,1029.0,1502.0
2019-03-26,Radni_dan,1139.0,1329.0,498.0,1478.0,1116.0,979.0,730.0,711.0,871.0,1619.0,1803.0,1143.0,540.0,1511.0,1029.0,1566.0
2019-03-27,Radni_dan,1209.0,1292.0,499.0,1454.0,1081.0,966.0,735.0,707.0,866.0,1549.0,1721.0,1123.0,550.0,1496.0,1010.0,1508.0
2019-03-28,Radni_dan,1227.0,1313.0,511.0,1470.0,1107.0,977.0,742.0,725.0,895.0,1606.0,1781.0,1133.0,557.0,1536.0,1037.0,1596.0
2019-03-29,Radni_dan,1225.0,1379.0,533.0,1574.0,1150.0,991.0,735.0,750.0,933.0,1702.0,1837.0,1205.0,604.0,1592.0,1084.0,1678.0
2019-03-30,Vikend,1010.0,1063.0,467.0,1270.0,924.0,664.0,526.0,590.0,716.0,1342.0,1536.0,925.0,436.0,1112.0,796.0,1261.0
2019-03-31,Vikend,,,,,,,,,,,,,,,,
2019-04-01,Radni_dan,1161.0,1281.0,493.0,1468.0,1079.0,900.0,708.0,698.0,867.0,1534.0,1711.0,1153.0,560.0,1486.0,1070.0,1578.0
2019-04-02,Radni_dan,1173.0,1318.0,502.0,1484.0,1122.0,960.0,719.0,696.0,891.0,1596.0,1754.0,1122.0,600.0,1513.0,1026.0,1576.0
2019-04-03,Radni_dan,1229.0,1322.0,505.0,1504.0,1126.0,971.0,738.0,715.0,911.0,1610.0,1758.0,1136.0,580.0,1544.0,1050.0,1587.0
2019-04-04,Radni_dan,1296.0,1345.0,515.0,1536.0,1148.0,990.0,755.0,733.0,920.0,1653.0,1800.0,1187.0,598.0,1581.0,1059.0,1632.0
2019-04-05,Radni_dan,1262.0,1340.0,530.0,1572.0,1117.0,994.0,733.0,783.0,905.0,1668.0,1801.0,1202.0,595.0,1553.0,1059.0,1642.0
2019-04-06,Vikend,958.0,1080.0,449.0,1201.0,935.0,635.0,511.0,570.0,697.0,1296.0,1522.0,920.0,434.0,1061.0,753.0,1209.0
2019-04-07,Vikend,823.0,846.0,379.0,947.0,727.0,505.0,466.0,438.0,507.0,1059.0,1326.0,702.0,281.0,771.0,594.0,945.0
2019-04-08,Radni_dan,1152.0,1307.0,503.0,1480.0,1097.0,968.0,736.0,713.0,866.0,1565.0,1745.0,533.0,550.0,1473.0,1028.0,1547.0
2019-04-09,Radni_dan,1114.0,1323.0,503.0,1462.0,1107.0,980.0,724.0,714.0,866.0,1608.0,1754.0,,545.0,1501.0,1036.0,1578.0
2019-04-10,Radni_dan,1279.0,1341.0,509.0,1525.0,1114.0,994.0,746.0,746.0,891.0,1616.0,1776.0,,561.0,1539.0,1031.0,1585.0
2019-04-11,Radni_dan,1273.0,1332.0,531.0,1510.0,1111.0,1019.0,745.0,777.0,891.0,1627.0,1793.0,,565.0,1524.0,1046.0,1566.0
2019-04-12,Radni_dan,1317.0,1401.0,544.0,1564.0,1167.0,993.0,735.0,756.0,921.0,1700.0,1858.0,,581.0,1565.0,1113.0,1713.0
2019-04-13,Vikend,937.0,1091.0,456.0,1196.0,950.0,637.0,504.0,557.0,684.0,1329.0,1554.0,,427.0,1024.0,748.0,1252.0
2019-04-14,Vikend,709.0,772.0,369.0,867.0,668.0,453.0,410.0,403.0,432.0,944.0,1221.0,,246.0,615.0,481.0,817.0
2019-04-15,Radni_dan,1118.0,1241.0,461.0,1435.0,1077.0,873.0,684.0,631.0,843.0,1502.0,1706.0,,544.0,1393.0,941.0,1483.0
2019-04-16,Radni_dan,1118.0,1279.0,449.0,1424.0,1115.0,865.0,683.0,626.0,846.0,1531.0,1720.0,,537.0,1417.0,950.0,1527.0
2019-04-17,Radni_dan,1170.0,1325.0,470.0,1412.0,1131.0,870.0,698.0,638.0,850.0,1561.0,1730.0,,533.0,1445.0,952.0,1566.0
2019-04-18,Radni_dan,1178.0,1309.0,480.0,1417.0,1132.0,882.0,693.0,645.0,860.0,1556.0,1747.0,,541.0,1442.0,1021.0,1630.0
2019-04-19,Radni_dan,1015.0,1242.0,484.0,1385.0,1088.0,796.0,608.0,595.0,817.0,1532.0,1715.0,,504.0,1332.0,933.0,1521.0
2019-04-20,Vikend,756.0,877.0,393.0,969.0,744.0,539.0,436.0,409.0,530.0,1017.0,1184.0,,335.0,785.0,632.0,976.0
2019-04-21,Vikend,631.0,733.0,316.0,839.0,628.0,446.0,392.0,363.0,434.0,860.0,1074.0,,258.0,701.0,509.0,777.0
2019-04-22,Praznik,759.0,778.0,323.0,813.0,678.0,486.0,417.0,382.0,465.0,911.0,1150.0,,243.0,705.0,576.0,850.0
2019-04-23,Radni_dan,1031.0,1246.0,461.0,1472.0,1017.0,909.0,699.0,695.0,870.0,1523.0,1756.0,,546.0,1486.0,990.0,1533.0
2019-04-24,Radni_dan,1172.0,1274.0,501.0,1491.0,994.0,962.0,736.0,715.0,881.0,1582.0,1735.0,,556.0,1533.0,1037.0,1563.0
2019-04-25,Radni_dan,1191.0,1209.0,505.0,1498.0,935.0,962.0,730.0,698.0,897.0,1515.0,1664.0,,548.0,1556.0,1056.0,1516.0
2019-04-26,Radni_dan,1177.0,1270.0,518.0,1555.0,1012.0,957.0,732.0,719.0,918.0,1588.0,1737.0,,577.0,1568.0,1067.0,1554.0
2019-04-27,Vikend,888.0,1064.0,453.0,1216.0,909.0,658.0,524.0,541.0,668.0,1271.0,1487.0,,433.0,1032.0,791.0,1197.0
2019-04-28,Vikend,846.0,838.0,380.0,1029.0,694.0,503.0,456.0,439.0,535.0,1010.0,1314.0,,300.0,827.0,542.0,882.0
2019-04-29,Radni_dan,1086.0,1217.0,495.0,1490.0,979.0,967.0,720.0,702.0,893.0,1466.0,1654.0,,557.0,1514.0,1022.0,1422.0
2019-04-30,Radni_dan,1304.0,1286.0,539.0,1607.0,1016.0,1028.0,747.0,806.0,950.0,1586.0,1737.0,2.0,602.0,1603.0,1094.0,1561.0
2019-05-01,Praznik,779.0,784.0,369.0,964.0,663.0,500.0,451.0,417.0,529.0,955.0,1212.0,23.0,278.0,768.0,554.0,857.0
2019-05-02,Radni_dan,1047.0,1209.0,499.0,1444.0,981.0,929.0,699.0,686.0,849.0,1510.0,1644.0,,548.0,1457.0,1029.0,1471.0
2019-05-03,Radni_dan,1153.0,1266.0,513.0,1488.0,1042.0,969.0,718.0,740.0,896.0,1547.0,1701.0,,584.0,1516.0,1039.0,1510.0
2019-05-04,Vikend,959.0,1039.0,445.0,1119.0,904.0,671.0,501.0,568.0,624.0,1254.0,1422.0,,433.0,946.0,739.0,1181.0
2019-05-05,Vikend,732.0,809.0,359.0,867.0,688.0,475.0,439.0,431.0,453.0,943.0,1244.0,,246.0,670.0,485.0,812.0
2019-05-06,Radni_dan,1232.0,1236.0,507.0,1478.0,1019.0,982.0,738.0,767.0,937.0,1505.0,1676.0,753.0,605.0,1365.0,1056.0,1451.0
2019-05-07,Radni_dan,516.0,586.0,229.0,704.0,486.0,469.0,367.0,370.0,470.0,713.0,803.0,538.0,277.0,564.0,484.0,673.0
2019-05-08,Radni_dan,281.0,358.0,151.0,580.0,301.0,217.0,344.0,306.0,389.0,446.0,519.0,337.0,283.0,440.0,350.0,325.0
2019-05-09,Radni_dan,938.0,1260.0,519.0,1492.0,1017.0,999.0,764.0,839.0,1024.0,1529.0,1706.0,1172.0,601.0,1260.0,1049.0,1486.0
2019-05-10,Radni_dan,799.0,1006.0,463.0,1387.0,971.0,942.0,699.0,791.0,996.0,1518.0,1368.0,1176.0,567.0,1261.0,1031.0,1453.0
2019-05-11,Vikend,766.0,1047.0,443.0,1157.0,899.0,677.0,536.0,631.0,819.0,1221.0,1449.0,923.0,434.0,867.0,806.0,1166.0
2019-05-12,Vikend,699.0,839.0,373.0,998.0,695.0,536.0,486.0,519.0,645.0,989.0,1311.0,699.0,337.0,686.0,578.0,882.0
2019-05-13,Radni_dan,999.0,1205.0,497.0,1462.0,958.0,971.0,740.0,790.0,971.0,1473.0,1654.0,1145.0,590.0,1178.0,1022.0,1430.0
2019-05-14,Radni_dan,995.0,1226.0,509.0,1496.0,953.0,983.0,742.0,809.0,990.0,1518.0,1685.0,1174.0,602.0,1205.0,1043.0,1463.0
2019-05-15,Radni_dan,1013.0,1247.0,506.0,1464.0,996.0,989.0,760.0,811.0,984.0,1499.0,1678.0,1157.0,606.0,1187.0,1060.0,1471.0
2019-05-16,Radni_dan,1002.0,1247.0,514.0,1473.0,1006.0,976.0,759.0,816.0,1004.0,1496.0,1681.0,1160.0,594.0,1218.0,1049.0,1464.0
2019-05-17,Radni_dan,1016.0,1283.0,526.0,1501.0,1016.0,971.0,734.0,808.0,1035.0,1571.0,1703.0,1208.0,599.0,1272.0,1098.0,1551.0
2019-05-18,Vikend,765.0,1044.0,434.0,1216.0,893.0,654.0,508.0,603.0,802.0,1189.0,1437.0,887.0,410.0,874.0,761.0,1097.0
2019-05-19,Vikend,656.0,861.0,371.0,946.0,744.0,505.0,460.0,493.0,629.0,1044.0,1315.0,694.0,319.0,665.0,566.0,937.0
2019-05-20,Radni_dan,946.0,1238.0,512.0,1434.0,1031.0,971.0,727.0,774.0,961.0,1464.0,1625.0,1118.0,564.0,1159.0,1031.0,1443.0
2019-05-21,Radni_dan,984.0,1230.0,495.0,1442.0,1026.0,960.0,737.0,787.0,978.0,1477.0,1612.0,1097.0,562.0,1175.0,1014.0,1447.0
2019-05-22,Radni_dan,981.0,1275.0,497.0,1440.0,1085.0,948.0,737.0,785.0,983.0,1565.0,1691.0,1091.0,555.0,1201.0,1019.0,1546.0
2019-05-23,Radni_dan,1011.0,1298.0,501.0,1481.0,1086.0,981.0,745.0,789.0,1018.0,1552.0,1708.0,1110.0,581.0,1223.0,1048.0,1524.0
2019-05-24,Radni_dan,1021.0,1296.0,522.0,1463.0,1090.0,978.0,715.0,798.0,994.0,1564.0,1695.0,1150.0,582.0,1172.0,1092.0,1530.0
2019-05-25,Vikend,714.0,1014.0,440.0,1141.0,876.0,635.0,511.0,586.0,791.0,1236.0,1393.0,844.0,399.0,871.0,777.0,1158.0
2019-05-26,Vikend,702.0,857.0,387.0,948.0,727.0,524.0,469.0,526.0,666.0,1005.0,1296.0,699.0,287.0,681.0,605.0,871.0
2019-05-27,Radni_dan,978.0,1282.0,493.0,1451.0,1072.0,958.0,714.0,781.0,957.0,1551.0,1703.0,1116.0,571.0,1170.0,1035.0,1514.0
2019-05-28,Radni_dan,1018.0,1292.0,509.0,1512.0,1075.0,974.0,730.0,817.0,977.0,1534.0,1720.0,1114.0,572.0,1198.0,1018.0,1487.0
2019-05-29,Radni_dan,1047.0,1350.0,540.0,1595.0,1108.0,1008.0,766.0,878.0,1020.0,1642.0,1756.0,1179.0,623.0,1312.0,1120.0,1619.0
2019-05-30,Praznik,565.0,777.0,361.0,826.0,644.0,455.0,414.0,455.0,554.0,838.0,1139.0,557.0,241.0,572.0,490.0,743.0
2019-05-31,Radni_dan,750.0,1142.0,471.0,1297.0,992.0,734.0,593.0,660.0,889.0,1330.0,1533.0,1016.0,502.0,1001.0,838.0,1282.0
2019-06-01,Vikend,607.0,936.0,394.0,1019.0,801.0,557.0,454.0,505.0,679.0,1088.0,1278.0,790.0,367.0,719.0,664.0,1008.0
2019-06-02,Vikend,591.0,825.0,333.0,888.0,714.0,461.0,421.0,448.0,577.0,985.0,1257.0,658.0,305.0,607.0,557.0,877.0
2019-06-03,Radni_dan,786.0,1186.0,488.0,1180.0,1026.0,775.0,568.0,601.0,790.0,1446.0,1607.0,1089.0,460.0,939.0,841.0,1189.0
2019-06-04,Radni_dan,953.0,1242.0,502.0,1519.0,1033.0,945.0,705.0,760.0,968.0,1471.0,1637.0,1084.0,514.0,1163.0,1009.0,1436.0
2019-06-05,Radni_dan,979.0,1239.0,495.0,1494.0,1050.0,962.0,725.0,760.0,996.0,1515.0,1660.0,1071.0,544.0,1187.0,1028.0,1472.0
2019-06-06,Radni_dan,996.0,1260.0,484.0,1521.0,1060.0,979.0,723.0,787.0,1002.0,1551.0,1695.0,1117.0,566.0,1198.0,1058.0,1530.0
2019-06-07,Radni_dan,970.0,1292.0,505.0,1540.0,1078.0,939.0,713.0,770.0,1012.0,1608.0,1746.0,1122.0,577.0,1220.0,1084.0,1595.0
2019-06-08,Vikend,618.0,951.0,388.0,1080.0,842.0,565.0,444.0,489.0,703.0,1142.0,1317.0,780.0,374.0,759.0,700.0,1095.0
2019-06-09,Vikend,536.0,764.0,309.0,789.0,656.0,431.0,386.0,411.0,509.0,901.0,1151.0,585.0,225.0,528.0,497.0,795.0
2019-06-10,Praznik,523.0,755.0,302.0,767.0,660.0,451.0,396.0,386.0,517.0,868.0,1118.0,556.0,231.0,531.0,504.0,806.0
2019-06-11,Radni_dan,883.0,1228.0,467.0,1423.0,1057.0,881.0,693.0,713.0,958.0,1471.0,1666.0,1117.0,550.0,1131.0,982.0,1438.0
2019-06-12,Radni_dan,952.0,1227.0,488.0,1496.0,1004.0,931.0,711.0,762.0,988.0,1532.0,1662.0,1101.0,560.0,1189.0,1058.0,1481.0
2019-06-13,Radni_dan,958.0,1269.0,504.0,1453.0,1053.0,941.0,724.0,762.0,1002.0,1500.0,1666.0,1086.0,552.0,1168.0,1034.0,1473.0
2019-06-14,Radni_dan,981.0,1305.0,516.0,1490.0,1105.0,953.0,714.0,775.0,1019.0,1564.0,1708.0,1137.0,569.0,1194.0,1063.0,1548.0
2019-06-15,Vikend,760.0,1014.0,407.0,1270.0,888.0,640.0,486.0,655.0,813.0,1203.0,1419.0,836.0,404.0,861.0,775.0,1126.0
2019-06-16,Vikend,635.0,838.0,376.0,904.0,708.0,490.0,435.0,477.0,587.0,1005.0,1249.0,658.0,257.0,578.0,568.0,896.0
2019-06-17,Radni_dan,947.0,1291.0,487.0,1449.0,1084.0,936.0,723.0,755.0,977.0,1571.0,1736.0,1111.0,559.0,1129.0,1012.0,1540.0
2019-06-18,Radni_dan,944.0,1356.0,499.0,1285.0,1160.0,939.0,716.0,747.0,985.0,1639.0,1775.0,1112.0,556.0,1145.0,1025.0,1619.0
2019-06-19,Radni_dan,1015.0,1338.0,506.0,1505.0,1122.0,982.0,783.0,805.0,1025.0,1623.0,1783.0,1167.0,596.0,1218.0,1094.0,1627.0
2019-06-20,Praznik,560.0,773.0,334.0,770.0,675.0,440.0,429.0,438.0,522.0,865.0,1122.0,542.0,241.0,544.0,507.0,787.0
2019-06-21,Radni_dan,768.0,1140.0,457.0,1250.0,991.0,735.0,593.0,642.0,874.0,1335.0,1498.0,990.0,478.0,972.0,833.0,1305.0
2019-06-22,Vikend,627.0,926.0,398.0,997.0,805.0,544.0,487.0,546.0,675.0,1079.0,1278.0,752.0,358.0,708.0,627.0,989.0
2019-06-23,Vikend,575.0,783.0,352.0,817.0,666.0,456.0,423.0,462.0,575.0,892.0,1187.0,582.0,226.0,543.0,498.0,762.0
2019-06-24,Radni_dan,935.0,1222.0,478.0,1432.0,1040.0,927.0,729.0,746.0,954.0,1455.0,1620.0,1094.0,535.0,1120.0,1013.0,1404.0
2019-06-25,Radni_dan,772.0,1007.0,445.0,1292.0,974.0,880.0,670.0,682.0,882.0,1338.0,1525.0,996.0,492.0,1069.0,883.0,1222.0
2019-06-26,Radni_dan,966.0,1232.0,481.0,1458.0,1064.0,914.0,734.0,740.0,988.0,1479.0,1648.0,1070.0,546.0,1155.0,996.0,1440.0
2019-06-27,Radni_dan,979.0,1251.0,496.0,1459.0,1069.0,958.0,729.0,769.0,964.0,1536.0,1652.0,1088.0,551.0,1151.0,996.0,1485.0
2019-06-28,Radni_dan,1009.0,1311.0,527.0,1503.0,1108.0,951.0,752.0,806.0,1014.0,1606.0,1723.0,1129.0,587.0,1222.0,1059.0,1575.0
2019-06-29,Vikend,769.0,1066.0,457.0,1108.0,929.0,646.0,545.0,610.0,773.0,1264.0,1463.0,849.0,393.0,815.0,782.0,1191.0
2019-06-30,Vikend,647.0,874.0,369.0,926.0,760.0,513.0,493.0,486.0,591.0,1041.0,1300.0,671.0,280.0,623.0,597.0,929.0
2019-07-01,Radni_dan,949.0,1317.0,484.0,1473.0,1120.0,947.0,730.0,751.0,975.0,1626.0,1778.0,1151.0,549.0,1154.0,1048.0,1593.0
2019-07-02,Radni_dan,985.0,1349.0,495.0,1479.0,1143.0,949.0,761.0,775.0,991.0,1642.0,1808.0,1136.0,564.0,1177.0,1026.0,1599.0
2019-07-03,Radni_dan,1010.0,1324.0,496.0,1416.0,1100.0,974.0,761.0,798.0,1022.0,1586.0,1744.0,1125.0,600.0,1240.0,1044.0,1543.0
2019-07-04,Radni_dan,1004.0,1297.0,508.0,1152.0,1093.0,948.0,746.0,796.0,1047.0,1578.0,1725.0,1145.0,572.0,1249.0,1054.0,1525.0
2019-07-05,Radni_dan,964.0,1283.0,509.0,1470.0,1076.0,923.0,734.0,773.0,1004.0,1579.0,1717.0,1151.0,578.0,1193.0,1039.0,1541.0
2019-07-06,Vikend,686.0,1014.0,417.0,1058.0,905.0,596.0,519.0,551.0,739.0,1181.0,1392.0,827.0,380.0,779.0,731.0,1122.0
2019-07-07,Vikend,595.0,794.0,338.0,848.0,696.0,470.0,445.0,464.0,572.0,924.0,1217.0,620.0,254.0,556.0,537.0,806.0
2019-07-08,Radni_dan,946.0,1408.0,474.0,1427.0,1043.0,892.0,736.0,730.0,953.0,1470.0,1660.0,1123.0,568.0,1110.0,988.0,1434.0
2019-07-09,Radni_dan,923.0,1420.0,454.0,1416.0,1056.0,909.0,725.0,722.0,954.0,1437.0,1663.0,1091.0,547.0,1115.0,980.0,1408.0
2019-07-10,Radni_dan,928.0,1418.0,464.0,1389.0,1046.0,887.0,715.0,705.0,944.0,1437.0,1654.0,1080.0,524.0,1095.0,991.0,1426.0
2019-07-11,Radni_dan,901.0,1429.0,453.0,1410.0,1053.0,872.0,670.0,702.0,955.0,1470.0,1677.0,1067.0,523.0,1115.0,968.0,1440.0
2019-07-12,Radni_dan,950.0,1454.0,485.0,1449.0,1085.0,904.0,691.0,748.0,978.0,1484.0,1684.0,1110.0,552.0,1161.0,969.0,1461.0
2019-07-13,Vikend,646.0,1123.0,415.0,1137.0,874.0,567.0,454.0,556.0,791.0,1188.0,1398.0,826.0,390.0,846.0,684.0,1102.0
2019-07-14,Vikend,585.0,929.0,344.0,885.0,716.0,472.0,420.0,443.0,632.0,974.0,1276.0,633.0,253.0,620.0,547.0,860.0
2019-07-15,Radni_dan,852.0,1406.0,440.0,1367.0,1068.0,833.0,671.0,657.0,916.0,1464.0,1674.0,1090.0,531.0,1158.0,928.0,1455.0
2019-07-16,Radni_dan,882.0,1405.0,434.0,1387.0,1076.0,849.0,671.0,677.0,951.0,1463.0,1680.0,1042.0,509.0,1096.0,932.0,1441.0
2019-07-17,Radni_dan,892.0,1433.0,437.0,1357.0,1107.0,846.0,681.0,697.0,962.0,1497.0,1711.0,1066.0,497.0,1090.0,930.0,1476.0
2019-07-18,Radni_dan,894.0,1420.0,449.0,1394.0,1082.0,843.0,674.0,692.0,957.0,1460.0,1696.0,1055.0,507.0,1100.0,923.0,1429.0
2019-07-19,Radni_dan,872.0,1417.0,455.0,1267.0,1077.0,822.0,649.0,677.0,960.0,1445.0,1656.0,1053.0,503.0,1098.0,921.0,1424.0
2019-07-20,Vikend,596.0,1056.0,379.0,983.0,849.0,532.0,452.0,482.0,687.0,1093.0,1289.0,760.0,355.0,717.0,650.0,1017.0
2019-07-21,Vikend,546.0,847.0,311.0,794.0,665.0,444.0,394.0,402.0,541.0,866.0,1152.0,598.0,231.0,539.0,502.0,772.0
2019-07-22,Radni_dan,819.0,1309.0,423.0,1309.0,1025.0,784.0,638.0,634.0,901.0,1352.0,1535.0,1000.0,488.0,1037.0,882.0,1317.0
2019-07-23,Radni_dan,846.0,1314.0,423.0,1316.0,1010.0,808.0,662.0,648.0,896.0,1336.0,1562.0,1017.0,484.0,1066.0,895.0,1332.0
2019-07-24,Radni_dan,840.0,1325.0,428.0,1190.0,1016.0,793.0,655.0,643.0,909.0,1342.0,1542.0,994.0,482.0,1042.0,882.0,1309.0
2019-07-25,Radni_dan,851.0,1406.0,436.0,1334.0,1096.0,791.0,660.0,650.0,939.0,1453.0,1629.0,1028.0,489.0,1097.0,912.0,1454.0
2019-07-26,Radni_dan,844.0,1441.0,443.0,1329.0,1116.0,783.0,647.0,667.0,952.0,1558.0,1778.0,1026.0,487.0,1104.0,902.0,1457.0
2019-07-27,Vikend,598.0,1004.0,352.0,979.0,802.0,511.0,439.0,489.0,690.0,1056.0,1253.0,718.0,338.0,721.0,623.0,556.0
2019-07-28,Vikend,547.0,819.0,312.0,852.0,631.0,431.0,396.0,425.0,582.0,870.0,1152.0,563.0,262.0,598.0,475.0,421.0
2019-07-29,Radni_dan,861.0,1405.0,436.0,1342.0,1076.0,820.0,659.0,684.0,910.0,1469.0,1680.0,1055.0,525.0,1041.0,906.0,767.0
2019-07-30,Radni_dan,833.0,1405.0,429.0,1308.0,1104.0,803.0,637.0,659.0,905.0,1492.0,1710.0,1006.0,489.0,1053.0,891.0,1137.0
2019-07-31,Radni_dan,868.0,1473.0,437.0,1325.0,1143.0,808.0,660.0,686.0,929.0,1535.0,1742.0,1030.0,496.0,1062.0,918.0,1538.0
2019-08-01,Radni_dan,866.0,1502.0,446.0,1366.0,1171.0,813.0,656.0,688.0,941.0,1638.0,1830.0,1070.0,530.0,1104.0,932.0,1620.0
2019-08-02,Radni_dan,901.0,1461.0,454.0,1450.0,1092.0,818.0,669.0,723.0,990.0,1566.0,1778.0,1095.0,594.0,1162.0,929.0,1523.0
2019-08-03,Vikend,606.0,1031.0,365.0,1005.0,819.0,515.0,438.0,507.0,738.0,1062.0,1263.0,758.0,366.0,778.0,636.0,1010.0
2019-08-04,Vikend,553.0,919.0,312.0,766.0,737.0,444.0,400.0,417.0,559.0,1020.0,1267.0,603.0,236.0,556.0,513.0,951.0
2019-08-05,Radni_dan,803.0,1379.0,418.0,1283.0,1088.0,769.0,633.0,662.0,860.0,1406.0,1631.0,998.0,477.0,999.0,874.0,1327.0
2019-08-06,Radni_dan,777.0,1349.0,424.0,1273.0,1061.0,756.0,629.0,675.0,888.0,1398.0,1602.0,978.0,472.0,1012.0,858.0,1376.0
2019-08-07,Radni_dan,814.0,1435.0,420.0,1296.0,1127.0,769.0,647.0,672.0,888.0,1553.0,1744.0,1043.0,471.0,1010.0,846.0,1524.0
2019-08-08,Radni_dan,887.0,1449.0,440.0,1331.0,1115.0,845.0,670.0,733.0,943.0,1555.0,1770.0,1105.0,505.0,1084.0,960.0,1611.0
2019-08-09,Radni_dan,812.0,1388.0,426.0,1295.0,1111.0,757.0,631.0,673.0,919.0,1486.0,1669.0,997.0,488.0,1073.0,885.0,1465.0
2019-08-10,Vikend,572.0,976.0,353.0,905.0,779.0,493.0,412.0,499.0,649.0,1060.0,1209.0,689.0,322.0,685.0,628.0,1020.0
2019-08-11,Vikend,522.0,831.0,307.0,756.0,651.0,420.0,380.0,427.0,539.0,877.0,1102.0,545.0,225.0,535.0,495.0,785.0
2019-08-12,Radni_dan,780.0,1344.0,411.0,1257.0,1081.0,750.0,631.0,652.0,883.0,1408.0,1597.0,964.0,475.0,1010.0,836.0,1379.0
2019-08-13,Radni_dan,827.0,1420.0,424.0,1332.0,1123.0,791.0,657.0,720.0,927.0,1494.0,1717.0,1015.0,497.0,1077.0,870.0,1478.0
2019-08-14,Radni_dan,876.0,1410.0,441.0,1369.0,1087.0,825.0,658.0,740.0,962.0,1494.0,1688.0,1042.0,524.0,1131.0,922.0,1486.0
2019-08-15,Praznik,525.0,787.0,293.0,717.0,608.0,419.0,384.0,428.0,505.0,806.0,1021.0,503.0,215.0,537.0,508.0,765.0
2019-08-16,Radni_dan,692.0,1194.0,396.0,1191.0,945.0,657.0,543.0,615.0,829.0,1244.0,1417.0,903.0,444.0,926.0,758.0,1202.0
2019-08-17,Vikend,545.0,952.0,334.0,906.0,756.0,482.0,393.0,496.0,648.0,980.0,1143.0,675.0,323.0,682.0,585.0,940.0
2019-08-18,Vikend,538.0,858.0,286.0,846.0,690.0,429.0,386.0,424.0,578.0,952.0,1205.0,606.0,283.0,640.0,521.0,866.0
2019-08-19,Radni_dan,810.0,1374.0,422.0,1349.0,1082.0,780.0,591.0,705.0,896.0,1411.0,1658.0,1042.0,491.0,1049.0,850.0,1397.0
2019-08-20,Radni_dan,851.0,1414.0,438.0,1379.0,1108.0,817.0,625.0,706.0,919.0,1532.0,1689.0,1028.0,491.0,1080.0,910.0,1542.0
2019-08-21,Radni_dan,859.0,1376.0,431.0,1402.0,1068.0,794.0,648.0,728.0,913.0,1400.0,1617.0,1026.0,503.0,1070.0,885.0,1358.0
2019-08-22,Radni_dan,855.0,1331.0,435.0,1392.0,1025.0,806.0,643.0,726.0,937.0,1349.0,1532.0,1026.0,503.0,1088.0,880.0,1338.0
2019-08-23,Radni_dan,836.0,1368.0,431.0,1383.0,1054.0,790.0,632.0,726.0,927.0,1369.0,1620.0,1056.0,509.0,1099.0,881.0,1353.0
2019-08-24,Vikend,590.0,1026.0,357.0,1021.0,791.0,523.0,421.0,545.0,697.0,1046.0,1261.0,763.0,353.0,734.0,621.0,978.0
2019-08-25,Vikend,537.0,855.0,308.0,855.0,661.0,433.0,396.0,450.0,557.0,903.0,1163.0,609.0,262.0,579.0,493.0,796.0
2019-08-26,Radni_dan,824.0,1378.0,402.0,1420.0,1069.0,806.0,661.0,675.0,902.0,1419.0,1578.0,1050.0,493.0,1046.0,878.0,1408.0
2019-08-27,Radni_dan,836.0,1422.0,419.0,1429.0,1088.0,808.0,652.0,668.0,934.0,1488.0,1717.0,1011.0,494.0,1084.0,864.0,1465.0
2019-08-28,Radni_dan,835.0,1433.0,420.0,1410.0,1120.0,802.0,661.0,689.0,926.0,1504.0,1685.0,1067.0,488.0,1078.0,893.0,1492.0
2019-08-29,Radni_dan,855.0,1470.0,430.0,1444.0,1154.0,816.0,655.0,713.0,984.0,1547.0,1767.0,1063.0,499.0,1117.0,887.0,1532.0
2019-08-30,Radni_dan,872.0,1448.0,454.0,1453.0,1117.0,813.0,638.0,742.0,963.0,1493.0,1703.0,1112.0,534.0,1148.0,939.0,1492.0
2019-08-31,Vikend,602.0,1066.0,386.0,1019.0,850.0,541.0,437.0,538.0,696.0,1119.0,1321.0,799.0,350.0,737.0,662.0,1051.0
2019-09-01,Vikend,545.0,875.0,316.0,841.0,693.0,450.0,392.0,460.0,561.0,918.0,1199.0,625.0,239.0,568.0,522.0,819.0
2019-09-02,Radni_dan,886.0,1435.0,445.0,1437.0,1085.0,841.0,676.0,742.0,945.0,1468.0,1703.0,1112.0,530.0,1096.0,922.0,1422.0
2019-09-03,Radni_dan,888.0,1492.0,442.0,1415.0,1135.0,865.0,681.0,726.0,957.0,1547.0,1757.0,1121.0,526.0,1111.0,946.0,1541.0
2019-09-04,Radni_dan,876.0,1484.0,438.0,1401.0,1145.0,838.0,672.0,740.0,966.0,1549.0,1745.0,1097.0,511.0,1118.0,934.0,1531.0
2019-09-05,Radni_dan,887.0,1315.0,446.0,1423.0,1075.0,854.0,688.0,738.0,982.0,1479.0,1676.0,1107.0,533.0,1150.0,940.0,1436.0
2019-09-06,Radni_dan,909.0,1277.0,473.0,1468.0,1058.0,823.0,680.0,788.0,980.0,1471.0,1665.0,1126.0,558.0,1167.0,952.0,1456.0
2019-09-07,Vikend,686.0,1030.0,420.0,1173.0,868.0,595.0,472.0,606.0,803.0,1193.0,1398.0,879.0,421.0,847.0,697.0,1112.0
2019-09-08,Vikend,592.0,789.0,342.0,854.0,670.0,468.0,416.0,464.0,590.0,880.0,1194.0,617.0,245.0,557.0,576.0,764.0
2019-09-09,Radni_dan,922.0,1286.0,474.0,1439.0,1082.0,910.0,677.0,739.0,959.0,1532.0,1714.0,1119.0,562.0,1119.0,991.0,1494.0
2019-09-10,Radni_dan,922.0,1252.0,467.0,1424.0,1058.0,903.0,674.0,749.0,941.0,1471.0,1661.0,1084.0,541.0,1095.0,975.0,1444.0
2019-09-11,Radni_dan,922.0,1226.0,463.0,1409.0,1042.0,903.0,684.0,737.0,946.0,1437.0,1608.0,1078.0,536.0,1118.0,983.0,1417.0
2019-09-12,Radni_dan,936.0,1227.0,476.0,1424.0,1040.0,891.0,689.0,741.0,966.0,1459.0,1626.0,1097.0,537.0,1105.0,971.0,1431.0
2019-09-13,Radni_dan,940.0,1271.0,502.0,1445.0,1078.0,896.0,685.0,765.0,999.0,1495.0,1685.0,1158.0,550.0,1160.0,1017.0,1467.0
2019-09-14,Vikend,702.0,1020.0,392.0,1177.0,874.0,614.0,478.0,574.0,807.0,1205.0,1437.0,868.0,427.0,859.0,722.0,1121.0
2019-09-15,Vikend,671.0,849.0,277.0,957.0,726.0,498.0,443.0,461.0,636.0,1018.0,1318.0,675.0,266.0,644.0,603.0,904.0
2019-09-16,Radni_dan,941.0,1225.0,485.0,1400.0,1037.0,901.0,707.0,719.0,956.0,1434.0,1619.0,1082.0,529.0,1064.0,983.0,1387.0
2019-09-17,Radni_dan,935.0,1264.0,472.0,1415.0,1089.0,916.0,696.0,746.0,951.0,1553.0,1718.0,1095.0,542.0,1061.0,990.0,1505.0
2019-09-18,Radni_dan,941.0,1313.0,478.0,1446.0,1109.0,908.0,696.0,751.0,975.0,1596.0,1753.0,1116.0,529.0,1106.0,1041.0,1570.0
2019-09-19,Radni_dan,940.0,1326.0,476.0,1426.0,1152.0,901.0,683.0,743.0,1009.0,1598.0,1768.0,1110.0,529.0,1062.0,984.0,1577.0
2019-09-20,Radni_dan,993.0,1319.0,495.0,1493.0,1106.0,913.0,686.0,770.0,1034.0,1576.0,1731.0,1148.0,565.0,1157.0,1042.0,1543.0
2019-09-21,Vikend,695.0,1035.0,445.0,1116.0,879.0,601.0,481.0,593.0,795.0,1169.0,1394.0,872.0,393.0,804.0,726.0,1091.0
2019-09-22,Vikend,652.0,817.0,249.0,932.0,700.0,496.0,424.0,441.0,606.0,966.0,1255.0,638.0,275.0,600.0,573.0,861.0
2019-09-23,Radni_dan,927.0,1197.0,467.0,1372.0,1013.0,908.0,681.0,728.0,966.0,1453.0,1608.0,1083.0,527.0,1077.0,1000.0,1395.0
2019-09-24,Radni_dan,940.0,1207.0,466.0,1415.0,1027.0,907.0,693.0,750.0,988.0,1431.0,1610.0,1065.0,533.0,1106.0,984.0,1400.0
2019-09-25,Radni_dan,1001.0,1249.0,480.0,1439.0,1034.0,936.0,704.0,772.0,997.0,1473.0,1647.0,1111.0,541.0,1135.0,978.0,1433.0
2019-09-26,Radni_dan,977.0,1270.0,481.0,1450.0,1070.0,924.0,713.0,768.0,1010.0,1477.0,1665.0,1109.0,539.0,1142.0,1001.0,1452.0
2019-09-27,Radni_dan,933.0,1287.0,467.0,1469.0,1097.0,929.0,685.0,749.0,1009.0,1555.0,1723.0,1144.0,564.0,1169.0,1027.0,1530.0
2019-09-28,Vikend,721.0,1063.0,415.0,1147.0,931.0,622.0,493.0,617.0,799.0,1247.0,1449.0,875.0,402.0,830.0,747.0,1172.0
2019-09-29,Vikend,688.0,904.0,364.0,955.0,774.0,531.0,461.0,513.0,671.0,1059.0,1348.0,696.0,303.0,696.0,631.0,954.0
2019-09-30,Radni_dan,969.0,1284.0,482.0,1445.0,1081.0,930.0,708.0,726.0,893.0,1503.0,1673.0,1108.0,550.0,1198.0,1018.0,1464.0
2019-10-01,Radni_dan,968.0,1299.0,478.0,1463.0,1099.0,958.0,709.0,712.0,842.0,1572.0,1732.0,1108.0,541.0,1280.0,1004.0,1526.0
2019-10-02,Radni_dan,1014.0,1302.0,498.0,1451.0,1085.0,948.0,721.0,770.0,857.0,1540.0,1694.0,1116.0,548.0,1348.0,1009.0,1470.0
2019-10-03,Radni_dan,1028.0,1345.0,506.0,1514.0,1132.0,574.0,740.0,766.0,766.0,1569.0,1696.0,1194.0,586.0,1101.0,1062.0,1562.0
2019-10-04,Radni_dan,1017.0,1372.0,511.0,1553.0,1153.0,570.0,712.0,772.0,893.0,1635.0,1792.0,1184.0,572.0,1443.0,1050.0,1607.0
2019-10-05,Vikend,778.0,1152.0,440.0,1234.0,980.0,393.0,507.0,616.0,709.0,1362.0,1552.0,920.0,435.0,1013.0,791.0,1306.0
2019-10-06,Vikend,735.0,1073.0,375.0,1057.0,907.0,336.0,450.0,489.0,601.0,1414.0,1599.0,846.0,285.0,913.0,771.0,1365.0
2019-10-07,Radni_dan,982.0,1308.0,477.0,1480.0,1109.0,558.0,701.0,729.0,862.0,1552.0,1735.0,1105.0,533.0,1367.0,1021.0,1514.0
2019-10-08,Radni_dan,982.0,1331.0,486.0,1438.0,1090.0,571.0,702.0,703.0,813.0,1506.0,1693.0,1096.0,540.0,1349.0,1025.0,1477.0
2019-10-09,Radni_dan,989.0,1308.0,491.0,1423.0,1067.0,565.0,713.0,567.0,808.0,1486.0,1653.0,1096.0,533.0,1346.0,1025.0,1498.0
2019-10-10,Radni_dan,979.0,1329.0,460.0,1469.0,1083.0,577.0,705.0,701.0,842.0,1553.0,1716.0,1103.0,551.0,1383.0,1035.0,1524.0
2019-10-11,Radni_dan,1018.0,1346.0,499.0,1482.0,1116.0,580.0,710.0,724.0,852.0,1566.0,1717.0,1138.0,561.0,1404.0,1078.0,1569.0
2019-10-12,Vikend,782.0,1040.0,361.0,1200.0,905.0,413.0,487.0,512.0,632.0,1200.0,1426.0,854.0,428.0,960.0,769.0,1137.0
2019-10-13,Vikend,630.0,750.0,267.0,947.0,674.0,423.0,391.0,264.0,281.0,1070.0,1321.0,686.0,369.0,659.0,312.0,1004.0
2019-10-14,Radni_dan,960.0,1250.0,458.0,1412.0,1022.0,564.0,685.0,684.0,801.0,1431.0,1594.0,1088.0,531.0,1343.0,250.0,1422.0
2019-10-15,Radni_dan,957.0,1228.0,477.0,1400.0,1027.0,567.0,703.0,697.0,805.0,1403.0,1589.0,1087.0,531.0,1338.0,,1427.0
2019-10-16,Radni_dan,985.0,1258.0,490.0,1444.0,1055.0,567.0,716.0,697.0,829.0,1475.0,1633.0,1105.0,532.0,1387.0,,1465.0
2019-10-17,Radni_dan,991.0,1285.0,498.0,1441.0,1049.0,564.0,710.0,707.0,859.0,1465.0,1582.0,1101.0,536.0,1417.0,,1468.0
2019-10-18,Radni_dan,1029.0,1343.0,524.0,1520.0,1086.0,881.0,704.0,748.0,891.0,1551.0,1708.0,1150.0,570.0,1472.0,,1540.0
2019-10-19,Vikend,790.0,1059.0,443.0,1253.0,908.0,659.0,506.0,572.0,695.0,1250.0,1441.0,867.0,451.0,1062.0,,1177.0
2019-10-20,Vikend,688.0,846.0,367.0,926.0,719.0,515.0,464.0,444.0,486.0,994.0,1267.0,678.0,284.0,723.0,,898.0
2019-10-21,Radni_dan,965.0,1274.0,470.0,1422.0,1060.0,964.0,686.0,676.0,812.0,1503.0,1679.0,1104.0,536.0,1361.0,,1507.0
2019-10-22,Radni_dan,976.0,1310.0,480.0,1425.0,1111.0,946.0,699.0,685.0,823.0,1562.0,1700.0,1070.0,526.0,1357.0,,1543.0
2019-10-23,Radni_dan,995.0,1291.0,494.0,1452.0,1092.0,985.0,707.0,697.0,851.0,1617.0,1728.0,1099.0,538.0,1414.0,,1621.0
2019-10-24,Radni_dan,997.0,1322.0,488.0,1422.0,1118.0,952.0,710.0,705.0,866.0,1621.0,1770.0,1122.0,560.0,1424.0,,1622.0
2019-10-25,Radni_dan,1015.0,1335.0,514.0,1563.0,1100.0,956.0,703.0,740.0,940.0,1622.0,1716.0,1164.0,590.0,1537.0,,1640.0
2019-10-26,Praznik,655.0,882.0,385.0,941.0,761.0,511.0,460.0,449.0,498.0,961.0,1272.0,664.0,284.0,723.0,,861.0
2019-10-27,Vikend,664.0,825.0,344.0,920.0,710.0,505.0,456.0,422.0,463.0,1008.0,1268.0,689.0,282.0,703.0,,900.0
2019-10-28,Radni_dan,975.0,1221.0,474.0,1449.0,1018.0,828.0,699.0,692.0,819.0,1424.0,1592.0,1129.0,561.0,1384.0,,1241.0
2019-10-29,Radni_dan,979.0,1275.0,495.0,1488.0,1006.0,963.0,716.0,722.0,843.0,1439.0,1617.0,1105.0,565.0,1420.0,,1434.0
2019-10-30,Radni_dan,1023.0,1286.0,499.0,1499.0,1029.0,957.0,744.0,745.0,846.0,1448.0,1614.0,1164.0,579.0,1429.0,,1449.0
2019-10-31,Radni_dan,1053.0,1363.0,538.0,1473.0,1077.0,986.0,742.0,793.0,892.0,1544.0,1707.0,1224.0,611.0,1512.0,,1562.0
2019-11-01,Praznik,659.0,807.0,396.0,1007.0,681.0,504.0,459.0,463.0,478.0,873.0,1217.0,702.0,300.0,690.0,,790.0
2019-11-02,Vikend,672.0,998.0,412.0,1168.0,854.0,600.0,461.0,528.0,635.0,1164.0,1344.0,917.0,468.0,974.0,,1106.0
2019-11-03,Vikend,614.0,794.0,341.0,867.0,683.0,472.0,416.0,406.0,443.0,900.0,1201.0,631.0,266.0,665.0,,804.0
2019-11-04,Radni_dan,995.0,1314.0,485.0,1472.0,1074.0,990.0,696.0,711.0,820.0,1502.0,1685.0,1133.0,575.0,1393.0,,1483.0
2019-11-05,Radni_dan,1026.0,1296.0,494.0,1460.0,1071.0,977.0,709.0,749.0,827.0,1485.0,1662.0,1085.0,559.0,1398.0,,1449.0
2019-11-06,Radni_dan,1014.0,1275.0,498.0,1476.0,1055.0,966.0,729.0,759.0,845.0,1510.0,1683.0,1112.0,555.0,1424.0,,1501.0
2019-11-07,Radni_dan,1048.0,1318.0,508.0,1506.0,1105.0,985.0,725.0,755.0,854.0,1602.0,1749.0,1124.0,578.0,1445.0,,1587.0
2019-11-08,Radni_dan,1031.0,1348.0,522.0,1508.0,1097.0,990.0,731.0,767.0,893.0,1555.0,1708.0,1161.0,583.0,1481.0,,1536.0
2019-11-09,Vikend,779.0,1090.0,466.0,1254.0,914.0,664.0,538.0,597.0,704.0,1227.0,1443.0,882.0,465.0,1059.0,,1130.0
2019-11-10,Vikend,654.0,809.0,379.0,935.0,665.0,498.0,463.0,456.0,498.0,923.0,1236.0,652.0,290.0,721.0,,799.0
2019-11-11,Radni_dan,966.0,1266.0,470.0,1427.0,1056.0,962.0,711.0,698.0,831.0,1500.0,1660.0,1097.0,551.0,1399.0,,1474.0
2019-11-12,Radni_dan,990.0,1295.0,495.0,1451.0,1080.0,961.0,708.0,739.0,863.0,1514.0,1675.0,1071.0,559.0,1415.0,,1476.0
2019-11-13,Radni_dan,1046.0,1275.0,506.0,1473.0,1057.0,730.0,718.0,759.0,884.0,1458.0,1619.0,1075.0,550.0,1447.0,,1430.0
2019-11-14,Radni_dan,1025.0,1283.0,497.0,1475.0,1065.0,722.0,751.0,751.0,879.0,1480.0,1659.0,1101.0,571.0,1457.0,,1448.0
2019-11-15,Radni_dan,1054.0,1321.0,529.0,1528.0,1063.0,750.0,734.0,774.0,913.0,1506.0,1719.0,1161.0,595.0,1506.0,,1504.0
2019-11-16,Vikend,790.0,1066.0,454.0,1222.0,881.0,481.0,539.0,608.0,695.0,1222.0,1417.0,895.0,455.0,1025.0,,1118.0
2019-11-17,Vikend,643.0,809.0,366.0,973.0,666.0,355.0,448.0,455.0,529.0,917.0,1243.0,649.0,298.0,734.0,,794.0
2019-11-18,Radni_dan,976.0,1276.0,464.0,1416.0,1047.0,727.0,714.0,719.0,846.0,1479.0,1655.0,1097.0,545.0,1391.0,,1449.0
2019-11-19,Radni_dan,974.0,1280.0,496.0,1424.0,1050.0,712.0,707.0,728.0,843.0,1491.0,1633.0,1059.0,544.0,1400.0,,1496.0
2019-11-20,Radni_dan,1003.0,1269.0,491.0,1442.0,1031.0,716.0,726.0,743.0,855.0,1458.0,1626.0,1086.0,548.0,1421.0,,1448.0
2019-11-21,Radni_dan,1019.0,1289.0,498.0,1449.0,1061.0,723.0,736.0,749.0,897.0,1506.0,1664.0,1099.0,559.0,1486.0,,1478.0
2019-11-22,Radni_dan,1015.0,1344.0,525.0,1510.0,1088.0,709.0,699.0,770.0,907.0,1537.0,1709.0,1144.0,565.0,1498.0,,1520.0
2019-11-23,Vikend,784.0,1183.0,466.0,1187.0,901.0,469.0,535.0,627.0,704.0,1219.0,1420.0,886.0,428.0,995.0,,1111.0
2019-11-24,Vikend,687.0,908.0,394.0,931.0,668.0,357.0,469.0,496.0,546.0,937.0,1227.0,635.0,301.0,762.0,,818.0
2019-11-25,Radni_dan,966.0,1229.0,476.0,1425.0,1010.0,701.0,708.0,704.0,839.0,1428.0,1586.0,1061.0,541.0,1388.0,,1401.0
2019-11-26,Radni_dan,983.0,1235.0,482.0,1421.0,1016.0,700.0,721.0,722.0,864.0,1418.0,1589.0,1058.0,535.0,1412.0,,1403.0
2019-11-27,Radni_dan,997.0,1289.0,494.0,1433.0,1087.0,718.0,744.0,749.0,868.0,1479.0,1642.0,1102.0,545.0,1438.0,,1457.0
2019-11-28,Radni_dan,1030.0,1270.0,515.0,1474.0,1050.0,734.0,754.0,769.0,792.0,1480.0,1620.0,1111.0,579.0,1350.0,,1476.0
2019-11-29,Radni_dan,990.0,1384.0,552.0,1591.0,1131.0,741.0,746.0,796.0,967.0,1631.0,1753.0,1236.0,628.0,1598.0,,1614.0
2019-11-30,Vikend,787.0,1149.0,494.0,1233.0,956.0,508.0,554.0,677.0,748.0,1260.0,1460.0,916.0,452.0,1092.0,,1186.0
2019-12-01,Vikend,691.0,885.0,412.0,957.0,736.0,370.0,468.0,518.0,538.0,977.0,1275.0,667.0,286.0,754.0,,856.0
2019-12-02,Radni_dan,983.0,1243.0,492.0,1460.0,1028.0,722.0,703.0,741.0,859.0,1479.0,1621.0,1096.0,578.0,1447.0,,1433.0
2019-12-03,Radni_dan,976.0,1277.0,497.0,1460.0,1062.0,713.0,742.0,758.0,883.0,1525.0,1648.0,1091.0,553.0,1448.0,,1466.0
2019-12-04,Radni_dan,1039.0,1290.0,509.0,1471.0,1060.0,728.0,745.0,770.0,888.0,1549.0,1677.0,1106.0,564.0,1483.0,,1522.0
2019-12-05,Radni_dan,1033.0,1307.0,509.0,1483.0,1090.0,726.0,758.0,774.0,924.0,1557.0,1701.0,1112.0,564.0,1510.0,,1537.0
2019-12-06,Radni_dan,1057.0,1363.0,543.0,1517.0,1120.0,726.0,741.0,797.0,956.0,1660.0,1747.0,1159.0,588.0,1572.0,,1551.0
2019-12-07,Vikend,799.0,1134.0,497.0,1280.0,934.0,477.0,524.0,648.0,803.0,1277.0,1455.0,900.0,441.0,1169.0,,1170.0
2019-12-08,Praznik,730.0,887.0,415.0,992.0,721.0,379.0,487.0,519.0,581.0,1016.0,1295.0,685.0,291.0,836.0,,894.0
2019-12-09,Radni_dan,984.0,1243.0,495.0,1447.0,1023.0,713.0,731.0,745.0,884.0,1470.0,1611.0,1087.0,553.0,1469.0,,1433.0
2019-12-10,Radni_dan,1007.0,1267.0,516.0,1459.0,1050.0,710.0,742.0,763.0,890.0,1469.0,1595.0,1069.0,553.0,1467.0,,1422.0
2019-12-11,Radni_dan,1017.0,1274.0,505.0,1468.0,1058.0,490.0,764.0,769.0,892.0,1497.0,1547.0,1103.0,574.0,1492.0,,1459.0
2019-12-12,Radni_dan,1043.0,1299.0,534.0,1481.0,1074.0,587.0,752.0,803.0,915.0,1493.0,1660.0,1127.0,570.0,1512.0,,1446.0
2019-12-13,Radni_dan,1075.0,1360.0,562.0,1524.0,1112.0,730.0,743.0,810.0,932.0,1584.0,1708.0,1163.0,593.0,1529.0,,1508.0
2019-12-14,Vikend,789.0,1122.0,495.0,1204.0,925.0,484.0,538.0,634.0,728.0,1220.0,1424.0,897.0,433.0,1070.0,,1131.0
2019-12-15,Vikend,701.0,860.0,402.0,932.0,705.0,364.0,480.0,498.0,541.0,942.0,1233.0,634.0,280.0,771.0,,828.0
2019-12-16,Radni_dan,1011.0,1242.0,504.0,1453.0,1037.0,708.0,720.0,771.0,894.0,1479.0,1603.0,1124.0,571.0,1517.0,,1443.0
2019-12-17,Radni_dan,1020.0,1284.0,509.0,1460.0,1053.0,714.0,738.0,764.0,885.0,1478.0,1630.0,1110.0,579.0,1491.0,,1435.0
2019-12-18,Radni_dan,1032.0,1312.0,523.0,1490.0,1079.0,718.0,756.0,797.0,913.0,1529.0,1639.0,1139.0,587.0,1544.0,,1510.0
2019-12-19,Radni_dan,1068.0,1363.0,537.0,1525.0,1114.0,723.0,767.0,820.0,950.0,1597.0,1714.0,1182.0,593.0,1570.0,,1608.0
2019-12-20,Radni_dan,1057.0,1357.0,560.0,1575.0,1109.0,721.0,748.0,822.0,981.0,1568.0,1675.0,1185.0,624.0,1586.0,,1541.0
2019-12-21,Vikend,755.0,1051.0,462.0,1142.0,891.0,434.0,512.0,607.0,697.0,1185.0,1328.0,827.0,432.0,1032.0,,1135.0
2019-12-22,Vikend,655.0,755.0,361.0,832.0,621.0,333.0,449.0,439.0,459.0,842.0,1106.0,560.0,256.0,615.0,,726.0
2019-12-23,Radni_dan,855.0,1144.0,477.0,1312.0,949.0,552.0,632.0,688.0,786.0,1358.0,1452.0,994.0,528.0,1228.0,,1350.0
2019-12-24,Radni_dan,636.0,816.0,371.0,979.0,627.0,410.0,469.0,440.0,466.0,948.0,1138.0,627.0,314.0,652.0,,877.0
2019-12-25,Praznik,451.0,585.0,258.0,648.0,472.0,275.0,352.0,279.0,327.0,652.0,832.0,403.0,181.0,462.0,,591.0
2019-12-26,Praznik,508.0,656.0,282.0,708.0,560.0,283.0,371.0,310.0,394.0,722.0,960.0,443.0,214.0,586.0,,670.0
2019-12-27,Radni_dan,698.0,1040.0,419.0,1145.0,906.0,447.0,563.0,549.0,682.0,1169.0,1354.0,891.0,445.0,1014.0,,1112.0
2019-12-28,Vikend,583.0,876.0,374.0,986.0,761.0,347.0,414.0,454.0,548.0,995.0,1140.0,703.0,367.0,815.0,,948.0
2019-12-29,Vikend,496.0,650.0,299.0,698.0,545.0,281.0,359.0,344.0,382.0,736.0,971.0,480.0,213.0,527.0,,637.0
2019-12-30,Radni_dan,712.0,1064.0,437.0,1208.0,920.0,479.0,564.0,567.0,703.0,1251.0,1383.0,896.0,467.0,1050.0,,1209.0
2019-12-31,Radni_dan,606.0,846.0,410.0,938.0,668.0,390.0,439.0,463.0,506.0,960.0,1104.0,626.0,316.0,693.0,,882.0
2020-01-01,Praznik,476.0,596.0,333.0,647.0,464.0,258.0,345.0,351.0,350.0,625.0,819.0,382.0,184.0,475.0,,540.0
2020-01-02,Radni_dan,679.0,996.0,392.0,1149.0,882.0,445.0,548.0,513.0,675.0,1131.0,1328.0,833.0,442.0,1025.0,,1094.0
2020-01-03,Radni_dan,708.0,1014.0,406.0,1149.0,887.0,461.0,556.0,532.0,675.0,1151.0,1352.0,860.0,437.0,1016.0,,1114.0
2020-01-04,Vikend,564.0,866.0,360.0,960.0,752.0,349.0,421.0,417.0,548.0,959.0,1138.0,701.0,376.0,796.0,,898.0
2020-01-05,Vikend,531.0,672.0,305.0,729.0,578.0,307.0,392.0,358.0,377.0,748.0,1002.0,514.0,223.0,535.0,,644.0
2020-01-06,Praznik,569.0,676.0,294.0,744.0,572.0,311.0,411.0,359.0,392.0,775.0,1006.0,511.0,237.0,564.0,,698.0
2020-01-07,Radni_dan,915.0,1189.0,491.0,1378.0,989.0,665.0,687.0,692.0,824.0,1371.0,1535.0,1023.0,538.0,1332.0,,1320.0
2020-01-08,Radni_dan,950.0,1166.0,469.0,1380.0,974.0,683.0,698.0,684.0,804.0,1341.0,1498.0,1014.0,516.0,1321.0,,1320.0
2020-01-09,Radni_dan,963.0,1189.0,484.0,1399.0,992.0,681.0,704.0,693.0,846.0,1371.0,1555.0,1013.0,525.0,1367.0,,1329.0
2020-01-10,Radni_dan,991.0,1256.0,496.0,1431.0,1061.0,694.0,715.0,715.0,846.0,1462.0,1631.0,1075.0,537.0,1388.0,,1429.0
2020-01-11,Vikend,707.0,990.0,425.0,1114.0,841.0,446.0,483.0,539.0,628.0,1122.0,1306.0,827.0,409.0,916.0,,1025.0
2020-01-12,Vikend,621.0,746.0,354.0,835.0,628.0,350.0,437.0,413.0,428.0,863.0,1115.0,595.0,262.0,616.0,,740.0
2020-01-13,Radni_dan,950.0,1188.0,470.0,1403.0,1003.0,680.0,693.0,684.0,844.0,1371.0,1559.0,1046.0,511.0,1395.0,,1353.0
2020-01-14,Radni_dan,961.0,1186.0,479.0,1382.0,1008.0,693.0,715.0,617.0,818.0,1365.0,1568.0,1015.0,520.0,1363.0,,1322.0
2020-01-15,Radni_dan,961.0,1188.0,476.0,1418.0,1011.0,691.0,725.0,611.0,584.0,1385.0,1576.0,1025.0,527.0,1388.0,,1340.0
2020-01-16,Radni_dan,967.0,1196.0,482.0,1402.0,1018.0,680.0,715.0,936.0,844.0,1391.0,1566.0,1037.0,526.0,1389.0,,1359.0
2020-01-17,Radni_dan,1009.0,1253.0,509.0,1436.0,1048.0,693.0,731.0,725.0,875.0,1436.0,1624.0,1076.0,560.0,1449.0,,1381.0
2020-01-18,Vikend,704.0,946.0,411.0,1056.0,801.0,418.0,487.0,531.0,584.0,1045.0,1247.0,771.0,399.0,848.0,,951.0
2020-01-19,Vikend,588.0,728.0,325.0,825.0,607.0,335.0,430.0,400.0,422.0,822.0,1104.0,565.0,252.0,600.0,,712.0
2020-01-20,Radni_dan,939.0,1154.0,463.0,1377.0,982.0,682.0,699.0,668.0,828.0,1354.0,1530.0,1018.0,514.0,1361.0,,1303.0
2020-01-21,Radni_dan,958.0,1199.0,475.0,1372.0,1016.0,673.0,710.0,685.0,832.0,1397.0,1571.0,1006.0,510.0,1381.0,,1356.0
2020-01-22,Radni_dan,968.0,1187.0,477.0,1393.0,1000.0,674.0,708.0,675.0,842.0,1385.0,1564.0,1014.0,515.0,1414.0,,1334.0
2020-01-23,Radni_dan,982.0,1203.0,478.0,1440.0,1030.0,674.0,722.0,710.0,903.0,1398.0,1575.0,1040.0,532.0,1503.0,,1365.0
2020-01-24,Radni_dan,995.0,1238.0,500.0,1463.0,1059.0,678.0,706.0,723.0,915.0,1456.0,1631.0,1067.0,557.0,1539.0,,1434.0
2020-01-25,Vikend,732.0,979.0,417.0,1163.0,844.0,439.0,492.0,555.0,699.0,1128.0,1319.0,805.0,414.0,1060.0,,1044.0
2020-01-26,Vikend,612.0,730.0,346.0,929.0,609.0,330.0,437.0,412.0,566.0,877.0,1139.0,575.0,272.0,871.0,,772.0
2020-01-27,Radni_dan,927.0,1160.0,459.0,1362.0,985.0,657.0,697.0,658.0,819.0,1358.0,1535.0,1015.0,512.0,1356.0,,1305.0
2020-01-28,Radni_dan,938.0,1163.0,461.0,1355.0,990.0,659.0,689.0,669.0,803.0,1331.0,1513.0,985.0,492.0,1319.0,,1286.0
2020-01-29,Radni_dan,960.0,1183.0,468.0,1358.0,1003.0,680.0,708.0,687.0,787.0,1349.0,1534.0,1015.0,512.0,1335.0,,1320.0
2020-01-30,Radni_dan,969.0,1190.0,474.0,1404.0,1012.0,667.0,720.0,687.0,831.0,1385.0,1554.0,1034.0,520.0,1365.0,,1359.0
2020-01-31,Radni_dan,995.0,1262.0,506.0,1442.0,1068.0,679.0,716.0,732.0,836.0,1462.0,1644.0,1100.0,554.0,1402.0,,1433.0
2020-02-01,Vikend,746.0,1004.0,436.0,1116.0,848.0,457.0,530.0,557.0,600.0,1159.0,1367.0,828.0,418.0,859.0,,1068.0
2020-02-02,Vikend,614.0,731.0,327.0,850.0,619.0,347.0,435.0,410.0,420.0,858.0,1133.0,608.0,266.0,620.0,,737.0
2020-02-03,Radni_dan,932.0,1234.0,472.0,1376.0,1046.0,680.0,697.0,595.0,797.0,1451.0,1620.0,1057.0,517.0,1308.0,,1413.0
2020-02-04,Radni_dan,945.0,1230.0,469.0,1362.0,1020.0,680.0,697.0,612.0,794.0,1413.0,1602.0,1028.0,521.0,1334.0,,1356.0
2020-02-05,Radni_dan,973.0,1197.0,489.0,1374.0,1014.0,684.0,723.0,568.0,788.0,1365.0,1556.0,1054.0,527.0,1351.0,,1323.0
2020-02-06,Radni_dan,967.0,1208.0,486.0,1394.0,1023.0,678.0,721.0,666.0,822.0,1398.0,1573.0,1058.0,528.0,1377.0,,1356.0
2020-02-07,Radni_dan,1002.0,1250.0,502.0,1439.0,1052.0,689.0,718.0,648.0,861.0,1459.0,1632.0,1119.0,553.0,1430.0,,1450.0
2020-02-08,Vikend,742.0,1006.0,430.0,1152.0,865.0,437.0,513.0,566.0,659.0,1163.0,1348.0,854.0,425.0,983.0,,1081.0
2020-02-09,Vikend,627.0,754.0,350.0,873.0,641.0,354.0,452.0,415.0,466.0,908.0,1153.0,622.0,266.0,661.0,,802.0
2020-02-10,Radni_dan,931.0,1190.0,468.0,1358.0,1003.0,675.0,702.0,668.0,805.0,1380.0,1560.0,1033.0,518.0,1338.0,,1239.0
2020-02-11,Radni_dan,954.0,1206.0,481.0,1378.0,1009.0,682.0,717.0,705.0,822.0,1381.0,1575.0,1055.0,525.0,1364.0,,1349.0
2020-02-12,Radni_dan,968.0,1205.0,471.0,1373.0,1028.0,682.0,722.0,639.0,821.0,1391.0,1570.0,1039.0,527.0,1368.0,,1351.0
2020-02-13,Radni_dan,981.0,1229.0,487.0,1423.0,1034.0,673.0,728.0,705.0,847.0,1410.0,1598.0,1060.0,538.0,1403.0,,1380.0
2020-02-14,Radni_dan,999.0,1262.0,501.0,1494.0,1071.0,690.0,714.0,728.0,890.0,1487.0,1656.0,1116.0,581.0,1462.0,,1440.0
2020-02-15,Vikend,685.0,945.0,405.0,1045.0,835.0,404.0,461.0,499.0,587.0,1087.0,1259.0,805.0,384.0,845.0,,1006.0
2020-02-16,Vikend,566.0,727.0,333.0,847.0,628.0,323.0,407.0,358.0,460.0,875.0,1133.0,594.0,278.0,659.0,,756.0
2020-02-17,Radni_dan,796.0,1100.0,428.0,1276.0,973.0,572.0,627.0,560.0,728.0,1271.0,1478.0,997.0,483.0,1201.0,,1174.0
2020-02-18,Radni_dan,804.0,1113.0,433.0,1284.0,976.0,575.0,632.0,590.0,748.0,1276.0,1491.0,967.0,475.0,1203.0,,1229.0
2020-02-19,Radni_dan,809.0,1118.0,431.0,1291.0,980.0,567.0,627.0,597.0,749.0,1266.0,1493.0,984.0,472.0,1209.0,,1213.0
2020-02-20,Radni_dan,819.0,1117.0,432.0,1316.0,985.0,573.0,650.0,605.0,770.0,933.0,1493.0,997.0,482.0,1244.0,,873.0
2020-02-21,Radni_dan,839.0,1180.0,464.0,1401.0,1014.0,573.0,637.0,629.0,866.0,1378.0,1580.0,1035.0,513.0,1365.0,,1352.0
2020-02-22,Vikend,646.0,931.0,399.0,1154.0,791.0,390.0,474.0,516.0,673.0,1086.0,1265.0,779.0,377.0,909.0,,1017.0
2020-02-23,Vikend,575.0,748.0,338.0,861.0,633.0,333.0,427.0,403.0,450.0,852.0,1137.0,605.0,265.0,645.0,,747.0
2020-02-24,Radni_dan,940.0,1190.0,477.0,1389.0,996.0,672.0,716.0,683.0,816.0,1375.0,1554.0,1040.0,531.0,1377.0,,1372.0
2020-02-25,Radni_dan,829.0,1124.0,444.0,1280.0,963.0,619.0,632.0,602.0,736.0,1298.0,1454.0,940.0,488.0,1221.0,,1260.0
2020-02-26,Radni_dan,1014.0,1217.0,498.0,1379.0,1023.0,707.0,731.0,718.0,810.0,1377.0,1552.0,1034.0,525.0,1355.0,,1346.0
2020-02-27,Radni_dan,985.0,1225.0,482.0,1441.0,1035.0,687.0,724.0,710.0,859.0,1428.0,1605.0,1068.0,538.0,1445.0,,1407.0
2020-02-28,Radni_dan,1000.0,1288.0,514.0,1454.0,1078.0,707.0,720.0,739.0,867.0,1500.0,1680.0,1126.0,566.0,1429.0,,1447.0
2020-02-29,Vikend,719.0,988.0,422.0,1113.0,861.0,445.0,507.0,550.0,634.0,1153.0,1337.0,809.0,413.0,925.0,,1076.0
2020-03-01,Vikend,618.0,753.0,351.0,915.0,640.0,343.0,434.0,441.0,497.0,892.0,1180.0,616.0,297.0,726.0,,755.0
2020-03-02,Radni_dan,942.0,1199.0,483.0,1374.0,1004.0,692.0,707.0,700.0,813.0,1376.0,1554.0,1164.0,526.0,1377.0,,1351.0
2020-03-03,Radni_dan,961.0,1197.0,488.0,1331.0,1010.0,700.0,716.0,731.0,813.0,1384.0,1570.0,1053.0,533.0,1370.0,,1322.0
2020-03-04,Radni_dan,979.0,1224.0,486.0,1386.0,1030.0,698.0,733.0,714.0,828.0,1409.0,1589.0,1063.0,529.0,1396.0,,1384.0
2020-03-05,Radni_dan,1002.0,1235.0,488.0,1386.0,1041.0,684.0,732.0,715.0,829.0,1432.0,1614.0,1065.0,537.0,1391.0,,1400.0
2020-03-06,Radni_dan,1018.0,1271.0,509.0,1463.0,1061.0,713.0,724.0,754.0,873.0,1479.0,1666.0,1124.0,581.0,1442.0,,1447.0
2020-03-07,Vikend,725.0,1019.0,443.0,1100.0,876.0,459.0,513.0,553.0,604.0,1132.0,1339.0,865.0,431.0,884.0,,1051.0
2020-03-08,Vikend,632.0,778.0,349.0,857.0,670.0,356.0,453.0,421.0,446.0,918.0,1197.0,645.0,279.0,650.0,,791.0
2020-03-09,Radni_dan,945.0,1187.0,472.0,1340.0,1010.0,696.0,707.0,682.0,811.0,1400.0,1551.0,1049.0,519.0,1377.0,,1375.0
2020-03-10,Radni_dan,939.0,1181.0,467.0,1339.0,1000.0,695.0,721.0,672.0,816.0,1378.0,1550.0,1030.0,511.0,1356.0,,1340.0
2020-03-11,Radni_dan,931.0,1193.0,469.0,1342.0,1019.0,683.0,698.0,680.0,812.0,1396.0,1542.0,1011.0,510.0,1351.0,,1357.0
2020-03-12,Radni_dan,922.0,1158.0,478.0,1333.0,992.0,652.0,664.0,669.0,792.0,1366.0,1509.0,1022.0,507.0,1303.0,,1337.0
2020-03-13,Radni_dan,892.0,1166.0,492.0,1371.0,989.0,655.0,639.0,689.0,817.0,1424.0,1513.0,992.0,523.0,1266.0,,1335.0
2020-03-14,Vikend,487.0,727.0,341.0,877.0,613.0,320.0,359.0,382.0,447.0,872.0,1001.0,597.0,310.0,560.0,,778.0
2020-03-15,Vikend,413.0,515.0,237.0,593.0,411.0,230.0,286.0,268.0,289.0,592.0,756.0,359.0,170.0,400.0,,509.0
