time,Temperature_Air_2m_Mean_24h,Cloud_Cover_Mean,Wind_Speed_10m_Mean,Dew_Point_Temperature_2m_Mean,Vapour_Pressure_Mean
2018-01-01,280.97034,0.9509305,2.9892347,279.25897,9.294247
2018-01-02,276.24115,0.5517129,1.8030005,275.62762,7.3572116
2018-01-03,276.28503,0.59618104,2.6178913,274.20837,6.694918
2018-01-04,276.13028,0.77792275,1.753883,275.1389,7.125059
2018-01-05,281.46396,0.7828069,2.2842999,279.04678,9.166566
2018-01-06,283.37915,0.6531379,2.7649388,280.65738,10.161961
2018-01-07,281.11133,0.7946814,1.5885141,279.91998,9.738237
2018-01-08,279.10968,0.831831,1.3047479,278.90964,9.09346
2018-01-09,279.05167,0.9566311,1.6284359,278.7196,8.945704
2018-01-10,278.44757,0.8163736,1.2760037,278.37646,8.770492
2018-01-11,278.0223,0.95099145,1.4917643,277.3998,8.21653
2018-01-12,277.75153,0.9485571,2.689223,276.91153,7.959429
2018-01-13,277.10385,0.9329279,3.1894805,275.9864,7.5035195
2018-01-14,273.7048,0.9142501,2.8762863,271.0725,5.389922
2018-01-15,272.42822,0.8882537,1.5723388,270.33914,5.122881
2018-01-16,277.4768,0.6926113,2.53364,275.52957,7.3508906
2018-01-17,276.17148,0.77217245,1.6122607,274.26352,6.8949814
2018-01-18,276.04602,0.28396884,3.134185,270.42795,5.2051067
2018-01-19,277.30328,0.92995924,1.5261452,275.95932,7.5126395
2018-01-20,273.3287,0.89642304,1.4476461,272.73285,6.042805
2018-01-21,275.90152,0.38882038,2.0957763,272.59613,6.0342164
2018-01-22,273.74512,0.59278864,1.4588708,269.9663,5.0017614
2018-01-23,274.92526,0.37452674,1.2136114,272.1203,5.7983475
2018-01-24,274.7611,0.15964179,1.8330678,272.38666,5.927573
2018-01-25,276.4345,0.37491974,2.4713886,274.1464,6.704279
2018-01-26,278.49948,0.892012,2.5603807,275.9954,7.5482025
2018-01-27,276.66223,0.83829075,1.7175004,275.52658,7.299691
2018-01-28,275.48264,0.7981572,1.3160211,274.98505,7.02271
2018-01-29,276.26624,0.36878023,2.0426269,274.90158,6.99424
2018-01-30,277.7896,0.27758116,1.8177407,275.40634,7.3000283
2018-01-31,277.19995,0.7058592,2.5737748,275.52533,7.331201
2018-02-01,282.07446,0.68229717,3.9877956,278.17828,8.653279
2018-02-02,274.60373,0.9656549,2.4680405,274.61487,6.8729267
2018-02-03,273.69522,0.9260708,1.831158,273.65598,6.4256067
2018-02-04,274.02426,0.47218943,1.3119656,272.69888,6.0392804
2018-02-05,273.27496,0.8559993,1.1270484,272.22345,5.838107
2018-02-06,272.9561,0.9638347,1.5292116,271.6499,5.610828
2018-02-07,273.21283,0.9668835,2.286,272.88983,6.105485
2018-02-08,274.3446,0.8886578,1.384263,274.16837,6.652209
2018-02-09,273.6243,0.78842694,1.7969668,272.68256,6.044828
2018-02-10,273.9098,0.8706438,2.8970857,271.97275,5.7541904
2018-02-11,273.13666,0.56433845,1.6912559,269.34113,4.799908
2018-02-12,272.87088,0.9424934,1.290531,272.16855,5.8313494
2018-02-13,273.8143,0.86582446,3.1157935,272.84558,6.0887866
2018-02-14,272.51862,0.44830677,2.5573866,269.6706,4.9555764
2018-02-15,272.4076,0.43156344,1.8427598,267.54376,4.2474403
2018-02-16,273.5057,0.48644844,1.4707322,270.46707,5.1894174
2018-02-17,275.7254,0.8683733,1.511432,273.12402,6.2307987
2018-02-18,274.9426,0.9616786,3.4838593,272.83633,6.101573
2018-02-19,274.13525,0.9609574,3.1616101,270.01697,5.0455213
2018-02-20,273.90845,0.96306366,3.4370053,272.73785,6.0471406
2018-02-21,273.75873,0.9698823,4.8019786,272.25177,5.855908
2018-02-22,272.70023,0.97010356,4.3122377,271.72308,5.6447935
2018-02-23,273.06308,0.96843994,4.0978923,272.13196,5.8014755
2018-02-24,270.2541,0.6614134,4.1280518,266.02042,3.8806055
2018-02-25,266.41,0.9468125,4.9542603,260.6422,2.5846324
2018-02-26,264.65515,0.9687108,6.0340295,260.72083,2.6120887
2018-02-27,264.20563,0.9670471,4.612392,260.288,2.5202599
2018-02-28,263.27286,0.6939497,1.6219765,257.56454,2.0606346
2018-03-01,265.35742,0.9576719,1.4272732,262.28662,2.961499
2018-03-02,268.20572,0.965433,1.2325463,266.05164,3.8140118
2018-03-03,270.58044,0.9590569,1.223468,268.3996,4.4975376
2018-03-04,272.45227,0.93532324,1.509427,270.12784,5.070367
2018-03-05,272.36533,0.97157997,2.1281521,271.2013,5.4533143
2018-03-06,273.889,0.95106673,1.2075274,272.8674,6.116959
2018-03-07,277.72375,0.781249,2.140909,275.77826,7.4452624
2018-03-08,278.19327,0.6099393,2.023927,274.96188,7.0651603
2018-03-09,280.35028,0.59396666,3.575303,274.96817,7.0590796
2018-03-10,282.28955,0.6300022,3.871048,277.66776,8.408615
2018-03-11,283.49405,0.86921984,2.8425426,280.5253,10.164356
2018-03-12,283.4897,0.5438932,3.7464962,279.43015,9.454869
2018-03-13,282.36823,0.7667606,1.6578176,279.55542,9.539603
2018-03-14,281.39645,0.76658887,1.433686,279.28064,9.35696
2018-03-15,282.1028,0.8985853,2.5043998,278.50912,8.903559
2018-03-16,281.6052,0.8846695,2.0931344,279.79166,9.686489
2018-03-17,278.55417,0.9712057,2.7812803,277.98267,8.639028
2018-03-18,274.0188,0.9693703,3.734281,271.6709,5.630933
2018-03-19,271.73206,0.95411897,3.4414835,268.6793,4.57353
2018-03-20,272.59314,0.93948185,2.059084,268.28247,4.4594555
2018-03-21,274.07785,0.5868234,3.8949337,266.99554,4.0481815
2018-03-22,273.63336,0.6368243,3.5236607,265.85114,3.733947
2018-03-23,275.2634,0.8260907,2.4559178,270.58386,5.2610593
2018-03-24,277.02365,0.6951358,2.5947351,271.5277,5.5730724
2018-03-25,276.71945,0.6930791,1.8695914,271.1677,5.43019
2018-03-26,278.86682,0.70255345,1.8122202,273.57117,6.428094
2018-03-27,279.7812,0.63452333,1.2839962,275.25677,7.189792
2018-03-28,281.85092,0.8174136,1.8838571,276.69073,7.929245
2018-03-29,283.87747,0.8577685,2.188704,279.80402,9.754569
2018-03-30,284.37106,0.85499054,1.9645724,281.33386,10.742533
2018-03-31,282.2919,0.88425696,2.4369106,281.40402,10.815975
2018-04-01,282.7904,0.6974746,2.5946162,276.68643,7.9593525
2018-04-02,284.1834,0.3016834,2.4881978,274.8814,7.0685725
2018-04-03,286.7273,0.80878615,4.3927135,276.90134,8.036655
2018-04-04,286.38416,0.82707095,3.7664187,278.96875,9.224441
2018-04-05,285.137,0.79224885,1.894302,281.8943,11.146806
2018-04-06,283.04364,0.17946643,2.7288585,274.91794,7.057569
2018-04-07,282.41513,0.41136557,2.10254,277.25748,8.264221
2018-04-08,285.44254,0.10377432,1.5841489,279.7231,9.708095
2018-04-09,287.14,0.5682443,2.1048033,280.6949,10.340567
2018-04-10,286.24097,0.6663115,3.0676134,280.57327,10.314605
2018-04-11,287.15045,0.53064424,1.7440941,280.81396,10.41787
2018-04-12,286.54126,0.81964153,1.4905577,283.7164,12.567513
2018-04-13,286.6336,0.3501158,3.4441206,280.1814,10.068747
2018-04-14,287.7945,0.6824671,1.964405,280.81445,10.468872
2018-04-15,288.9358,0.9530078,1.8474461,285.18896,13.842542
2018-04-16,289.69547,0.77942014,1.7501062,286.71478,15.141024
2018-04-17,287.81934,0.72912544,2.5272915,284.48187,13.215086
2018-04-18,288.14856,0.43417937,3.224516,281.04678,10.594669
2018-04-19,289.15445,0.07286685,1.9998453,281.65854,11.034558
2018-04-20,290.20422,0.040650886,2.275264,283.34415,12.303218
2018-04-21,289.62405,0.051617183,1.6489689,281.303,10.80472
2018-04-22,291.22983,0.05543666,2.297146,282.01245,11.355304
2018-04-23,291.69907,0.3432702,2.1318946,283.1316,12.205115
2018-04-24,290.65497,0.43662506,1.6323678,285.39658,14.018135
2018-04-25,291.8833,0.18746747,3.036626,283.60046,12.579279
2018-04-26,288.98236,0.68043303,3.0766182,282.4667,11.748142
2018-04-27,288.1073,0.5139922,1.4889987,281.99835,11.315637
2018-04-28,291.34723,0.16155496,1.4995625,285.40335,14.092878
2018-04-29,292.35342,0.34970713,1.8829083,285.59958,14.254435
2018-04-30,291.38165,0.3142707,3.189072,282.19064,11.575389
2018-05-01,290.34723,0.80723625,1.8557434,282.22888,11.539487
2018-05-02,291.83667,0.779561,1.984775,286.21805,14.872043
2018-05-03,292.88126,0.8536733,3.3490644,286.40366,15.013718
2018-05-04,291.34857,0.7356918,2.6435394,288.1958,16.75952
2018-05-05,291.49402,0.86918026,3.2336144,286.9644,15.648699
2018-05-06,290.89453,0.6138183,3.37097,282.31473,11.63662
2018-05-07,290.73514,0.27773142,2.3424883,283.1888,12.267741
2018-05-08,289.62308,0.44137913,2.1568868,283.15067,12.220548
2018-05-09,290.40204,0.53451276,1.4121243,284.61255,13.429566
2018-05-10,292.34604,0.5784658,1.3442361,286.19385,14.823736
2018-05-11,290.55698,0.8052595,2.1010716,288.24396,16.864035
2018-05-12,291.1326,0.5756726,1.3269039,287.66907,16.302303
2018-05-13,291.39383,0.608709,1.2099452,287.28113,15.898604
2018-05-14,288.55063,0.91844076,1.5344346,287.42407,16.050219
2018-05-15,287.08566,0.71807075,2.8692956,282.2359,11.5520735
2018-05-16,287.87878,0.5569565,2.5953858,282.0717,11.436648
2018-05-17,289.01535,0.65535206,2.3116903,283.72354,12.723839
2018-05-18,289.23788,0.65783596,1.5080944,285.14505,13.939081
2018-05-19,290.09396,0.55171376,2.2943583,284.63406,13.486694
2018-05-20,291.0225,0.6290465,3.1968496,284.7895,13.649601
2018-05-21,291.45306,0.49087998,2.5011575,284.18265,13.127631
2018-05-22,291.19202,0.7647976,1.2463279,287.13837,15.85382
2018-05-23,292.9572,0.92767465,1.5602533,288.9625,17.699026
2018-05-24,293.16013,0.85664535,1.8258859,289.71274,18.546474
2018-05-25,292.23672,0.67135495,1.8862514,289.4362,18.263073
2018-05-26,293.6488,0.5861885,1.5338897,288.46045,17.192015
2018-05-27,294.795,0.878185,1.6908641,289.347,18.162462
2018-05-28,295.5154,0.7023193,1.6818326,290.35962,19.330368
2018-05-29,295.17703,0.8433476,1.7708955,290.45996,19.462101
2018-05-30,294.99832,0.6612776,1.4079698,289.72705,18.593567
2018-05-31,296.06198,0.7033457,1.1929401,290.91415,20.007618
2018-06-01,295.2933,0.8818518,1.1537493,290.28598,19.29678
2018-06-02,294.6407,0.57780915,1.3801444,290.44626,19.500462
2018-06-03,295.14835,0.46359757,0.9681715,290.001,18.959963
2018-06-04,296.0092,0.65174973,1.1259004,290.2612,19.260683
2018-06-05,293.983,0.69830894,1.5386745,289.75024,18.689013
2018-06-06,295.01315,0.55205315,1.3326998,289.82703,18.7847
2018-06-07,295.5885,0.68720526,1.2353835,290.91425,20.07189
2018-06-08,295.46262,0.7946973,2.0096214,291.336,20.612535
2018-06-09,293.96863,0.79413253,1.8534483,290.33496,19.404675
2018-06-10,296.90372,0.41563419,1.1185186,290.69766,19.836987
2018-06-11,298.2044,0.56437397,1.8248212,291.744,21.125528
2018-06-12,296.8071,0.75230485,2.2957213,291.25436,20.524035
2018-06-13,292.33417,0.8733198,2.0316443,289.2518,18.202845
2018-06-14,290.1339,0.93440914,4.2878375,285.19473,14.103667
2018-06-15,291.87946,0.9140524,3.7483659,284.3748,13.392829
2018-06-16,294.2152,0.8497922,2.7478268,287.5307,16.411007
2018-06-17,294.48108,0.44773182,1.8159776,288.46875,17.340342
2018-06-18,296.0622,0.3495424,3.1991313,286.72366,15.577168
2018-06-19,296.53116,0.6562255,3.2097187,285.99963,14.88621
2018-06-20,296.8841,0.27717763,1.9239752,289.21948,18.222483
2018-06-21,298.18478,0.58668816,2.4250343,290.37057,19.509672
2018-06-22,286.70026,0.62138814,2.404708,283.4049,12.656994
2018-06-23,289.6403,0.36707556,1.2479726,281.83514,11.391855
2018-06-24,290.7572,0.6939437,1.3159311,283.37158,12.571052
2018-06-25,289.9206,0.63777274,2.6017451,283.71298,12.874138
2018-06-26,292.01428,0.30302137,3.1994128,283.40625,12.621911
2018-06-27,291.61777,0.6485178,4.1019044,284.6936,13.714009
2018-06-28,290.87756,0.8986522,2.375491,287.61334,16.532028
2018-06-29,293.07767,0.7401442,2.5709722,289.81036,18.933899
2018-06-30,294.81845,0.4575573,2.503084,286.97275,16.207516
2018-07-01,291.70914,0.38481474,1.590099,282.52145,12.018873
2018-07-02,293.32867,0.68058115,1.6587886,285.92245,14.897886
2018-07-03,296.18164,0.66133857,1.4128451,289.41525,18.524796
2018-07-04,294.4746,0.50714993,1.6483185,290.45984,19.68276
2018-07-05,296.59235,0.62550914,1.9230062,289.7229,18.856354
2018-07-06,293.82147,0.74880207,1.9124892,289.5973,18.67371
2018-07-07,294.83664,0.45812583,2.6572988,286.83603,15.759809
2018-07-08,294.57553,0.34424245,2.7169333,284.85074,13.938006
2018-07-09,294.94754,0.26961496,2.5102274,286.13153,15.057559
2018-07-10,295.75024,0.460545,1.6266711,288.19662,17.163582
2018-07-11,291.42697,0.9012317,1.7542171,288.7702,17.75866
2018-07-12,293.20154,0.7540334,1.2532285,288.47412,17.456728
2018-07-13,294.9711,0.516136,1.3898531,288.62146,17.634306
2018-07-14,296.141,0.4328049,1.4193048,288.8541,17.871525
2018-07-15,293.7716,0.71138537,1.2027897,289.31046,18.406958
2018-07-16,295.12036,0.7517402,1.2020822,289.17416,18.244196
2018-07-17,295.33286,0.23958166,2.1725087,288.41592,17.407846
2018-07-18,297.25742,0.26934797,2.4668152,286.91187,15.845847
2018-07-19,297.12173,0.17659211,1.524402,287.61328,16.560207
2018-07-20,296.9474,0.5758098,1.1705549,289.32684,18.417717
2018-07-21,297.30493,0.70736367,1.1803877,290.51834,19.788149
2018-07-22,294.93527,0.8389176,1.3170123,291.273,20.721199
2018-07-23,293.9969,0.6541919,2.9635353,288.69464,17.709246
2018-07-24,297.0046,0.32581657,2.9039714,288.16013,17.141289
2018-07-25,297.35248,0.2858395,2.3448572,289.44754,18.531599
2018-07-26,295.9789,0.5059864,1.9125344,289.46704,18.570011
2018-07-27,296.6653,0.47865447,1.244031,290.84146,20.210184
2018-07-28,297.64673,0.45070836,1.4108148,292.22073,21.930893
2018-07-29,299.28085,0.43712065,1.6161054,292.24023,21.959364
2018-07-30,299.7545,0.3268507,2.3013039,291.4305,20.945438
2018-07-31,299.87,0.098378055,2.2221208,290.85336,20.208496
2018-08-01,299.0236,0.3833346,2.2025254,292.86124,22.803963
2018-08-02,296.79898,0.7301665,2.2206824,293.64966,23.887472
2018-08-03,298.0366,0.67133987,2.0826428,293.30695,23.39904
2018-08-04,298.20566,0.11034418,2.0132458,290.30905,19.604156
2018-08-05,298.48584,0.46432292,1.3454968,290.71213,20.030245
2018-08-06,298.99338,0.58756626,1.461748,292.53,22.32885
2018-08-07,299.14758,0.63469017,1.9711077,291.4113,20.907368
2018-08-08,299.5294,0.73586345,1.4897379,292.16193,21.862665
2018-08-09,300.4382,0.25802714,1.4588476,292.65204,22.48891
2018-08-10,298.9535,0.36430585,2.4684882,292.73325,22.620502
2018-08-11,295.7905,0.67681557,2.5070188,290.45142,19.67678
2018-08-12,297.1201,0.21760748,1.7992773,289.12625,18.18808
2018-08-13,298.6818,0.21267381,1.9358784,289.4099,18.508537
2018-08-14,294.7161,0.8281119,1.6891806,290.63516,19.900202
2018-08-15,295.35907,0.71251535,2.3758645,288.27475,17.217295
2018-08-16,295.4988,0.22126302,2.5019255,287.68472,16.583473
2018-08-17,297.0556,0.1665993,1.4802821,289.1124,18.12424
2018-08-18,297.8049,0.22858158,1.7738341,289.7796,18.862198
2018-08-19,298.12845,0.20668328,1.8704666,289.62643,18.705515
2018-08-20,298.4329,0.12069651,1.6833563,289.26016,18.300323
2018-08-21,298.53397,0.2071832,1.7996075,289.71426,18.789768
2018-08-22,298.48062,0.42467433,1.9656371,289.65698,18.71261
2018-08-23,298.48004,0.2587982,1.738558,290.37082,19.537666
2018-08-24,296.80194,0.66384244,1.3650686,290.57986,19.778603
2018-08-25,293.47946,0.8690814,3.3058748,288.0721,17.007586
2018-08-26,288.24237,0.89430696,3.4620948,283.78503,12.904548
2018-08-27,291.28345,0.34030163,2.0872884,281.64127,11.228329
2018-08-28,293.36713,0.0,1.1441207,284.34348,13.407651
2018-08-29,294.3969,0.03638118,1.5357671,286.27853,15.139652
2018-08-30,295.19925,0.5420493,1.8285882,287.16544,16.0092
2018-08-31,294.57526,0.6751104,1.9742444,288.31387,17.225649
2018-09-01,292.83887,0.8822343,2.777887,289.4605,18.420868
2018-09-02,292.7175,0.8650484,2.2467155,289.32864,18.264185
2018-09-03,292.6931,0.7785121,1.3133339,289.34772,18.277842
2018-09-04,291.86578,0.7632112,1.1556518,289.41827,18.34979
2018-09-05,293.4756,0.42409083,1.3994023,288.7874,17.677555
2018-09-06,293.93,0.4396704,1.1428951,287.8205,16.6286
2018-09-07,293.56686,0.7998687,1.1217908,289.17136,18.083618
2018-09-08,293.62927,0.27185977,1.3859146,288.04865,16.873251
2018-09-09,293.8467,0.08730579,1.2765254,287.21536,16.002207
2018-09-10,294.41693,0.29043847,1.3150321,287.9851,16.782291
2018-09-11,294.50833,0.87965894,1.6274486,287.83368,16.656782
2018-09-12,295.35437,0.3388483,1.439584,287.74622,16.531271
2018-09-13,294.75436,0.7634633,1.1928861,288.27087,17.062845
2018-09-14,294.55566,0.69012177,1.5837781,289.2595,18.130188
2018-09-15,293.1143,0.2942314,1.3762945,287.72968,16.496098
2018-09-16,293.10925,0.052735765,1.9052731,286.4791,15.255906
2018-09-17,293.21036,0.32716858,1.6585518,286.4662,15.239741
2018-09-18,293.38406,0.14804819,1.6080191,285.38385,14.202075
2018-09-19,294.23978,0.22079071,1.253394,286.68146,15.448347
2018-09-20,294.19104,0.15665264,1.5273039,288.33725,17.08466
2018-09-21,294.9014,0.17850137,1.6827694,288.2285,16.96909
2018-09-22,287.93784,0.8726651,2.2215574,282.4458,11.824672
2018-09-23,289.17072,0.44777924,1.592268,284.3507,13.309513
2018-09-24,285.2052,0.42605266,2.7581055,279.61392,9.925903
2018-09-25,283.04324,0.08033496,2.8645236,274.17798,6.6790953
2018-09-26,282.97543,0.06332079,2.0495863,275.0134,7.072854
2018-09-27,285.4799,0.004837592,1.1456327,276.40286,7.804587
2018-09-28,286.44168,0.004837592,1.1456327,276.40286,7.804587
2018-09-29,285.48386,0.11373771,3.840233,276.07654,7.6964493
2018-09-30,283.3899,0.046051018,1.6218153,275.69077,7.421833
2018-10-01,285.44946,0.47482893,1.4437602,279.552,9.783798
2018-10-02,283.65994,0.6340582,1.8255736,279.18353,9.461844
2018-10-03,284.54465,0.4221723,1.1864749,279.0854,9.386037
2018-10-04,285.44366,0.085658126,1.7546678,279.10043,9.372237
2018-10-05,285.80112,0.030002356,1.5275654,279.09415,9.358437
2018-10-06,288.08817,0.5715494,0.9178714,283.33414,12.494742
2018-10-07,289.3934,0.83822113,0.9948615,287.3126,15.930276
2018-10-08,289.393,0.69020253,1.6807675,287.2957,15.916475
2018-10-09,289.39764,0.26343173,1.7969953,285.62073,14.329721
2018-10-10,287.94662,0.24681057,1.8249147,283.26163,12.368945
2018-10-11,287.2886,0.06109283,1.2650225,282.88248,12.046991
2018-10-12,286.73233,0.070689335,1.5480107,282.63522,11.841958
2018-10-13,286.89636,0.06255047,2.1350677,281.6186,11.0640955
2018-10-14,286.23862,0.33487704,1.7321265,280.83456,10.5035715
2018-10-15,285.64832,0.7659329,1.3676685,280.52112,10.302254
2018-10-16,286.84222,0.82265335,0.6893322,283.0546,12.095249
2018-10-17,288.21542,0.5737896,1.1986684,284.33752,13.1251955
2018-10-18,287.52838,0.38657987,1.5993463,283.89624,12.75489
2018-10-19,286.75934,0.13605246,1.5985918,282.64743,11.794383
2018-10-20,286.14,0.31358173,1.8128905,281.86517,11.205389
2018-10-21,283.8769,0.65376675,3.4405024,276.52112,7.8217797
2018-10-22,284.273,0.8039642,2.9485216,279.2335,9.37992
2018-10-23,284.36472,0.52893233,1.613684,279.72137,9.701731
2018-10-24,285.53455,0.6489704,1.7887449,279.37598,9.480532
2018-10-25,284.58667,0.39916423,2.2588434,278.47473,8.949828
2018-10-26,285.9066,0.60518914,2.1200023,281.9689,11.350542
2018-10-27,291.95065,0.6422893,3.6193368,284.91568,13.554811
2018-10-28,290.60623,0.90613353,2.903225,285.78308,14.346187
2018-10-29,291.3312,0.8235389,3.2058084,287.5046,15.954029
2018-10-30,288.5796,0.27047604,3.842667,280.6197,10.341396
2018-10-31,286.21008,0.42632833,1.6634638,281.361,10.796147
2018-11-01,285.7745,0.9139329,0.85831225,283.00797,12.036195
2018-11-02,286.88165,0.8914851,1.3087918,286.07416,14.584663
2018-11-03,287.9937,0.8767489,1.6996603,286.65567,15.059296
2018-11-04,287.37463,0.90253925,1.4732654,285.62842,14.112446
2018-11-05,286.29587,0.7406048,1.403845,284.28372,13.002832
2018-11-06,284.48724,0.6353907,0.9805303,283.41626,12.284612
2018-11-07,284.38077,0.9118802,0.8718486,283.03888,11.983891
2018-11-08,283.6988,0.5906669,1.273281,282.5146,11.609869
2018-11-09,282.98303,0.78516084,1.0861238,282.04135,11.229624
2018-11-10,283.27304,0.5253803,1.9380357,280.9501,10.481582
2018-11-11,285.76315,0.047715683,2.6835294,281.7576,11.081724
2018-11-12,286.48813,0.34116977,2.898559,282.93576,11.924153
2018-11-13,285.50632,0.70647347,2.3084838,282.45587,11.541543
2018-11-14,283.2625,0.5974895,1.3071437,279.71326,9.650351
2018-11-15,281.07672,0.36747527,1.9741619,276.68115,7.8671517
2018-11-16,280.25934,0.24174795,3.23807,275.008,7.0272813
2018-11-17,277.63837,0.28733033,3.659098,270.35825,5.0764465
2018-11-18,276.81128,0.8699534,2.8350818,272.2205,5.795874
2018-11-19,275.65094,0.92873055,2.90297,273.35602,6.260566
2018-11-20,275.57822,0.93872,2.2540383,273.9096,6.504204
2018-11-21,277.54135,0.93906343,0.64451313,275.71637,7.3665137
2018-11-22,278.78387,0.93923515,0.5954425,277.21643,8.145584
2018-11-23,279.1126,0.93769366,1.124374,277.60614,8.351825
2018-11-24,279.25266,0.88265216,1.1922622,278.21298,8.704806
2018-11-25,280.06027,0.94031507,2.143754,279.40405,9.414294
2018-11-26,280.34064,0.91238415,2.4764967,278.2489,8.735836
2018-11-27,276.67993,0.8611126,4.2217984,271.85587,5.6991277
2018-11-28,274.0399,0.7370489,3.3087428,268.90018,4.5832896
2018-11-29,272.11032,0.37153918,1.9746363,268.0456,4.308673
2018-11-30,270.81903,0.8640774,1.5226244,266.447,3.8465395
2018-12-01,272.54065,0.65142083,0.6978539,268.86105,4.589564
2018-12-02,274.70197,0.6902341,1.6787739,272.18292,5.8258944
2018-12-03,279.69714,0.6898564,2.1782773,277.9891,8.624225
2018-12-04,281.15247,0.4416069,1.6085521,278.68118,9.02691
2018-12-05,276.93604,0.5621946,1.4424992,271.37674,5.4842534
2018-12-06,275.30627,0.8436177,0.9904873,272.32452,5.847176
2018-12-07,277.6226,0.64437705,2.1668415,274.8811,7.015275
2018-12-08,277.92703,0.66434085,1.9117727,276.40244,7.8042855
2018-12-09,276.5393,0.6941224,2.098105,274.52682,6.8948317
2018-12-10,276.2928,0.5589703,1.4989517,273.983,6.5818043
2018-12-11,275.29163,0.56102693,1.7343546,270.29437,5.1242757
2018-12-12,274.2957,0.39643675,1.6060541,269.82114,4.9229584
2018-12-13,272.72418,0.888582,2.7152276,270.7032,5.234828
2018-12-14,273.19333,0.9456954,3.9700577,271.342,5.4585843
2018-12-15,272.5984,0.80488837,3.126399,269.96713,4.9765697
2018-12-16,271.99402,0.71552473,1.782483,268.8995,4.6124897
2018-12-17,272.31808,0.9441691,1.2421862,269.33588,4.7567225
2018-12-18,273.24176,0.7888319,0.8603257,271.2514,5.446329
2018-12-19,272.54544,0.8650162,1.3892573,270.2002,5.051413
2018-12-20,272.41495,0.689887,0.9289214,270.78397,5.273819
2018-12-21,275.7564,0.8893146,2.9783154,274.36337,6.7600117
2018-12-22,280.2874,0.7443447,3.273306,277.70657,8.433722
2018-12-23,278.27106,0.8174802,1.8207316,277.23734,8.160457
2018-12-24,278.68216,0.49249703,3.1162846,274.68872,7.0210214
2018-12-25,273.33405,0.46932808,1.6154175,271.61142,5.5909486
2018-12-26,272.27515,0.47177774,1.468229,270.23657,5.0890536
2018-12-27,272.79288,0.45781228,1.4780151,270.99075,5.361161
2018-12-28,272.90894,0.41712925,1.340636,270.78128,5.2743993
2018-12-29,273.18466,0.2749868,1.1640427,270.74707,5.297996
2018-12-30,273.9149,0.6700568,1.2137975,271.85287,5.6893888
2018-12-31,275.2401,0.36830735,1.792507,271.9417,5.7318525
2019-01-01,273.3495,0.5136207,1.6453421,270.8527,5.3180704
2019-01-02,274.6841,0.41316858,2.5288987,268.58514,4.6037097
2019-01-03,272.86145,0.5499996,3.9029272,264.98175,3.5537388
2019-01-04,271.22705,0.5913121,2.5582566,264.86813,3.4967983
2019-01-05,271.6962,0.8864795,1.6761149,268.0089,4.3653326
2019-01-06,273.5243,0.70026183,1.6564726,269.7793,4.9531693
2019-01-07,272.50406,0.8908141,0.9901386,269.75577,4.917124
2019-01-08,271.88538,0.82240623,1.8540764,270.5353,5.2067475
2019-01-09,273.39407,0.7766178,1.5891982,271.94348,5.7349415
2019-01-10,273.9022,0.7937541,3.335985,271.14218,5.430504
2019-01-11,271.9682,0.42885864,2.0509021,266.14886,3.8327951
2019-01-12,272.20035,0.66487116,1.5611378,268.28152,4.4504538
2019-01-13,276.53323,0.779304,2.4145353,271.5329,5.5949554
2019-01-14,277.70862,0.3958872,1.8266767,273.21402,6.274621
2019-01-15,274.58487,0.22286423,2.3080463,268.6877,4.5960374
2019-01-16,278.3085,0.3693413,3.3968704,272.75946,6.0785146
2019-01-17,281.7807,0.5535175,3.87824,276.30914,7.650455
2019-01-18,274.79846,0.91260165,1.6725792,274.15695,6.656411
2019-01-19,273.55087,0.9261893,1.8694754,270.31256,5.126934
2019-01-20,273.74457,0.8898257,0.83946127,271.3691,5.5060215
2019-01-21,273.48373,0.9467674,2.174252,270.41202,5.159457
2019-01-22,272.22675,0.9612976,2.9793332,269.89175,4.9818807
2019-01-23,270.90207,0.9513233,1.9787472,269.24362,4.7645416
2019-01-24,271.589,0.8156064,2.8336298,269.48868,4.8738866
2019-01-25,269.84848,0.7924375,2.8833847,266.0491,3.8314912
2019-01-26,268.89606,0.742158,1.9816242,265.42633,3.6714303
2019-01-27,272.8905,0.75818014,1.952927,270.02896,5.1426153
2019-01-28,274.99908,0.94989616,1.5220193,274.7293,6.8934846
2019-01-29,274.1483,0.95217407,0.9243512,274.05988,6.6065626
2019-01-30,273.486,0.906214,1.4646012,272.34857,5.888486
2019-01-31,272.96405,0.8330937,1.4064521,272.05203,5.7705517
2019-02-01,272.96405,0.91226184,2.192669,276.97433,8.156258
2019-02-02,283.74292,0.84784514,2.7917519,280.50668,10.063808
2019-02-03,280.3489,0.855385,1.9684902,279.32407,9.377917
2019-02-04,276.20026,0.877455,2.4694788,272.13422,5.8404717
2019-02-05,274.5999,0.8362072,2.1962767,271.29654,5.480251
2019-02-06,273.57504,0.108064726,2.0687306,270.4886,5.2032695
2019-02-07,272.70993,0.49187455,1.2363906,270.2156,5.1213813
2019-02-08,273.26144,0.61533916,1.0997894,271.65393,5.648225
2019-02-09,274.5334,0.7064313,1.8558235,272.46945,5.9653044
2019-02-10,279.7898,0.89609075,3.6033647,276.49017,7.831743
2019-02-11,276.45383,0.8574491,1.916873,274.03967,6.658771
2019-02-12,275.9656,0.40622345,2.2420464,268.61002,4.588794
2019-02-13,275.62277,0.64339966,1.2520009,271.03433,5.3929563
2019-02-14,276.73523,0.3559439,1.1546375,272.6112,6.0092635
2019-02-15,276.5275,0.39292184,2.0095203,273.33972,6.315052
2019-02-16,276.63916,0.08306785,1.5492078,272.75775,6.084057
2019-02-17,278.1432,0.026740454,1.0798168,272.72977,6.0518703
2019-02-18,278.06638,0.12287321,1.2178799,273.27316,6.3003817
2019-02-19,277.5588,0.031674128,2.1708572,272.86166,6.1588507
2019-02-20,278.04767,0.3495105,1.3868333,273.96307,6.6038055
2019-02-21,279.68713,0.5891212,1.3588668,275.11777,7.108403
2019-02-22,278.14505,0.3989619,4.4789977,271.81897,6.151756
2019-02-23,272.09595,0.172046,4.539317,260.6253,2.5807726
2019-02-24,273.34882,0.64444876,1.705121,263.37814,3.1648936
2019-02-25,276.74838,0.5952682,2.168381,267.37573,4.1850433
2019-02-26,282.11145,0.7613656,2.6007268,271.194,5.484876
2019-02-27,280.3177,0.11881689,2.6112673,271.23,5.4725704
2019-02-28,282.09277,0.17841429,2.8972027,271.38318,5.529848
2019-03-01,281.30505,0.54392403,1.3880354,273.75067,6.5201764
2019-03-02,280.17853,0.5196409,1.5268295,276.26913,7.6808434
2019-03-03,281.78925,0.60751265,2.3907905,274.78152,6.982648
2019-03-04,283.36127,0.51780546,3.8440723,275.48697,7.297026
2019-03-05,279.99582,0.5295578,1.9319636,277.52997,8.375804
2019-03-06,283.02817,0.7295844,3.002654,275.72275,7.429097
2019-03-07,288.30396,0.58709854,4.485364,278.43118,8.846865
2019-03-08,284.963,0.47704986,2.946014,277.9238,8.586048
2019-03-09,284.09302,0.61375874,3.035784,277.2056,8.182349
2019-03-10,284.43652,0.7110553,4.273235,277.98737,8.607424
2019-03-11,278.0589,0.94367564,2.1656916,275.01703,7.1126413
2019-03-12,276.67157,0.17067194,2.618411,271.03455,5.40911
2019-03-13,278.32568,0.77430046,1.873625,272.5342,6.020688
2019-03-14,280.42935,0.6666862,2.385201,272.62167,6.0567336
2019-03-15,282.92487,0.6158419,2.033547,273.74664,6.4979725
2019-03-16,283.87793,0.61700577,2.102944,278.44922,8.891254
2019-03-17,285.7011,0.10695341,3.9976504,279.72998,9.652952
2019-03-18,277.99362,0.91564906,2.468864,276.45468,7.8078895
2019-03-19,278.35675,0.73734903,2.440921,273.77206,6.521857
2019-03-20,279.3726,0.5832252,3.638403,269.91257,4.986299
2019-03-21,279.42596,0.2654384,2.2665677,271.00156,5.380201
2019-03-22,280.79965,0.24004106,1.5519643,272.3396,5.910904
2019-03-23,283.30975,0.060798526,1.5926874,275.44223,7.3087897
2019-03-24,285.4762,0.06084809,1.397984,276.53525,7.8494334
2019-03-25,281.77744,0.6893092,3.0957708,277.8373,8.59125
2019-03-26,281.77744,0.58568615,3.2934449,271.91977,5.7422037
2019-03-27,278.59167,0.73159856,2.6867452,271.9433,5.7384877
2019-03-28,280.8838,0.45078966,2.7667062,273.95258,6.617106
2019-03-29,282.08832,0.33092323,2.2573702,274.5941,6.9116035
2019-03-30,283.34595,0.31118077,1.0621045,273.3005,6.3190365
2019-03-31,284.68066,0.029429419,1.720822,274.6279,6.8994417
2019-04-01,285.09213,0.12067807,3.0458503,277.592,8.416613
2019-04-02,285.26657,0.80119675,1.7426807,276.18124,7.6749396
2019-04-03,284.76407,0.5552596,2.6956813,279.3625,9.48796
2019-04-04,286.22943,0.54432756,2.942426,278.77698,9.115096
2019-04-05,282.29367,0.6876338,2.8261983,279.0176,9.307824
2019-04-06,282.37634,0.80715674,1.1887772,278.5511,8.966133
2019-04-07,282.81165,0.9278435,1.200072,280.74142,10.411357
2019-04-08,285.48123,0.8992258,2.172715,283.10052,12.034158
2019-04-09,285.9021,0.964085,1.535856,282.32498,11.4538965
2019-04-10,284.58722,0.9603647,3.1166606,282.52304,11.616803
2019-04-11,279.71338,0.9707815,3.8531225,277.85205,8.588828
2019-04-12,278.20477,0.9685531,2.7755938,275.4593,7.299079
2019-04-13,278.9451,0.9664964,2.865364,275.48285,7.3152437
2019-04-14,279.76752,0.94636095,2.8668728,277.5436,8.4112015
2019-04-15,282.46585,0.28102103,3.201148,275.82385,7.540302
2019-04-16,282.70325,0.05748204,1.3577288,273.81244,6.542542
2019-04-17,283.74783,0.14196162,2.3212934,274.87167,7.0420723
2019-04-18,284.23178,0.33993155,2.5476649,277.4243,8.35807
2019-04-19,285.92432,0.173712,1.656515,277.4927,8.420222
2019-04-20,286.57755,0.026513714,2.0790753,275.151,7.1739507
2019-04-21,287.02252,0.09214374,1.5704936,274.17526,6.73908
2019-04-22,288.3672,0.405096,2.2186706,278.3367,8.909955
2019-04-23,285.75137,0.88707995,2.3084645,283.12094,12.135531
2019-04-24,289.185,0.58459413,2.3778849,284.7147,13.4515295
2019-04-25,291.05157,0.5814232,3.0464354,283.4193,12.37053
2019-04-26,290.36536,0.75300384,2.7529068,283.76654,12.672603
2019-04-27,284.8385,0.5818506,1.744044,280.4961,10.27189
2019-04-28,285.05136,0.8448515,2.500125,277.96664,8.705159
2019-04-29,283.1852,0.93875587,2.3439517,278.69562,9.17487
2019-04-30,284.5442,0.8034168,2.3650796,279.81476,9.81593
2019-05-01,286.9817,0.25117424,2.0421226,278.8195,9.203484
2019-05-02,288.93533,0.3130344,3.4169524,278.7494,9.205992
2019-05-03,287.3881,0.9026822,2.7310698,281.7584,11.1965885
2019-05-04,285.26544,0.9345547,1.5154544,283.62512,12.574594
2019-05-05,279.35678,0.96437055,5.597688,276.3953,7.8454523
2019-05-06,279.3182,0.8909068,3.6750624,275.73035,7.461635
2019-05-07,282.13754,0.5180633,1.6656371,274.85715,7.029129
2019-05-08,285.77396,0.80894554,2.8435473,278.08987,8.791096
2019-05-09,282.5298,0.8709774,1.745645,280.8942,10.626361
2019-05-10,285.92444,0.6001428,1.589472,281.92148,11.344582
2019-05-11,288.94193,0.8636932,2.1010716,282.94876,12.102564
2019-05-12,285.10754,0.96020365,6.810378,281.45758,11.004048
2019-05-13,282.2353,0.93951875,8.105978,277.1382,8.244465
2019-05-14,281.37466,0.9382328,4.810786,274.42584,6.825491
2019-05-15,280.65436,0.9602876,1.9472086,278.76257,9.196189
2019-05-16,282.9562,0.94808495,1.1926366,279.68512,9.766654
2019-05-17,284.69238,0.71567065,1.654458,280.04782,10.010098
2019-05-18,287.26498,0.8670661,1.5179039,283.79196,12.845633
2019-05-19,287.9276,0.9089129,1.3526524,285.5397,14.291869
2019-05-20,287.97607,0.67240053,3.608846,282.62668,11.910024
2019-05-21,287.71033,0.87541103,3.3251503,284.03348,13.038167
2019-05-22,289.7897,0.7525454,2.3646035,284.96487,13.806089
2019-05-23,289.87213,0.5987498,1.3444457,283.46487,12.58964
2019-05-24,290.74234,0.1262249,1.1686537,282.25473,11.617985
2019-05-25,291.76282,0.6977443,1.4546362,284.0877,13.074163
2019-05-26,292.3432,0.94433016,1.337701,286.71317,15.442497
2019-05-27,288.80862,0.9205964,1.4063905,287.2268,15.925862
2019-05-28,290.32205,0.9124919,1.8682119,287.52557,16.228949
2019-05-29,286.19263,0.95738745,3.8014486,284.2805,13.269207
2019-05-30,285.61737,0.9553308,2.1829152,282.49277,11.804246
2019-05-31,288.86667,0.67412883,2.2719781,283.3922,12.512526
2019-06-01,292.50803,0.42098007,2.948876,285.01212,13.919002
2019-06-02,293.06433,0.2884684,2.1845179,287.39914,16.150534
2019-06-03,294.10388,0.49846926,1.723498,287.9554,16.733303
2019-06-04,294.91632,0.512263,1.4496117,289.19577,18.067833
2019-06-05,293.5478,0.65401244,1.4405801,290.0166,19.017046
2019-06-06,294.71338,0.2749646,3.5986793,287.96252,16.776731
2019-06-07,295.41443,0.050090116,3.462125,286.42877,15.290539
2019-06-08,296.52643,0.18679899,2.657044,286.73337,15.632374
2019-06-09,295.96088,0.2277033,1.4120237,287.60745,16.492125
2019-06-10,297.32925,0.16022263,1.9621298,290.74026,19.886688
2019-06-11,297.8272,0.27126333,2.0308194,290.89166,20.131483
2019-06-12,298.6833,0.091627784,2.0701041,291.21173,20.504154
2019-06-13,298.04977,0.071271025,2.7771614,288.1331,17.288324
2019-06-14,298.08353,0.16251968,1.6981469,287.08054,16.111637
2019-06-15,298.03024,0.54177356,1.3941015,290.93784,20.16227
2019-06-16,297.10687,0.67072135,2.767446,291.30234,20.675455
2019-06-17,294.22964,0.9265107,1.7375021,290.22668,19.32843
2019-06-18,295.05643,0.7208787,1.7375256,291.34763,20.676613
2019-06-19,295.59308,0.33672544,1.4244015,291.10303,20.423035
2019-06-20,296.37152,0.325244,1.2471243,290.9348,20.20063
2019-06-21,296.74377,0.4613386,1.4833286,291.20163,20.533539
2019-06-22,294.63058,0.91638374,1.8161418,291.12927,20.430418
2019-06-23,293.2476,0.8336022,1.8561575,290.76346,19.980396
2019-06-24,296.52118,0.48188612,2.757918,291.15988,20.473701
2019-06-25,298.08298,0.25135678,2.0033696,292.90765,22.764877
2019-06-26,299.63513,0.064574435,1.6102846,293.13364,23.079256
2019-06-27,299.62543,0.45719475,1.8261156,294.31445,24.847303
2019-06-28,296.16766,0.04193972,2.8659627,285.1522,14.146321
2019-06-29,295.43744,0.00878127,1.9333588,286.10266,15.0173645
2019-06-30,296.46255,0.067371376,1.7771858,288.66678,17.65882
2019-07-01,298.3725,0.37256253,2.2080934,289.532,18.778374
2019-07-02,296.78128,0.35919613,2.2473545,289.58752,18.705074
2019-07-03,296.16232,0.5755731,2.4134076,290.1078,19.26039
2019-07-04,293.27542,0.4477738,2.0897431,288.55273,17.515745
2019-07-05,296.66,0.27961972,1.4129156,290.47937,19.750994
2019-07-06,298.35724,0.6281649,1.8634421,292.2502,21.973936
2019-07-07,294.1597,0.69091785,1.7744496,290.55438,19.895033
2019-07-08,292.5736,0.7806098,2.2656991,288.5478,17.506624
2019-07-09,292.40405,0.92369473,1.8137578,288.20908,17.154993
2019-07-10,290.9824,0.34367773,2.6370428,281.95322,11.517412
2019-07-11,292.49078,0.6618423,1.7934549,283.83725,13.066769
2019-07-12,293.42398,0.7455511,1.40037,286.60962,15.538222
2019-07-13,291.2864,0.5095386,1.252521,287.37494,16.302286
2019-07-14,293.00757,0.32818985,2.5179617,285.22095,14.213443
2019-07-15,292.84317,0.66897386,2.5466824,284.7184,13.774713
2019-07-16,293.602,0.16740386,1.9377898,285.02963,14.06921
2019-07-17,295.68103,0.56002414,1.5839427,287.1374,16.075829
2019-07-18,294.8783,0.7339896,1.1719699,288.29697,17.25739
2019-07-19,296.5705,0.38016737,1.4459265,288.82788,17.852465
2019-07-20,298.00156,0.35809734,1.8670248,289.20963,18.268612
2019-07-21,297.19858,0.60746104,2.1122842,290.79532,20.225529
2019-07-22,297.61414,0.5354397,1.1600615,290.95337,20.343462
2019-07-23,298.93884,0.09530248,1.5117391,290.4846,19.786798
2019-07-24,299.33533,0.20140949,1.4914128,291.8998,21.554846
2019-07-25,299.79926,0.72786164,1.5208645,291.72754,21.314922
2019-07-26,297.27484,0.81229174,1.8438684,293.03625,23.07303
2019-07-27,298.2417,0.4183359,1.989548,290.8521,20.240004
2019-07-28,293.4398,0.93042964,2.1563318,291.2512,20.68834
2019-07-29,295.66388,0.61053663,1.900579,291.76077,21.343056
2019-07-30,298.5456,0.29197904,1.2222661,292.709,22.605494
2019-07-31,298.2936,0.51118344,1.5943171,293.3678,23.518663
2019-08-01,296.89594,0.48417974,1.4766273,290.76233,20.070343
2019-08-02,294.57462,0.8460913,2.004875,291.07132,20.517662
2019-08-03,293.77164,0.20481326,1.7098844,288.4912,17.484478
2019-08-04,294.11475,0.20082207,1.0813495,287.85855,16.800953
2019-08-05,295.91333,0.460553,1.8653969,288.91153,17.952692
2019-08-06,297.91022,0.46410164,2.069933,290.60153,19.873562
2019-08-07,298.75107,0.66767687,2.4419603,290.72943,20.03261
2019-08-08,296.0575,0.66800505,2.5785851,290.372,19.576363
2019-08-09,298.0591,0.41730592,1.3215154,292.08734,21.76326
2019-08-10,300.5686,0.39069524,1.8701129,293.3512,23.4555
2019-08-11,297.3669,0.3488332,2.1734977,290.14246,19.338806
2019-08-12,300.14716,0.12147473,1.3088056,293.08966,23.11854
2019-08-13,294.71667,0.8384792,3.6329107,288.32318,17.305746
2019-08-14,291.86316,0.7564836,1.9736543,285.80875,14.751052
2019-08-15,293.2701,0.34683388,1.1889229,284.20477,13.320642
2019-08-16,291.9882,0.3843117,1.2953647,286.2038,15.112287
2019-08-17,294.08655,0.522856,1.8334218,286.8537,15.758416
2019-08-18,296.41226,0.18899749,1.9798323,289.4387,18.534163
2019-08-19,298.22513,0.097355835,1.4682797,290.15915,19.331764
2019-08-20,298.91644,0.109386764,1.1438375,292.11554,21.749655
2019-08-21,295.19748,0.43055046,4.5462494,287.33835,16.32454
2019-08-22,294.8926,0.74417436,2.3776333,288.16537,17.09232
2019-08-23,296.4975,0.7978956,2.6606448,291.09534,20.422365
2019-08-24,295.95087,0.7382982,1.983063,291.80515,21.319372
2019-08-25,295.90692,0.6843557,1.8344595,291.48148,20.904238
2019-08-26,296.0856,0.5182583,1.9220134,291.92493,21.473207
2019-08-27,296.88303,0.56178397,1.5281506,292.253,21.904364
2019-08-28,297.95123,0.7623105,1.0754546,292.57922,22.304344
2019-08-29,297.83017,0.8563371,1.2316747,293.59805,23.68843
2019-08-30,298.0425,0.55241656,2.2013466,290.99033,20.253769
2019-08-31,297.6797,0.4149865,1.7584367,291.09467,20.376768
2019-09-01,297.8678,0.44775194,1.0219982,290.82428,20.0511
2019-09-02,294.40994,0.7726856,3.7181308,289.6802,18.81091
2019-09-03,290.00455,0.44487494,2.4021811,282.83792,12.124709
2019-09-04,290.74396,0.0,1.7344085,282.9298,12.206597
2019-09-05,292.72122,0.11684303,1.8702552,285.2715,14.18846
2019-09-06,289.9165,0.86001563,3.1636386,286.542,15.346281
2019-09-07,290.73325,0.78573155,1.5043588,287.42407,16.204876
2019-09-08,290.50552,0.85148376,2.0627656,286.64224,15.441827
2019-09-09,289.11755,0.4265979,2.0907085,284.46655,13.487276
2019-09-10,289.71677,0.34698716,1.717219,283.75534,12.855818
2019-09-11,291.48126,0.56392884,1.9021127,285.7774,14.648813
2019-09-12,292.2983,0.19276421,2.1066256,286.13742,14.9308605
2019-09-13,292.77182,0.13954288,1.3204088,285.80975,14.6174965
2019-09-14,292.51508,0.53838277,2.1331065,287.0221,15.784244
2019-09-15,292.6501,0.013372972,1.4351512,285.89713,14.706817
2019-09-16,293.96033,0.16960303,1.1989938,288.17313,16.995483
2019-09-17,294.84476,0.5561907,1.5310291,289.56662,18.460443
2019-09-18,288.00693,0.9246501,2.3927739,281.71878,11.289527
2019-09-19,287.19922,0.4488704,2.675762,278.435,9.036762
2019-09-20,284.57797,0.2150863,2.164917,276.2446,7.7207646
2019-09-21,285.85895,0.03524471,1.3786769,277.31845,8.330847
2019-09-22,288.06354,0.703019,1.6428006,281.36972,11.079139
2019-09-23,290.6794,0.84833235,2.3083568,287.83466,16.5998
2019-09-24,289.62488,0.57779163,1.9243034,285.82538,14.578031
2019-09-25,289.2811,0.869189,1.02035,286.7607,15.5062065
2019-09-26,289.65817,0.2951704,1.568924,285.62512,14.379078
2019-09-27,290.81833,0.65797484,1.7538177,285.90652,14.63367
2019-09-28,290.98712,0.7929209,1.7130946,287.34262,16.009165
2019-09-29,290.62888,0.42098555,2.2805328,286.73087,15.410231
2019-09-30,293.17706,0.3768608,3.2305627,286.44095,15.165436
2019-10-01,292.44168,0.31178024,2.2383244,285.79544,14.614853
2019-10-02,289.83975,0.73019093,2.374902,286.07687,14.799862
2019-10-03,284.9315,0.6408272,2.3930354,278.55267,9.028181
2019-10-04,284.37988,0.5069458,1.4309564,278.898,9.223129
2019-10-05,286.52646,0.39756876,2.1455595,280.6284,10.432004
2019-10-06,286.52646,0.5564698,2.036147,277.08005,8.15077
2019-10-07,282.77835,0.45840248,2.7115126,277.19098,8.216494
2019-10-08,282.49753,0.29530427,1.6611487,277.55765,8.441264
2019-10-09,288.23712,0.36710432,3.1899352,282.15808,11.536457
2019-10-10,285.93503,0.75951856,1.7366297,283.54932,12.527992
2019-10-11,284.66772,0.6350619,1.2944508,282.07275,11.420744
2019-10-12,287.19653,0.51176906,2.6957147,283.4023,12.448325
2019-10-13,288.73386,0.50740004,2.4097319,284.56982,13.400099
2019-10-14,288.17285,0.80140364,1.9479342,284.79797,13.614929
2019-10-15,288.87845,0.23437534,2.4074686,284.56973,13.383791
2019-10-16,287.78033,0.51257807,1.4642775,284.90845,13.705601
2019-10-17,286.38757,0.36267447,1.640093,283.53845,12.518828
2019-10-18,287.60574,0.40260202,2.590099,283.47003,12.476558
2019-10-19,288.87732,0.20673831,2.6482012,283.5637,12.5001545
2019-10-20,290.55005,0.2344136,2.7644057,285.13605,13.809784
2019-10-21,291.1012,0.10241713,2.5968907,286.3444,14.929194
2019-10-22,289.81454,0.5617474,1.1141572,285.83917,14.479366
2019-10-23,287.57553,0.49311817,1.1035933,285.3575,14.095405
2019-10-24,287.00452,0.27292174,1.5238903,283.6377,12.572008
2019-10-25,286.2791,0.10605358,1.6997056,282.1185,11.415058
2019-10-26,285.53906,0.16410947,1.3941042,282.3205,11.599052
2019-10-27,285.16153,0.32184672,0.9805991,281.08014,10.6422615
2019-10-28,285.7707,0.89388126,2.226374,281.87296,11.214948
2019-10-29,281.9986,0.93192387,2.450482,279.5139,9.542445
2019-10-30,281.1135,0.889684,2.7832482,278.85107,9.138603
2019-10-31,279.45963,0.5281159,2.2324111,276.12973,7.6052666
2019-11-01,279.91382,0.736747,1.6332576,275.9335,7.5232344
2019-11-02,282.76175,0.9235294,1.6226938,280.98138,10.578666
2019-11-03,289.72482,0.7617666,3.4653585,286.0697,14.552334
2019-11-04,285.247,0.54911005,1.8852617,283.75323,12.601498
2019-11-05,287.34036,0.81977296,2.149362,285.1041,13.708604
2019-11-06,284.1391,0.7616827,1.2846228,282.47867,11.5689
2019-11-07,281.4601,0.5603359,1.3427014,279.89584,9.806933
2019-11-08,280.97153,0.9035696,1.0869017,280.0428,9.910053
2019-11-09,283.33118,0.92370504,1.6943088,281.26355,10.69284
2019-11-10,279.92685,0.83168566,1.6535622,277.89233,8.553137
2019-11-11,279.88315,0.9204503,1.1140198,278.40152,8.845125
2019-11-12,281.2367,0.93210346,2.7710364,280.2722,9.9957075
2019-11-13,281.28973,0.88365936,2.2103896,279.95212,9.831787
2019-11-14,280.49658,0.7972948,1.1305739,277.64633,8.427677
2019-11-15,282.8949,0.92542225,1.9839712,280.83633,10.372144
2019-11-16,283.9344,0.89300025,2.0707471,283.00937,11.917979
2019-11-17,285.2882,0.8226578,2.5506315,282.8664,11.806126
2019-11-18,283.5424,0.6776879,2.5309894,279.09256,9.275029
2019-11-19,281.63736,0.909881,1.4904114,278.85367,9.103533
2019-11-20,281.7774,0.9010209,2.293276,281.1013,10.530083
2019-11-21,282.0771,0.83256346,1.6058378,281.09683,10.537515
2019-11-22,280.84384,0.82142544,1.1741991,280.23157,9.954744
2019-11-23,280.2248,0.77087504,1.3990382,278.8527,9.097358
2019-11-24,278.89484,0.74033797,1.594449,277.50983,8.31713
2019-11-25,278.7837,0.9346602,1.5453783,277.43298,8.261203
2019-11-26,279.96344,0.9359461,1.1031759,278.153,8.656312
2019-11-27,282.04736,0.8761922,1.9361999,280.46457,10.142505
2019-11-28,283.52722,0.69934976,2.072754,282.47375,11.491897
2019-11-29,282.82587,0.65711004,2.1806345,280.22345,9.934962
2019-11-30,277.8596,0.31367028,1.6697658,272.5732,5.9638534
2019-12-01,276.81528,0.79938984,1.3845143,272.2491,5.832119
2019-12-02,276.20096,0.9390483,1.3158247,274.9744,6.9988666
2019-12-03,274.05893,0.5777015,1.1679053,272.71524,6.0198298
2019-12-04,272.82565,0.437837,1.5595049,270.31754,5.0805545
2019-12-05,272.87418,0.7629424,1.010884,270.3859,5.1065164
2019-12-06,273.41074,0.75125486,1.2259138,272.2606,5.8372355
2019-12-07,274.3054,0.91863817,1.028947,273.6985,6.45861
2019-12-08,274.81296,0.593655,2.2649124,273.93063,6.5517898
2019-12-09,279.87585,0.86659586,2.2942936,278.7566,9.051908
2019-12-10,276.83435,0.40251893,3.0488422,272.54468,6.0350804
2019-12-11,273.05762,0.2801685,1.5479753,269.8149,4.9155264
2019-12-12,273.33823,0.9100872,0.91939354,272.15442,5.7778363
2019-12-13,275.23868,0.91968375,2.970273,273.77164,6.467443
2019-12-14,276.15268,0.2586289,2.0964553,274.66617,6.890008
2019-12-15,277.99484,0.48444587,2.0865989,276.23187,7.7101912
2019-12-16,283.69604,0.91815746,3.3029454,280.5127,10.109553
2019-12-17,285.9543,0.65859824,3.3806431,281.65225,10.850212
2019-12-18,284.0347,0.7285133,2.2532654,280.9575,10.376788
2019-12-19,281.83936,0.8546489,1.4775423,280.33246,9.971931
2019-12-20,283.81717,0.6993118,3.4499462,280.44742,10.055171
2019-12-21,284.6248,0.69799155,3.7728796,282.10904,11.173568
2019-12-22,280.26804,0.9479199,3.2242587,279.20883,9.268719
2019-12-23,279.19946,0.7967457,1.9188259,276.86444,8.00141
2019-12-24,276.78662,0.4029616,1.3211578,274.69937,6.9116764
2019-12-25,277.0961,0.42220417,1.4584666,274.38153,6.7738614
2019-12-26,276.43372,0.5151317,1.1052799,273.92294,6.550298
2019-12-27,275.34607,0.64253795,1.3308735,273.4519,6.335325
2019-12-28,274.62073,0.28706732,3.9891837,267.9579,4.369819
2019-12-29,272.84616,0.37111956,3.4888787,266.773,3.985858
2019-12-30,270.92654,0.019746989,1.2432257,267.68704,4.2579656
2019-12-31,272.00998,0.2806569,1.409939,268.34055,4.4594765
2020-01-01,272.5178,0.08008082,0.9979194,269.70206,4.930393
2020-01-02,272.36307,0.013557889,1.4694798,270.02347,5.041089
2020-01-03,272.1555,0.39166328,1.2053325,269.84012,4.9652815
2020-01-04,273.97366,0.5309936,1.439981,271.99588,5.7632184
2020-01-05,274.12363,0.016572285,3.118102,266.87955,4.0770597
2020-01-06,270.82605,0.08670866,1.3425708,266.61496,3.9591255
2020-01-07,270.6859,0.33569455,1.0588046,266.59143,3.952901
2020-01-08,272.27222,0.32666278,1.61865,269.01175,4.6898446
2020-01-09,272.3206,0.5098965,1.4616755,270.43057,5.178277
2020-01-10,274.33737,0.39320096,2.099996,271.63226,5.659134
2020-01-11,274.19257,0.285602,1.4034795,272.2005,5.8407645
2020-01-12,273.50592,0.13425605,1.1295228,271.37125,5.524021
2020-01-13,270.7306,0.9206757,0.8548351,270.3822,5.157576
2020-01-14,271.42242,0.52217925,1.7187729,270.68893,5.2905173
2020-01-15,272.38953,0.3877979,1.7685275,270.8825,5.3713923
2020-01-16,273.6374,0.92728823,1.2289852,272.91928,6.138157
2020-01-17,273.1831,0.95784056,0.96483797,272.91043,6.099746
2020-01-18,272.69983,0.95972556,0.8878244,272.11136,5.781652
2020-01-19,274.61472,0.92901677,1.5751923,273.88174,6.5185957
2020-01-20,274.31516,0.87851596,1.8890707,273.53192,6.3807807
2020-01-21,272.53595,0.5235948,1.3012122,270.3694,5.159457
2020-01-22,270.88245,0.41843024,1.2921103,269.7319,4.9421186
2020-01-23,271.42432,0.7053365,1.115517,269.90417,5.0031123
2020-01-24,271.56967,0.5960091,1.4210714,270.47952,5.191981
2020-01-25,274.4326,0.90836227,1.264828,274.2103,6.7241597
2020-01-26,273.92505,0.96269786,1.1380129,274.00302,6.574039
2020-01-27,274.3992,0.96081287,1.1779815,274.55704,6.8225503
2020-01-28,279.32205,0.89617485,3.6506667,277.35028,8.285146
2020-01-29,275.76334,0.7184396,1.3952041,274.7844,6.944537
2020-01-30,276.8999,0.6658821,2.2689748,273.26483,6.2761626
2020-01-31,281.78406,0.20634581,4.0255713,277.03824,8.056852
2020-02-01,283.62186,0.30907592,4.1447463,280.27716,9.965418
2020-02-02,284.18777,0.66217697,3.3116517,280.04855,9.7655945
2020-02-03,283.97556,0.833708,2.1744885,280.18707,9.8451185
2020-02-04,279.98166,0.8548355,3.1659489,274.98956,7.3911805
2020-02-05,276.8726,0.31690183,6.6399508,267.71667,4.376862
2020-02-06,275.55762,0.18723287,2.0785398,265.81137,3.771846
2020-02-07,274.14124,0.3137462,1.1284868,269.4485,4.8331084
2020-02-08,274.79916,0.23646301,1.5019763,271.5154,5.588582
2020-02-09,278.12137,0.3916437,3.4155235,273.6521,6.5020885
2020-02-10,284.38358,0.7801659,5.231731,279.83563,9.660784
2020-02-11,281.0766,0.59167033,2.2602031,277.0655,8.129955
2020-02-12,277.47433,0.14421454,1.3199594,273.30856,6.3084903
2020-02-13,279.17206,0.80267847,1.8699952,274.36914,6.814439
2020-02-14,280.5166,0.50014305,1.6156809,276.0419,7.569913
2020-02-15,278.43268,0.4994218,1.8427598,274.1494,6.662967
2020-02-16,279.09558,0.41199267,2.2849154,274.36655,6.7798877
2020-02-17,282.80466,0.68082017,3.9049342,277.6521,8.417696
2020-02-18,280.4938,0.77883786,1.3846403,279.15436,9.282514
2020-02-19,279.61877,0.75455475,2.0727627,273.68207,6.4670043
2020-02-20,277.61246,0.085616656,1.651688,269.61615,4.8940496
2020-02-21,277.4241,0.06227599,1.8493385,268.10724,4.444365
2020-02-22,278.43518,0.5997097,2.4582546,270.95596,5.386342
2020-02-23,281.90244,0.78277177,3.6172297,274.966,7.0440307
2020-02-24,280.41837,0.48328504,2.1073077,274.71432,6.9919634
2020-02-25,281.4292,0.6423921,3.1787527,277.1564,8.280505
2020-02-26,277.8175,0.9083922,2.1593022,276.7449,7.9998074
2020-02-27,278.62524,0.68147624,3.3665938,271.60287,5.701201
2020-02-28,277.91486,0.254755,3.0639632,269.48672,4.9632435
2020-02-29,279.63193,0.75692403,4.448579,271.6624,5.675239
2020-03-01,282.9832,0.9503533,3.0374825,278.5065,8.943279
2020-03-02,284.73892,0.7912958,3.4207814,278.75558,9.05026
2020-03-03,282.60693,0.7091285,3.069127,279.15204,9.324876
2020-03-04,279.67667,0.6954339,1.5886334,273.68375,6.457299
2020-03-05,280.0978,0.6221419,2.1099954,273.13376,6.226304
2020-03-06,280.36398,0.7784216,1.6798657,278.5484,8.916448
2020-03-07,280.12747,0.54113835,1.8669759,274.99387,7.124803
2020-03-08,278.02924,0.33007288,2.3000765,270.49335,5.2101574
2020-03-09,279.22382,0.70917034,1.4383081,272.6815,6.0726113
2020-03-10,282.08206,0.76648974,1.743886,275.37927,7.241867
2020-03-11,284.37943,0.41006136,2.275081,276.8305,7.993625
2020-03-12,285.37592,0.2908092,3.2077084,277.73352,8.466036
2020-03-13,281.2804,0.8909959,2.1105368,279.0036,9.197912
2020-03-14,281.30978,0.8241296,3.1322036,273.9171,6.686841
2020-03-15,277.47565,0.111837514,3.0054119,266.30328,3.8713315
