index,Nord_Windspeed,Ost_Windspeed,Sud_Windspeed,West_Windspeed,Nord_Winddirection,Ost_Winddirection,Sud_Winddirection,West_Winddirection,Jesen,Proljece,Ljeto,Zima
1/1/2018,0.525,0.354166667,0.325,0.483333333,237.5,156.7916667,189.3333333,197.6666667,0,0,0,1
1/2/2018,0.333333333,0.275,0.15,0.245833333,223.2083333,183.75,168.7916667,228.2916667,0,0,0,1
1/3/2018,0.366666667,0.279166667,0.254166667,0.304166667,217.9583333,191.4583333,211.6666667,183.25,0,0,0,1
1/4/2018,0.279166667,0.2375,0.166666667,0.254166667,249,167.5833333,219.3333333,212.3333333,0,0,0,1
1/5/2018,0.516666667,0.258333333,0.2375,0.2125,172.7916667,185.3333333,212.5,171.0833333,0,0,0,1
1/6/2018,0.866666667,0.429166667,0.429166667,0.466666667,240.875,268.125,278.25,153.2916667,0,0,0,1
1/7/2018,0.8375,0.541666667,0.579166667,0.3125,251.4166667,217.5833333,209.5416667,174.7083333,0,0,0,1
1/8/2018,0.420833333,0.508333333,0.379166667,0.3125,163.375,181.1666667,135.8333333,135.5,0,0,0,1
1/9/2018,0.370833333,0.4,0.270833333,0.270833333,130.625,124.0833333,144,178.8333333,0,0,0,1
1/10/2018,0.2625,0.3375,0.279166667,0.275,150.2083333,186.375,152.4166667,204.6666667,0,0,0,1
1/11/2018,0.341666667,0.508333333,0.3375,0.291666667,230.125,185.5833333,166.7083333,187.0416667,0,0,0,1
1/12/2018,0.691666667,0.491666667,0.283333333,0.404166667,204.8333333,198,194.625,199.25,0,0,0,1
1/13/2018,0.391666667,0.6375,0.4,0.433333333,142.4583333,125.0833333,113.5833333,150,0,0,0,1
1/14/2018,0.495833333,0.6625,0.4625,0.4875,117.375,92.16666667,86.08333333,149.25,0,0,0,1
1/15/2018,0.675,0.304166667,0.370833333,0.479166667,150.6666667,165.7083333,135.7916667,174.7916667,0,0,0,1
1/16/2018,0.383333333,0.420833333,0.345833333,0.458333333,190.375,159.8333333,147.125,218.4583333,0,0,0,1
1/17/2018,0.495833333,0.670833333,1.0375,0.783333333,255.7916667,216.7083333,240.5833333,215.1666667,0,0,0,1
1/18/2018,0.595833333,0.608333333,0.879166667,0.816666667,214.2083333,249.1666667,218.3333333,217.625,0,0,0,1
1/19/2018,0.645833333,0.416666667,0.595833333,0.5375,228.0833333,173.2083333,211.9166667,170.875,0,0,0,1
1/20/2018,0.645833333,0.2875,0.3375,0.408333333,217.9583333,158.75,196.0416667,195,0,0,0,1
1/21/2018,0.6,0.545833333,0.879166667,0.770833333,245.2083333,220.25,259.125,230.8333333,0,0,0,1
1/22/2018,0.429166667,0.4625,0.625,0.470833333,184.75,163.625,148.4583333,184.625,0,0,0,1
1/23/2018,0.391666667,0.35,0.308333333,0.295833333,229.9583333,163.1666667,195.3333333,208,0,0,0,1
1/24/2018,0.866666667,0.358333333,0.358333333,0.391666667,251.25,220.9583333,193.2916667,200.375,0,0,0,1
1/25/2018,0.725,0.3875,0.279166667,0.395833333,231.5,205.4166667,185.625,184.9583333,0,0,0,1
1/26/2018,0.541666667,0.325,0.266666667,0.283333333,242.125,209.7083333,179.125,221.2083333,0,0,0,1
1/27/2018,0.541666667,0.408333333,0.333333333,0.479166667,104.6666667,162.8333333,115.5833333,168.75,0,0,0,1
1/28/2018,0.645833333,0.45,0.45,0.470833333,172.0416667,223.9166667,158.3333333,180.9166667,0,0,0,1
1/29/2018,0.5125,0.254166667,0.245833333,0.2,196.9166667,195.3333333,161.9166667,212.75,0,0,0,1
1/30/2018,0.629166667,0.575,0.6625,0.708333333,197.125,149.875,155.4583333,179.4166667,0,0,0,1
1/31/2018,0.333333333,0.375,0.366666667,0.308333333,205.375,176.0416667,162.75,177.9583333,0,0,0,1
2/1/2018,0.779166667,0.508333333,0.7375,0.679166667,234.4166667,244.75,221.0416667,166.7916667,0,0,0,1
2/2/2018,0.508333333,0.354166667,0.433333333,0.566666667,170.6666667,170.0833333,153.0833333,171.375,0,0,0,1
2/3/2018,0.420833333,0.341666667,0.325,0.45,192.2083333,214.2916667,169.7916667,198.625,0,0,0,1
2/4/2018,0.6,0.4,0.4,0.375,240.625,176.2083333,152.4583333,183.5,0,0,0,1
2/5/2018,0.795833333,0.6375,0.683333333,0.483333333,179.7916667,157.5416667,172.25,143.7083333,0,0,0,1
2/6/2018,0.8,0.570833333,0.7375,0.654166667,127.9583333,141.2916667,109.3333333,132.9166667,0,0,0,1
2/7/2018,0.408333333,0.379166667,0.2875,0.3375,167.6666667,207,159.5833333,197.375,0,0,0,1
2/8/2018,0.320833333,0.5125,0.6125,0.904166667,276.0416667,148.6666667,179.625,252.2083333,0,0,0,1
2/9/2018,0.591666667,0.458333333,0.508333333,0.575,193.5833333,179.2083333,120.0833333,140.3333333,0,0,0,1
2/10/2018,0.666666667,0.475,0.475,0.508333333,147.625,148.0416667,132.5,168,0,0,0,1
2/11/2018,0.6625,0.404166667,0.625,0.620833333,213.7916667,175.125,158.375,148.0833333,0,0,0,1
2/12/2018,0.258333333,0.266666667,0.129166667,0.2625,172.9166667,218.5,157.5416667,204.7083333,0,0,0,1
2/13/2018,0.5,0.375,0.625,0.941666667,259.125,179.3333333,229.5,234.9583333,0,0,0,1
2/14/2018,0.754166667,0.5125,0.8,1.1125,323.5,113.0833333,229.5833333,228.3333333,0,0,0,1
2/15/2018,0.683333333,0.404166667,0.458333333,0.541666667,155.4583333,197.8333333,147.9166667,155.2916667,0,0,0,1
2/16/2018,0.504166667,0.35,0.375,0.320833333,194.4166667,181.625,140.125,164.75,0,0,0,1
2/17/2018,0.654166667,0.520833333,0.7875,0.516666667,168.8333333,163.7083333,133.7083333,155.6666667,0,0,0,1
2/18/2018,0.683333333,0.645833333,0.625,0.533333333,163.6666667,147.625,122.7083333,164.375,0,0,0,1
2/19/2018,0.491666667,0.525,0.508333333,0.466666667,140.2916667,148.4583333,115.625,177.1666667,0,0,0,1
2/20/2018,0.345833333,0.441666667,0.233333333,0.316666667,234.8333333,206.4166667,195.9583333,205.0833333,0,0,0,1
2/21/2018,0.4625,0.329166667,0.3375,0.429166667,131.875,172.5416667,142.9166667,181.25,0,0,0,1
2/22/2018,0.441666667,0.383333333,0.241666667,0.445833333,191.875,201.4583333,165.0833333,176.0833333,0,0,0,1
2/23/2018,0.2875,0.304166667,0.204166667,0.291666667,173.0833333,163.4583333,167.4583333,211.875,0,0,0,1
2/24/2018,0.804166667,0.6875,0.6125,0.666666667,183.0833333,184.625,150.4583333,179.75,0,0,0,1
2/25/2018,0.525,0.654166667,0.570833333,0.5,190.5,147.7083333,124.7083333,167.125,0,0,0,1
2/26/2018,0.545833333,0.6,0.6875,0.829166667,229.0833333,212.4583333,206.4583333,209.5416667,0,0,0,1
2/27/2018,0.8875,0.820833333,1.633333333,1.55,248.5,209.8333333,229.0833333,281.6666667,0,0,0,1
2/28/2018,0.766666667,0.429166667,0.5125,0.729166667,202.9166667,183.125,158.5416667,217.9166667,0,0,0,1
3/1/2018,0.829166667,0.7,0.4875,0.608333333,183.2083333,215.625,167.1666667,155.1666667,0,1,0,0
3/2/2018,0.575,0.5125,0.416666667,0.5,189.5833333,208.2083333,164.7916667,188.0833333,0,1,0,0
3/3/2018,0.533333333,0.479166667,0.4375,0.425,168.0416667,147.375,117.0833333,184.6666667,0,1,0,0
3/4/2018,0.533333333,0.420833333,0.395833333,0.420833333,167.75,192.5,144.9166667,165.5416667,0,1,0,0
3/5/2018,0.45,0.495833333,0.379166667,0.3375,137.8333333,161.5833333,127.75,172.5833333,0,1,0,0
3/6/2018,0.383333333,0.504166667,0.4125,0.404166667,178.4166667,211.875,190.875,210.2083333,0,1,0,0
3/7/2018,0.5,0.441666667,0.395833333,0.333333333,212.4583333,206.9166667,200.9583333,183.8333333,0,1,0,0
3/8/2018,0.879166667,0.5625,1.079166667,0.85,221.0833333,191.75,186.6666667,168.125,0,1,0,0
3/9/2018,0.8,0.408333333,0.35,0.3625,167.1666667,233.1666667,192.3333333,171.375,0,1,0,0
3/10/2018,0.925,0.445833333,0.5125,0.783333333,128.125,206.8333333,153.5416667,203.0416667,0,1,0,0
3/11/2018,0.9875,0.6,0.641666667,0.454166667,172.5,177.625,150.4166667,196.8333333,0,1,0,0
3/12/2018,0.908333333,0.829166667,0.7625,0.658333333,208.25,202.4583333,224.75,229.7083333,0,1,0,0
3/13/2018,0.591666667,0.591666667,0.816666667,0.620833333,232.6666667,215.7916667,240.875,251.2083333,0,1,0,0
3/14/2018,0.529166667,0.45,0.670833333,0.479166667,237.0833333,176.3333333,154.0833333,170.9583333,0,1,0,0
3/15/2018,0.404166667,0.633333333,0.7125,0.358333333,138.3333333,119.8333333,106.1666667,156.5833333,0,1,0,0
3/16/2018,0.395833333,0.458333333,0.479166667,0.416666667,266.875,160.5416667,188.9166667,160.875,0,1,0,0
3/17/2018,0.4375,0.779166667,0.633333333,0.329166667,197.0833333,153.9583333,128.0833333,169.6666667,0,1,0,0
3/18/2018,0.908333333,0.816666667,0.808333333,0.658333333,126.4166667,117.9583333,104.7916667,132.7083333,0,1,0,0
3/19/2018,0.758333333,0.6875,0.725,0.620833333,123.9583333,116.25,117.2916667,167.9583333,0,1,0,0
3/20/2018,0.929166667,0.6,0.633333333,0.695833333,206.7083333,233,184.3333333,204,0,1,0,0
3/21/2018,0.966666667,0.829166667,1.116666667,0.925,304.75,146.5416667,280.625,206.875,0,1,0,0
3/22/2018,0.65,0.479166667,0.504166667,0.541666667,234.0833333,214.625,181.9166667,169.8333333,0,1,0,0
3/23/2018,0.754166667,0.458333333,0.804166667,0.529166667,217.5833333,184.3333333,216.5833333,174.9166667,0,1,0,0
3/24/2018,0.804166667,0.5875,0.745833333,0.554166667,175.4166667,199.25,188.375,107.9166667,0,1,0,0
3/25/2018,0.758333333,0.795833333,0.7875,0.5125,129.9583333,146.25,117.3333333,153.9583333,0,1,0,0
3/26/2018,0.416666667,0.558333333,0.470833333,0.375,193.2916667,158,129.25,174.375,0,1,0,0
3/27/2018,0.45,0.633333333,0.6375,0.4875,194.5,166.25,142.4166667,195.8333333,0,1,0,0
3/28/2018,0.633333333,0.445833333,0.6375,0.454166667,223.0416667,169.75,127.3333333,188.875,0,1,0,0
3/29/2018,0.408333333,0.579166667,0.720833333,0.408333333,216.5,123.5833333,188.5,156.9583333,0,1,0,0
3/30/2018,0.283333333,0.316666667,0.404166667,0.320833333,187.7083333,181.7916667,167.2916667,207.2083333,0,1,0,0
3/31/2018,0.516666667,0.445833333,0.666666667,0.391666667,204.2916667,176.7083333,172.7083333,178.7916667,0,1,0,0
4/1/2018,0.4625,0.820833333,1.391666667,1.154166667,274.5833333,245.0833333,262.2916667,279.75,0,1,0,0
4/2/2018,0.641666667,0.458333333,0.729166667,0.491666667,215.6666667,165.375,175.4583333,180.125,0,1,0,0
4/3/2018,1.9625,0.870833333,1.295833333,1.75,237.75,193.2083333,170.1666667,192.3333333,0,1,0,0
4/4/2018,3.0625,1.404166667,1.1,2.283333333,203.9583333,242.625,317,202.7083333,0,1,0,0
4/5/2018,0.725,0.754166667,1.125,0.933333333,243.875,193.3333333,240.0416667,182,0,1,0,0
4/6/2018,0.7875,0.804166667,1.25,1.041666667,217.0416667,161.125,193.3333333,170.5416667,0,1,0,0
4/7/2018,1.129166667,0.7875,1.0125,0.691666667,186.9166667,199.375,139.9166667,128.3333333,0,1,0,0
4/8/2018,0.841666667,0.475,0.9375,0.55,167.1666667,159.5,136.875,179.6666667,0,1,0,0
4/9/2018,1.295833333,0.595833333,1.2125,0.8625,176.5,237.6666667,187,163.1666667,0,1,0,0
4/10/2018,0.983333333,0.920833333,1.020833333,0.866666667,198.8333333,180.0833333,144.5,206.625,0,1,0,0
4/11/2018,0.845833333,0.604166667,0.916666667,0.675,209.4166667,193.6666667,199.0833333,162.5416667,0,1,0,0
4/12/2018,0.741666667,0.583333333,0.691666667,0.583333333,180.125,227.8333333,190.2083333,181.9583333,0,1,0,0
4/13/2018,1.775,1.154166667,1.120833333,1.029166667,181.6666667,199.9166667,174.2083333,187.625,0,1,0,0
4/14/2018,0.770833333,0.5125,0.704166667,0.483333333,212,183.5416667,189.875,184.7083333,0,1,0,0
4/15/2018,0.804166667,0.558333333,0.770833333,0.404166667,213.8333333,229.1666667,228.5833333,194.9166667,0,1,0,0
4/16/2018,0.416666667,0.533333333,0.725,0.554166667,184.4166667,210.6666667,195.4583333,175.5416667,0,1,0,0
4/17/2018,0.6125,0.583333333,1.070833333,0.933333333,222.9166667,159.25,241.7916667,212.4583333,0,1,0,0
4/18/2018,0.966666667,0.558333333,0.654166667,0.591666667,137.0416667,221.625,194,183.7916667,0,1,0,0
4/19/2018,0.779166667,0.516666667,0.608333333,0.395833333,153.0833333,182.2916667,170.5,185.9166667,0,1,0,0
4/20/2018,0.8,0.575,0.65,0.454166667,141.6666667,164.7916667,180.0416667,180.5833333,0,1,0,0
4/21/2018,1.016666667,0.475,0.9625,0.5875,119.5,240.6666667,179.9166667,175.9583333,0,1,0,0
4/22/2018,0.908333333,0.545833333,0.920833333,0.6375,143.0833333,191.4583333,162.4583333,191.2916667,0,1,0,0
4/23/2018,0.804166667,0.8375,1,0.708333333,183.25,228.0833333,201.5416667,213.2083333,0,1,0,0
4/24/2018,0.6875,0.495833333,0.8875,0.729166667,222.4583333,236.6666667,241.375,237.9166667,0,1,0,0
4/25/2018,0.9125,0.425,0.8,0.508333333,127.9583333,220.625,178.4583333,199.1666667,0,1,0,0
4/26/2018,0.375,0.5875,1.029166667,0.816666667,213.3333333,172.5416667,167.1666667,216.625,0,1,0,0
4/27/2018,0.683333333,0.5125,0.620833333,0.5125,126.1666667,235.125,211.75,220.1666667,0,1,0,0
4/28/2018,0.845833333,0.445833333,0.9125,0.55,134.0833333,209.875,187.0416667,182.0833333,0,1,0,0
4/29/2018,0.879166667,0.420833333,2.441666667,0.6375,126.5,181.1666667,157.625,183.6666667,0,1,0,0
4/30/2018,1.6125,1,1.5875,1.108333333,211.7083333,259.5833333,213.4583333,149.375,0,1,0,0
5/1/2018,0.945833333,0.491666667,1.05,0.741666667,135.2083333,207.5,167.4166667,167.9583333,0,1,0,0
5/2/2018,0.916666667,0.6125,0.970833333,0.5625,109.875,186.2916667,176.3333333,164,0,1,0,0
5/3/2018,0.816666667,0.8875,1.404166667,0.6625,110.4583333,184.5,209.5833333,170.0416667,0,1,0,0
5/4/2018,0.729166667,0.641666667,1.108333333,0.575,89.625,222.2083333,207.2916667,165.2916667,0,1,0,0
5/5/2018,0.366666667,0.504166667,0.904166667,0.6,137.2916667,210.5833333,217.0416667,236.7083333,0,1,0,0
5/6/2018,0.754166667,0.629166667,0.9875,0.7375,116.875,148.9583333,156.9166667,172.2083333,0,1,0,0
5/7/2018,0.770833333,0.470833333,0.675,0.4875,126.5,135.2083333,152.4166667,193.125,0,1,0,0
5/8/2018,0.533333333,0.55,0.720833333,0.445833333,122.2083333,183.0833333,191.7083333,217.1666667,0,1,0,0
5/9/2018,0.75,0.6375,0.604166667,0.45,203.8333333,164.9583333,174.5833333,211.5,0,1,0,0
5/10/2018,0.775,0.670833333,0.875,0.620833333,122.2916667,202.875,189.875,239.1666667,0,1,0,0
5/11/2018,0.7875,0.691666667,0.945833333,0.579166667,100.2916667,131.3333333,145.7083333,158.4166667,0,1,0,0
5/12/2018,0.858333333,0.625,0.9625,0.604166667,105.8333333,172.5416667,180.0416667,213.5416667,0,1,0,0
5/13/2018,0.675,0.579166667,0.845833333,0.491666667,105.2916667,132.6666667,140.7916667,197.5833333,0,1,0,0
5/14/2018,0.708333333,0.775,0.908333333,0.433333333,93.29166667,77.95833333,104.8333333,206.3333333,0,1,0,0
5/15/2018,0.579166667,1.191666667,1.166666667,0.720833333,183.1666667,179.3333333,191,197.3333333,0,1,0,0
5/16/2018,0.608333333,0.508333333,0.695833333,0.529166667,131.5833333,203.7916667,187.75,225.375,0,1,0,0
5/17/2018,0.516666667,0.4875,0.595833333,0.445833333,165.7916667,135.875,181.2083333,257.125,0,1,0,0
5/18/2018,0.583333333,0.570833333,0.970833333,0.7375,133.4166667,184.7083333,207.5416667,270.9166667,0,1,0,0
5/19/2018,0.566666667,0.620833333,1.2,0.4375,123.0833333,173.2083333,98,196.2083333,0,1,0,0
5/20/2018,0.470833333,0.4875,1.2,0.45,152.0833333,183.8333333,98,221.4583333,0,1,0,0
5/21/2018,0.475,0.675,0.970833333,0.55,167.7083333,134.5833333,107.4583333,197.5833333,0,1,0,0
5/22/2018,0.941666667,0.45,0.875,0.483333333,77.75,226.5416667,146.25,235.6666667,0,1,0,0
5/23/2018,0.770833333,0.516666667,0.779166667,0.545833333,96,151.5,185.875,191.1666667,0,1,0,0
5/24/2018,0.554166667,0.504166667,0.666666667,0.479166667,125.375,220.6666667,238.4583333,239.7916667,0,1,0,0
5/25/2018,0.616666667,0.608333333,0.708333333,0.404166667,142.0416667,145.7916667,170.7083333,222.8333333,0,1,0,0
5/26/2018,0.729166667,0.495833333,0.8375,0.533333333,114.5,164.25,163.4166667,188.3333333,0,1,0,0
5/27/2018,0.833333333,0.533333333,0.866666667,0.529166667,99.875,222.6666667,180.625,206.0833333,0,1,0,0
5/28/2018,0.754166667,0.4625,0.770833333,0.458333333,178.25,198.75,156.7916667,217.75,0,1,0,0
5/29/2018,0.666666667,0.591666667,0.995833333,0.629166667,105.625,199.7083333,227.2083333,196.7083333,0,1,0,0
5/30/2018,0.695833333,0.454166667,0.875,0.566666667,87.83333333,184.375,226.75,146.7083333,0,1,0,0
5/31/2018,0.966666667,0.445833333,0.7875,0.583333333,71.375,192.1666667,194.7083333,157.1666667,0,1,0,0
6/1/2018,0.595833333,0.475,0.591666667,0.458333333,101.9166667,209.375,181.5833333,226.0833333,0,0,1,0
6/2/2018,0.645833333,0.570833333,0.958333333,0.616666667,131.4166667,158.2083333,159.3333333,209.2083333,0,0,1,0
6/3/2018,0.770833333,0.683333333,0.85,0.525,139.75,198.1666667,198.75,191.375,0,0,1,0
6/4/2018,0.925,0.504166667,0.9875,0.533333333,87.875,149.875,192.125,219.9166667,0,0,1,0
6/5/2018,0.958333333,0.6375,0.95,0.491666667,81.25,100.7083333,119.7916667,224.4166667,0,0,1,0
6/6/2018,0.908333333,0.545833333,0.741666667,0.491666667,106.875,150.375,146.7916667,198.2083333,0,0,1,0
6/7/2018,0.558333333,0.625,1.058333333,0.504166667,123,151.25,180.7916667,221.2916667,0,0,1,0
6/8/2018,0.820833333,0.529166667,0.975,0.533333333,114.3333333,164.7083333,180.5,209.5,0,0,1,0
6/9/2018,0.633333333,0.733333333,1.1125,0.658333333,132.625,164.2916667,198.7083333,243.25,0,0,1,0
6/10/2018,0.55,0.575,0.875,0.616666667,106.7916667,151.7916667,206.7083333,209.25,0,0,1,0
6/11/2018,0.666666667,0.479166667,0.941666667,0.616666667,143.9583333,157.4166667,147.125,195.9583333,0,0,1,0
6/12/2018,0.816666667,0.629166667,1.0375,0.629166667,110.9166667,141.75,175.0416667,191.25,0,0,1,0
6/13/2018,0.570833333,0.641666667,1.075,0.958333333,146.875,144,191.4166667,227.4583333,0,0,1,0
6/14/2018,0.654166667,0.770833333,2.183333333,1.5125,205.9583333,236.625,315.7083333,324.4583333,0,0,1,0
6/15/2018,0.675,0.6875,2.145833333,1.829166667,171.0416667,140.4583333,292.6666667,313.7916667,0,0,1,0
6/16/2018,0.4625,0.520833333,1.058333333,1.220833333,104.5,201.3333333,277.9166667,287.375,0,0,1,0
6/17/2018,0.683333333,0.525,0.725,0.945833333,73.70833333,116.9166667,192,269.0833333,0,0,1,0
6/18/2018,0.65,0.966666667,2.408333333,2.2375,243.4166667,279.9166667,300.7916667,321.0833333,0,0,1,0
6/19/2018,0.683333333,0.729166667,1.204166667,1.395833333,128.5833333,140.0833333,231.5,305.2916667,0,0,1,0
6/20/2018,0.833333333,0.429166667,0.858333333,0.570833333,106.5416667,150.625,141.9583333,173.9166667,0,0,1,0
6/21/2018,0.958333333,0.520833333,1.275,0.7,93.70833333,174.625,206.6666667,206.375,0,0,1,0
6/22/2018,0.866666667,0.566666667,1.320833333,0.9625,170.5833333,202,190.125,213.625,0,0,1,0
6/23/2018,0.591666667,0.633333333,1.079166667,0.979166667,168.5,186.1666667,218.9166667,299.3333333,0,0,1,0
6/24/2018,0.654166667,0.683333333,0.929166667,0.658333333,130.3333333,212.7083333,210.125,227.1666667,0,0,1,0
6/25/2018,0.45,0.558333333,0.704166667,0.566666667,143.125,146,210.2083333,218.5,0,0,1,0
6/26/2018,0.729166667,0.658333333,0.729166667,0.608333333,148.5416667,169.5833333,187.4166667,197.5,0,0,1,0
6/27/2018,0.55,0.754166667,1.291666667,1.145833333,168.5,145.375,205.875,272.625,0,0,1,0
6/28/2018,0.395833333,0.7375,1.445833333,1.575,184.125,229.4166667,260.5,296.7083333,0,0,1,0
6/29/2018,0.4875,1.179166667,2.370833333,2.358333333,261.2083333,305.8333333,300.2083333,318.0416667,0,0,1,0
6/30/2018,0.941666667,0.7125,1.583333333,0.895833333,101.625,213.7916667,203.7916667,198.125,0,0,1,0
7/1/2018,0.854166667,0.7,1.1,0.658333333,152.9166667,141.4583333,130.0833333,140.0416667,0,0,1,0
7/2/2018,0.6375,0.616666667,0.9,0.554166667,157.4166667,97.83333333,125.9583333,196.0416667,0,0,1,0
7/3/2018,0.55,0.470833333,0.679166667,0.545833333,144.1666667,145.8333333,155.0833333,275.0416667,0,0,1,0
7/4/2018,0.758333333,0.425,1.054166667,0.641666667,121.375,173.6666667,166.875,184.25,0,0,1,0
7/5/2018,0.791666667,0.525,0.904166667,0.6875,137.0416667,173.4166667,155.5833333,207.5833333,0,0,1,0
7/6/2018,0.333333333,0.708333333,1.033333333,1.2125,230.375,238.9583333,254.8333333,267.5,0,0,1,0
7/7/2018,0.391666667,1.004166667,1.904166667,1.641666667,246,291.25,308,313.7083333,0,0,1,0
7/8/2018,0.541666667,0.5875,0.9,0.8625,134.9166667,154.9583333,223.375,277.5416667,0,0,1,0
7/9/2018,0.770833333,0.5875,1.1375,0.875,111.0416667,178.5,227.3333333,267.1666667,0,0,1,0
7/10/2018,0.65,0.55,1.1,0.654166667,109.8333333,160.0416667,173.7083333,197.5833333,0,0,1,0
7/11/2018,0.508333333,0.675,0.8125,0.475,122.7916667,212.5833333,185.5416667,227.7083333,0,0,1,0
7/12/2018,0.620833333,0.4375,0.758333333,0.545833333,175.875,177.125,176.9166667,214.5,0,0,1,0
7/13/2018,0.841666667,0.566666667,0.8625,0.5125,113.625,153.4583333,199.2083333,201.7916667,0,0,1,0
7/14/2018,0.979166667,0.8125,1.008333333,0.458333333,92,159.4583333,177.3333333,197.5416667,0,0,1,0
7/15/2018,0.825,0.7375,0.879166667,0.558333333,122.875,162,175.2083333,219.75,0,0,1,0
7/16/2018,0.491666667,0.508333333,0.65,0.4625,125,176.1666667,152.75,217.5833333,0,0,1,0
7/17/2018,0.429166667,0.683333333,1.266666667,1.004166667,178.125,238.9166667,257.5416667,286.9166667,0,0,1,0
7/18/2018,0.633333333,0.7,1.433333333,1.016666667,206.9166667,234.625,251.4583333,270.7916667,0,0,1,0
7/19/2018,0.8,0.616666667,1.1875,1.05,115.125,193.0416667,285.75,239.7083333,0,0,1,0
7/20/2018,1.120833333,0.5875,1.058333333,0.741666667,121.7916667,200.625,197.1666667,179.8333333,0,0,1,0
7/21/2018,0.695833333,0.5875,1.0125,0.645833333,96.41666667,181.8333333,219.7916667,190.9166667,0,0,1,0
7/22/2018,0.4625,0.741666667,1.079166667,0.929166667,182.9166667,256.0833333,253.5416667,253.0416667,0,0,1,0
7/23/2018,0.341666667,0.479166667,1.0125,0.9,144.5416667,217.1666667,258.5833333,312.5,0,0,1,0
7/24/2018,0.791666667,0.625,0.895833333,0.833333333,111.5833333,172.875,231.3333333,226.9166667,0,0,1,0
7/25/2018,0.916666667,0.758333333,0.991666667,0.708333333,112.3333333,196.5833333,188.6666667,181.0833333,0,0,1,0
7/26/2018,0.570833333,0.5875,1.1625,1.170833333,181.125,222.2083333,264.6666667,233.7916667,0,0,1,0
7/27/2018,0.741666667,0.675,0.975,0.566666667,93.70833333,131.7083333,123.5,150.5833333,0,0,1,0
7/28/2018,0.691666667,0.625,0.9625,0.5125,142.0833333,119.9166667,166.0416667,174.4166667,0,0,1,0
7/29/2018,0.7,0.85,1.141666667,0.925,165.0833333,157.5833333,192.75,245.7916667,0,0,1,0
7/30/2018,0.858333333,0.554166667,0.908333333,0.691666667,111.0833333,125.3333333,225.9166667,178.0416667,0,0,1,0
7/31/2018,0.875,0.625,0.829166667,0.520833333,100.5416667,141.7083333,194.0833333,189.7083333,0,0,1,0
8/1/2018,0.9875,0.741666667,1.2125,0.504166667,76.83333333,160.0416667,149.8333333,182.625,0,0,1,0
8/2/2018,0.470833333,0.508333333,0.733333333,0.454166667,121.6666667,160.2916667,187.1666667,221.5,0,0,1,0
8/3/2018,0.7625,0.433333333,0.6625,0.341666667,85.54166667,190.7916667,217.8333333,237.7083333,0,0,1,0
8/4/2018,0.9125,0.441666667,0.9875,0.529166667,115.9166667,135,175.5,202.4166667,0,0,1,0
8/5/2018,0.833333333,0.5625,0.975,0.566666667,116.2083333,213.8333333,195.75,202.1666667,0,0,1,0
8/6/2018,0.845833333,0.429166667,0.845833333,0.554166667,108.7083333,172.2083333,166.9583333,182.6666667,0,0,1,0
8/7/2018,0.875,0.566666667,1.1,0.6875,104.4583333,178.2083333,213.25,144.3333333,0,0,1,0
8/8/2018,0.654166667,0.533333333,0.933333333,0.633333333,137.9583333,134.375,135.5,203.125,0,0,1,0
8/9/2018,0.775,0.679166667,1.095833333,0.579166667,194.4166667,180.5833333,154.8333333,208.25,0,0,1,0
8/10/2018,0.716666667,0.716666667,1.241666667,0.841666667,147.75,179.0416667,203.5416667,205.7916667,0,0,1,0
8/11/2018,0.495833333,0.566666667,0.6875,0.583333333,154.625,174,146.2083333,192.875,0,0,1,0
8/12/2018,0.770833333,0.570833333,1.1125,0.608333333,112.7916667,185.875,182.1666667,175.125,0,0,1,0
8/13/2018,0.841666667,0.504166667,0.8625,0.5125,101.625,154,162.875,214.9166667,0,0,1,0
8/14/2018,0.5375,0.491666667,0.683333333,0.6,116.2083333,177.0416667,191.5,230.125,0,0,1,0
8/15/2018,0.833333333,0.558333333,0.975,0.708333333,146.25,164.625,257.8333333,258.6666667,0,0,1,0
8/16/2018,0.766666667,0.604166667,0.85,0.504166667,97.16666667,182.5416667,186.1666667,155.1666667,0,0,1,0
8/17/2018,0.9375,0.383333333,0.766666667,0.454166667,105.2916667,149.375,177.9166667,199.4583333,0,0,1,0
8/18/2018,0.791666667,0.583333333,0.983333333,0.470833333,92.5,174.6666667,191,203.0833333,0,0,1,0
8/19/2018,0.866666667,0.633333333,0.704166667,0.383333333,84.79166667,149.2083333,164.6666667,222.625,0,0,1,0
8/20/2018,0.733333333,0.554166667,0.991666667,0.633333333,199.3333333,181.75,209.9166667,193.4166667,0,0,1,0
8/21/2018,0.6625,0.5375,0.895833333,0.595833333,170.125,144.7083333,168.6666667,205.4583333,0,0,1,0
8/22/2018,0.9375,0.408333333,1.004166667,0.516666667,83,194.6666667,208.75,196.0833333,0,0,1,0
8/23/2018,1.020833333,0.4125,0.808333333,0.591666667,77.91666667,188.5,190.3333333,212.75,0,0,1,0
8/24/2018,0.7375,0.579166667,0.770833333,0.5125,26.875,180.7083333,236.2083333,196.4583333,0,0,1,0
8/25/2018,0.6,0.508333333,0.7375,0.541666667,22,235.625,249.4583333,252.0833333,0,0,1,0
8/26/2018,0.6,0.683333333,1.5875,1.433333333,22,241.6666667,286.375,310.7083333,0,0,1,0
8/27/2018,0.75,0.466666667,0.754166667,0.745833333,132.875,157.5416667,185.375,174.125,0,0,1,0
8/28/2018,0.95,0.495833333,0.883333333,0.575,98.54166667,229.7083333,186.0833333,193.1666667,0,0,1,0
8/29/2018,0.9125,0.5,0.816666667,0.575,88.83333333,169.2083333,158.2083333,171.2083333,0,0,1,0
8/30/2018,0.7375,0.5625,1.2,0.791666667,133.5416667,181.75,183.0833333,226.2083333,0,0,1,0
8/31/2018,0.433333333,0.479166667,0.475,0.408333333,106.8333333,200.9166667,223.2083333,225,0,0,1,0
9/1/2018,0.358333333,0.383333333,0.620833333,0.458333333,156.4583333,186.5,202.0833333,238.875,1,0,0,0
9/2/2018,0.391666667,0.4,0.475,0.366666667,134.4583333,151.7916667,177.2916667,210.1666667,1,0,0,0
9/3/2018,0.55,0.5125,0.695833333,0.395833333,107.8333333,143.4166667,177.2916667,219.625,1,0,0,0
9/4/2018,0.504166667,0.491666667,0.658333333,0.541666667,136.375,206.4583333,186.4583333,230.875,1,0,0,0
9/5/2018,0.529166667,0.570833333,0.916666667,0.691666667,111.75,178.5833333,232.375,231.4166667,1,0,0,0
9/6/2018,0.779166667,0.466666667,0.804166667,0.55,123.1666667,178.3333333,207.3333333,177.6666667,1,0,0,0
9/7/2018,0.633333333,0.508333333,0.708333333,0.466666667,125.4583333,156.875,198.7916667,230.0416667,1,0,0,0
9/8/2018,0.591666667,0.4,0.675,0.4375,119.0833333,226.4583333,143.7916667,211.5,1,0,0,0
9/9/2018,0.691666667,0.475,0.6125,0.45,118.5833333,165.25,178.3333333,193.5833333,1,0,0,0
9/10/2018,0.720833333,0.575,0.829166667,0.583333333,110.7083333,214,234.3333333,154.6666667,1,0,0,0
9/11/2018,0.9375,0.441666667,0.641666667,0.5,101.6666667,208.875,199.7916667,219.3333333,1,0,0,0
9/12/2018,0.733333333,0.45,0.633333333,0.4625,104.0416667,158.0416667,185.0416667,169.7083333,1,0,0,0
9/13/2018,0.758333333,0.445833333,0.691666667,0.504166667,101.125,171.9166667,188.25,164.75,1,0,0,0
9/14/2018,0.595833333,0.491666667,0.658333333,0.529166667,122.25,170.0833333,187,213.75,1,0,0,0
9/15/2018,0.658333333,0.45,0.620833333,0.5,166.375,191.7916667,181.0416667,203.2083333,1,0,0,0
9/16/2018,0.608333333,0.4375,0.820833333,0.575,137.2916667,187.875,196.5,145.375,1,0,0,0
9/17/2018,0.683333333,0.495833333,0.591666667,0.4625,83.625,150.4583333,155.8333333,197.8333333,1,0,0,0
9/18/2018,0.75,0.529166667,0.858333333,0.5375,96.45833333,178.8333333,164.0833333,168.75,1,0,0,0
9/19/2018,0.670833333,0.525,0.704166667,0.425,50.66666667,178.5416667,186.2916667,221.9166667,1,0,0,0
9/20/2018,0.508333333,0.3875,0.458333333,0.395833333,152.4166667,182.4583333,180.1666667,192.0833333,1,0,0,0
9/21/2018,0.745833333,0.341666667,0.65,0.420833333,96.29166667,203.5416667,161.375,188.125,1,0,0,0
9/22/2018,0.470833333,0.5875,0.929166667,0.8375,205.75,228.5,213.375,260.9166667,1,0,0,0
9/23/2018,0.4875,0.354166667,0.533333333,0.416666667,155.0416667,167.5,164.375,228.125,1,0,0,0
9/24/2018,0.570833333,0.895833333,1.754166667,1.383333333,194,216.625,276.7916667,314.9583333,1,0,0,0
9/25/2018,0.466666667,0.583333333,1.083333333,0.795833333,175.5,163.875,221.2083333,246.125,1,0,0,0
9/26/2018,0.779166667,0.433333333,0.679166667,0.533333333,123.2916667,197.125,206.5,169.4166667,1,0,0,0
9/27/2018,0.720833333,0.395833333,0.4875,0.395833333,129.5833333,190.3333333,165.625,178.25,1,0,0,0
9/28/2018,0.766666667,0.370833333,0.520833333,0.4125,95.79166667,206.6666667,171.875,197.9166667,1,0,0,0
9/29/2018,0.6625,0.7,0.870833333,0.579166667,166.5833333,97.75,121.0416667,181.375,1,0,0,0
9/30/2018,0.65,0.354166667,0.525,0.4375,128.5,205.5833333,186.0833333,167.7083333,1,0,0,0
10/1/2018,0.420833333,0.370833333,0.379166667,0.329166667,129.5416667,211.75,176.375,214.1666667,1,0,0,0
10/2/2018,0.404166667,0.483333333,0.5375,0.6,197.375,171.125,265.8333333,242.0833333,1,0,0,0
10/3/2018,0.4,0.3,0.383333333,0.2625,130.3333333,128,154.4583333,162.375,1,0,0,0
10/4/2018,0.5875,0.4,0.645833333,0.483333333,139.4166667,195.75,183.1666667,142.6666667,1,0,0,0
10/5/2018,0.675,0.354166667,0.6,0.516666667,91.45833333,219.7083333,181.7916667,177.2083333,1,0,0,0
10/6/2018,0.508333333,0.395833333,0.408333333,0.304166667,148.8333333,179.2916667,135.6666667,230.875,1,0,0,0
10/7/2018,0.475,0.379166667,0.566666667,0.325,138.3333333,154.7083333,164.0833333,178.8333333,1,0,0,0
10/8/2018,0.454166667,0.3875,0.441666667,0.291666667,156.5833333,193.9166667,177.9166667,206.75,1,0,0,0
10/9/2018,0.470833333,0.25,0.408333333,0.345833333,181.5833333,185.0416667,166.2916667,200.6666667,1,0,0,0
10/10/2018,0.766666667,0.4,0.666666667,0.491666667,99.66666667,193.1666667,181.375,171.25,1,0,0,0
10/11/2018,0.808333333,0.404166667,0.475,0.508333333,104.4166667,214.625,178.2083333,184.6666667,1,0,0,0
10/12/2018,0.808333333,0.366666667,0.508333333,0.4,103.125,200.875,172.9166667,198.125,1,0,0,0
10/13/2018,0.854166667,0.4,0.520833333,0.458333333,91.20833333,223.3333333,189.5416667,184,1,0,0,0
10/14/2018,0.8,0.4,0.55,0.395833333,74.58333333,179.5,180.2916667,198.7083333,1,0,0,0
10/15/2018,0.625,0.379166667,0.354166667,0.416666667,91,228.25,214.625,169.5,1,0,0,0
10/16/2018,0.641666667,0.3625,0.429166667,0.3625,127.1666667,185.75,202.3333333,203.7916667,1,0,0,0
10/17/2018,0.4125,0.2875,0.245833333,0.2,110.4583333,237.1666667,156.3333333,216.875,1,0,0,0
10/18/2018,0.4625,0.3,0.3375,0.325,118.1666667,197.3333333,197,218.9583333,1,0,0,0
10/19/2018,0.604166667,0.3125,0.445833333,0.375,116.5416667,163.0833333,159.9166667,198.875,1,0,0,0
10/20/2018,0.629166667,0.3625,0.479166667,0.429166667,132.875,212.9583333,187.7916667,190.0416667,1,0,0,0
10/21/2018,0.483333333,0.495833333,0.966666667,0.795833333,207.875,113.5833333,182.9583333,229.2083333,1,0,0,0
10/22/2018,0.5,0.375,0.345833333,0.408333333,153.3333333,211.75,179.5,191,1,0,0,0
10/23/2018,0.479166667,0.35,0.408333333,0.470833333,156.5416667,161.3333333,167.0416667,222.2083333,1,0,0,0
10/24/2018,0.629166667,0.983333333,1.8125,1.045833333,241.5833333,232.9166667,205.7083333,253.4166667,1,0,0,0
10/25/2018,0.616666667,0.504166667,0.554166667,0.4625,152.1666667,167.5416667,158,175.1666667,1,0,0,0
10/26/2018,0.55,0.354166667,0.454166667,0.425,174.25,212.0416667,197.75,162.7916667,1,0,0,0
10/27/2018,0.595833333,0.6375,0.55,0.420833333,126.75,175.9166667,173.5,164.7916667,1,0,0,0
10/28/2018,0.308333333,0.383333333,0.2625,0.2375,150.4583333,158.625,130.7083333,184.6666667,1,0,0,0
10/29/2018,0.391666667,0.8125,0.641666667,0.279166667,153.1666667,166.9166667,141.5833333,206.7083333,1,0,0,0
10/30/2018,1.579166667,1.25,2.183333333,1.075,187.7083333,171.0833333,165.0833333,183.2916667,1,0,0,0
10/31/2018,0.633333333,0.45,0.675,0.5125,211.625,252.4166667,229.5416667,159.75,1,0,0,0
11/1/2018,0.4375,0.370833333,0.291666667,0.316666667,190.5416667,203.0833333,206.6666667,208.8333333,1,0,0,0
11/2/2018,0.320833333,0.279166667,0.245833333,0.2125,171.625,216.5416667,184.2083333,208.5833333,1,0,0,0
11/3/2018,0.229166667,0.3,0.320833333,0.2375,165.8333333,182.3333333,161.875,201.6666667,1,0,0,0
11/4/2018,0.425,0.258333333,0.408333333,0.345833333,177.5833333,195.5,147.625,189,1,0,0,0
11/5/2018,0.554166667,0.541666667,0.816666667,0.433333333,129.4583333,125.5416667,117.6666667,161.375,1,0,0,0
11/6/2018,0.416666667,0.4875,0.454166667,0.316666667,142.1666667,151.6666667,134.7083333,186.5833333,1,0,0,0
11/7/2018,0.433333333,0.383333333,0.408333333,0.283333333,146.625,202.625,147.1666667,179.5833333,1,0,0,0
11/8/2018,0.554166667,0.570833333,0.591666667,0.4375,150.5416667,140.875,169.9583333,204.375,1,0,0,0
11/9/2018,0.354166667,0.333333333,0.5,0.308333333,174,207.2083333,144.125,172.0833333,1,0,0,0
11/10/2018,0.6,0.35,0.541666667,0.425,203.5833333,196.5416667,180.5416667,184.7916667,1,0,0,0
11/11/2018,0.620833333,0.3625,0.454166667,0.4125,215.375,228.7916667,191.0833333,188.375,1,0,0,0
11/12/2018,0.5875,0.454166667,0.325,0.2625,193.2916667,216.4166667,199.5416667,212.9583333,1,0,0,0
11/13/2018,0.445833333,0.295833333,0.3,0.275,205.8333333,213.625,169.4583333,218.1666667,1,0,0,0
11/14/2018,0.266666667,0.4125,0.3,0.3375,203.125,229.9166667,236.6666667,221.375,1,0,0,0
11/15/2018,0.258333333,0.4125,0.333333333,0.333333333,209.375,150.2083333,156.2916667,162.3333333,1,0,0,0
11/16/2018,0.5125,0.595833333,0.495833333,0.433333333,202.75,157.5416667,155.4583333,158.7916667,1,0,0,0
11/17/2018,0.654166667,0.808333333,0.7375,0.466666667,207.875,144.9166667,198.25,107.25,1,0,0,0
11/18/2018,0.566666667,0.504166667,0.3875,0.3625,208.875,247.75,233.625,178.4166667,1,0,0,0
11/19/2018,0.466666667,0.716666667,0.395833333,0.429166667,131.5416667,145.5416667,122.9166667,185.5416667,1,0,0,0
11/20/2018,0.416666667,0.725,0.570833333,0.441666667,157.375,153.75,141.4166667,244.9166667,1,0,0,0
11/21/2018,0.295833333,0.4875,0.35,0.333333333,188.9166667,216.0833333,170.5,192.4583333,1,0,0,0
11/22/2018,0.183333333,0.354166667,0.220833333,0.2375,157.4166667,177.3333333,148.125,197,1,0,0,0
11/23/2018,0.404166667,0.370833333,0.433333333,0.345833333,171.6666667,185.2916667,146.5833333,194.4166667,1,0,0,0
11/24/2018,0.3125,0.379166667,0.3375,0.2875,150.3333333,151.4583333,143.625,190.5,1,0,0,0
11/25/2018,0.2625,0.354166667,0.233333333,0.208333333,158.375,210.7916667,163.625,158.2916667,1,0,0,0
11/26/2018,0.295833333,0.604166667,1.141666667,1.025,244.9166667,262.125,251.2083333,266,1,0,0,0
11/27/2018,0.783333333,0.566666667,1.083333333,0.808333333,246.0416667,145.375,184.375,249.375,1,0,0,0
11/28/2018,1.0125,0.508333333,0.808333333,1.004166667,242.625,169.625,178.9583333,237.8333333,1,0,0,0
11/29/2018,0.829166667,0.470833333,0.595833333,0.645833333,173.8333333,189.5416667,146.5416667,176.4583333,1,0,0,0
11/30/2018,0.829166667,0.445833333,0.516666667,0.645833333,156.9166667,185.9583333,148.875,179.4166667,1,0,0,0
12/1/2018,0.433333333,0.341666667,0.333333333,0.375,206.4166667,184.1666667,158.0833333,192.2083333,0,0,0,1
12/2/2018,0.35,0.370833333,0.195833333,0.354166667,189.4166667,214.2083333,167.3333333,207,0,0,0,1
12/3/2018,0.466666667,0.254166667,0.225,0.25,153.5416667,199.625,161.4166667,201.9166667,0,0,0,1
12/4/2018,0.325,0.375,0.45,0.4375,201.9166667,182.125,206.25,174.7083333,0,0,0,1
12/5/2018,0.379166667,0.4375,0.2125,0.341666667,222.7083333,190.0833333,188.2083333,197.2916667,0,0,0,1
12/6/2018,0.304166667,0.4875,0.320833333,0.325,184.1666667,156.9166667,136.5,184.3333333,0,0,0,1
12/7/2018,0.275,0.279166667,0.166666667,0.25,213.75,195.0416667,170,203.3333333,0,0,0,1
12/8/2018,0.320833333,0.258333333,0.279166667,0.295833333,212.1666667,189.7916667,194.4166667,215.3333333,0,0,0,1
12/9/2018,0.495833333,0.233333333,0.2375,0.3125,186.6666667,194.5416667,206.0416667,225.4583333,0,0,0,1
12/10/2018,0.4875,0.379166667,0.508333333,0.6,236.875,158.625,250.5,185.0833333,0,0,0,1
12/11/2018,0.433333333,0.425,0.5625,0.516666667,215.4583333,194.9583333,230.375,207.0416667,0,0,0,1
12/12/2018,0.508333333,0.641666667,0.575,0.716666667,267.7083333,202.75,198.0833333,250.7916667,0,0,0,1
12/13/2018,0.775,0.4,0.466666667,0.666666667,184.625,197.9583333,172.75,190.8333333,0,0,0,1
12/14/2018,0.441666667,0.658333333,0.608333333,0.45,131.3333333,84.04166667,81.54166667,187.75,0,0,0,1
12/15/2018,0.408333333,0.491666667,0.833333333,0.854166667,258.625,231.5,212.2083333,252.625,0,0,0,1
12/16/2018,0.545833333,0.383333333,0.2375,0.420833333,255.5416667,191,168.125,190.2916667,0,0,0,1
12/17/2018,0.4625,0.279166667,0.2,0.245833333,264.7083333,174.5833333,161.8333333,227.9583333,0,0,0,1
12/18/2018,0.416666667,0.270833333,0.154166667,0.275,210.9583333,223.9166667,183.3333333,201.1666667,0,0,0,1
12/19/2018,0.529166667,0.366666667,0.275,0.408333333,168.375,179.3333333,153.3333333,202.5,0,0,0,1
12/20/2018,0.429166667,0.329166667,0.2875,0.3625,173.1666667,215.2083333,140.125,173.8333333,0,0,0,1
12/21/2018,0.4625,0.366666667,0.1875,0.341666667,171.4583333,177.75,174,192.4166667,0,0,0,1
12/22/2018,0.65,0.3,0.370833333,0.379166667,195.9583333,181.9166667,194.7916667,227.625,0,0,0,1
12/23/2018,0.291666667,0.229166667,0.170833333,0.2125,194.9583333,183.6666667,162.0833333,199.9583333,0,0,0,1
12/24/2018,0.670833333,0.933333333,1.633333333,0.975,280.1666667,202.3333333,262.7916667,244.9166667,0,0,0,1
12/25/2018,0.366666667,0.458333333,0.766666667,0.7125,238.875,193.1666667,212.875,271.875,0,0,0,1
12/26/2018,0.341666667,0.220833333,0.183333333,0.295833333,220.2083333,190.7083333,208.125,208.4583333,0,0,0,1
12/27/2018,0.475,0.275,0.225,0.2625,211,187.5833333,197.1666667,211.375,0,0,0,1
12/28/2018,0.470833333,0.204166667,0.191666667,0.204166667,238.6666667,182.3333333,186.625,205.125,0,0,0,1
12/29/2018,0.4375,0.25,0.283333333,0.466666667,282.75,179.0833333,239.75,183.5833333,0,0,0,1
12/30/2018,0.529166667,0.3625,0.6625,0.516666667,254.5,213,226.5833333,186.7916667,0,0,0,1
12/31/2018,0.404166667,0.491666667,0.491666667,0.4875,233.2916667,177.875,239.0833333,191.3333333,0,0,0,1
1/1/2019,0.304166667,0.270833333,0.204166667,0.295833333,241.0833333,187.7083333,167.4166667,197.9583333,0,0,0,1
1/2/2019,0.629166667,0.958333333,1.3875,1.129166667,256.375,270.4166667,275.5833333,300.875,0,0,0,1
1/3/2019,0.6625,1.033333333,1.633333333,1.175,278.3333333,270.0833333,281.5,276.625,0,0,0,1
1/4/2019,0.308333333,0.558333333,0.941666667,0.75,257.375,199.0833333,234.0416667,242.6666667,0,0,0,1
1/5/2019,0.329166667,0.3125,0.4125,0.45,251.0833333,197.6666667,195.75,232.125,0,0,0,1
1/6/2019,0.541666667,0.5875,1.15,0.566666667,219.125,218.2083333,232.8333333,214.9583333,0,0,0,1
1/7/2019,0.758333333,0.35,0.520833333,0.554166667,175.4583333,201.8333333,160.125,185.3333333,0,0,0,1
1/8/2019,0.370833333,0.3875,0.279166667,0.370833333,198.9583333,225.5416667,188.9583333,207.625,0,0,0,1
1/9/2019,0.383333333,0.354166667,0.329166667,0.4375,230.125,228.7083333,235.8333333,213,0,0,0,1
1/10/2019,0.6875,0.4875,0.491666667,0.870833333,308.2083333,160,235.6666667,226.625,0,0,0,1
1/11/2019,0.479166667,0.545833333,0.770833333,0.6,254.375,147.8333333,251.3333333,259.3333333,0,0,0,1
1/12/2019,0.383333333,0.283333333,0.229166667,0.291666667,236.5416667,176.5416667,195.7083333,234.5833333,0,0,0,1
1/13/2019,0.566666667,0.229166667,0.3375,0.354166667,196.5833333,175.9166667,167.7916667,212.8333333,0,0,0,1
1/14/2019,0.654166667,0.9125,1.808333333,1.091666667,277.6666667,252.7083333,269.3333333,270.0416667,0,0,0,1
1/15/2019,0.470833333,0.558333333,0.616666667,0.625,255.4166667,181.125,221.75,250.8333333,0,0,0,1
1/16/2019,0.470833333,0.279166667,0.1875,0.2875,189.25,189.9583333,194.5416667,197.9166667,0,0,0,1
1/17/2019,0.6125,0.3375,0.429166667,0.366666667,236.2916667,159.5,178.6666667,161.0833333,0,0,0,1
1/18/2019,0.454166667,0.408333333,0.775,0.845833333,215.875,185.6666667,221.0416667,235.6666667,0,0,0,1
1/19/2019,0.654166667,0.35,0.233333333,0.433333333,249.0833333,208.7083333,205.5833333,190.7083333,0,0,0,1
1/20/2019,0.375,0.3375,0.325,0.370833333,255.2916667,211.0833333,176.125,197.75,0,0,0,1
1/21/2019,0.479166667,0.404166667,0.291666667,0.454166667,165.5,153.3333333,142.5,196.375,0,0,0,1
1/22/2019,0.516666667,0.516666667,0.454166667,0.625,209.4583333,195.7916667,207.125,200.9583333,0,0,0,1
1/23/2019,0.558333333,0.408333333,0.325,0.445833333,161.625,188.5416667,139.4583333,190.125,0,0,0,1
1/24/2019,0.429166667,0.629166667,0.633333333,0.5375,222.375,197.9583333,201.4583333,219.9583333,0,0,0,1
1/25/2019,1.120833333,0.641666667,0.983333333,0.995833333,236.125,209.5416667,198.75,234.6666667,0,0,0,1
1/26/2019,0.5375,0.3125,0.5375,0.525,213.2916667,180.25,183.25,213.0833333,0,0,0,1
1/27/2019,0.425,0.291666667,0.191666667,0.2875,209.5833333,203,188.25,181.4583333,0,0,0,1
1/28/2019,0.566666667,0.325,0.375,0.416666667,211.4583333,217.5416667,168.1666667,194.3333333,0,0,0,1
1/29/2019,0.545833333,0.491666667,0.483333333,0.533333333,224.1666667,190.8333333,202.2916667,228.7916667,0,0,0,1
1/30/2019,0.641666667,0.5375,0.520833333,0.516666667,143.7916667,145.875,133.2083333,165.4166667,0,0,0,1
1/31/2019,0.545833333,0.35,0.354166667,0.445833333,175.25,185.5,150.75,186.0833333,0,0,0,1
2/1/2019,0.516666667,0.35,0.2375,0.395833333,216.5416667,195.75,186.0833333,164.7916667,0,0,0,1
2/2/2019,0.575,0.345833333,0.4125,0.4625,253.3333333,222.0833333,257.75,143.75,0,0,0,1
2/3/2019,0.416666667,0.8,1.0875,0.841666667,224.125,198.625,234.375,250.5,0,0,0,1
2/4/2019,0.733333333,0.979166667,1.0875,0.954166667,240.9166667,232.1666667,237.8333333,248.9166667,0,0,0,1
2/5/2019,0.516666667,0.3875,0.325,0.4125,200.5,207.75,156.875,197.0416667,0,0,0,1
2/6/2019,0.708333333,0.35,0.366666667,0.525,249.0416667,262.125,206.7916667,163.875,0,0,0,1
2/7/2019,0.629166667,0.441666667,0.391666667,0.495833333,231.5416667,236.1666667,216.5833333,160.7083333,0,0,0,1
2/8/2019,0.708333333,0.345833333,0.458333333,0.5,221.375,217.6666667,186,169.25,0,0,0,1
2/9/2019,0.741666667,0.325,0.408333333,0.408333333,219.9166667,215.4583333,170.2916667,196.1666667,0,0,0,1
2/10/2019,0.516666667,0.366666667,0.5875,0.2375,186.25,214.3333333,170.8333333,224.75,0,0,0,1
2/11/2019,0.466666667,0.795833333,1.2875,0.858333333,231.9166667,209.7083333,246.5833333,257.125,0,0,0,1
2/12/2019,0.575,1.0625,2.291666667,0.883333333,252.3333333,303.375,299.1666667,235.0416667,0,0,0,1
2/13/2019,0.429166667,0.425,0.4875,0.495833333,281.1666667,198.1666667,181.5,195.0416667,0,0,0,1
2/14/2019,0.883333333,0.429166667,0.466666667,0.4,249.5416667,221.9166667,176.1666667,211.4166667,0,0,0,1
2/15/2019,0.8125,0.395833333,0.433333333,0.483333333,238.75,212.4583333,207.9166667,202.625,0,0,0,1
2/16/2019,0.904166667,0.4125,0.445833333,0.45,250.5833333,229.9166667,192,189,0,0,0,1
2/17/2019,0.85,0.429166667,0.470833333,0.333333333,218.5416667,202.875,195.3333333,190.25,0,0,0,1
2/18/2019,0.9625,0.554166667,0.516666667,0.441666667,233.3333333,247.2083333,202.25,184.0833333,0,0,0,1
2/19/2019,0.941666667,0.470833333,0.429166667,0.429166667,204.1666667,234.5833333,187.4583333,187.3333333,0,0,0,1
2/20/2019,0.675,0.345833333,0.391666667,0.3625,201.75,215.875,192.4583333,183.1666667,0,0,0,1
2/21/2019,0.704166667,0.429166667,0.483333333,0.545833333,212.125,249.875,208,177.125,0,0,0,1
2/22/2019,0.766666667,1.016666667,1.741666667,1.141666667,244.125,192.5,265.9583333,188.2083333,0,0,0,1
2/23/2019,0.829166667,1.175,1.366666667,0.691666667,154.5833333,133.25,112.9166667,174.625,0,0,0,1
2/24/2019,0.383333333,0.408333333,0.3,0.3625,213.9166667,215.9583333,161.125,171.5,0,0,0,1
2/25/2019,0.566666667,0.370833333,0.479166667,0.395833333,171.4166667,188.875,163.75,207.75,0,0,0,1
2/26/2019,0.4625,0.945833333,1.925,1.1375,247.2916667,247.75,265.5,269.75,0,0,0,1
2/27/2019,0.820833333,0.591666667,0.670833333,0.595833333,218.5833333,200.1666667,201,203.0416667,0,0,0,1
2/28/2019,0.925,0.575,0.954166667,0.679166667,218.9166667,230,192.625,229.9583333,0,0,0,1
3/1/2019,0.375,0.470833333,0.8375,0.729166667,285.125,209.4583333,226.375,219.3333333,0,1,0,0
3/2/2019,0.616666667,0.491666667,0.516666667,0.470833333,207.5416667,164.0416667,168.4583333,171.625,0,1,0,0
3/3/2019,0.566666667,0.3375,0.475,0.420833333,220.3333333,206,175.6666667,178.8333333,0,1,0,0
3/4/2019,1.358333333,1.029166667,1.275,1.004166667,228.625,211.0833333,202.375,219.4583333,0,1,0,0
3/5/2019,0.9,0.6375,0.925,0.791666667,225.6666667,186.9583333,197.7916667,210.9166667,0,1,0,0
3/6/2019,0.745833333,0.45,0.795833333,0.608333333,153,197.8333333,145.2083333,176,0,1,0,0
3/7/2019,2.6875,1.575,1.795833333,1.991666667,199.4583333,234.75,200.2916667,201.25,0,1,0,0
3/8/2019,0.570833333,0.683333333,1.2375,0.841666667,250.5,208.6666667,255.2916667,211.4166667,0,1,0,0
3/9/2019,0.725,0.6625,0.691666667,0.5875,232.25,215.6666667,197.4166667,198.625,0,1,0,0
3/10/2019,1.675,0.875,1.241666667,1.25,224.4166667,216.25,219.5,198.9166667,0,1,0,0
3/11/2019,0.875,1.158333333,2.241666667,1.408333333,308.875,280.5,296.7916667,299.8333333,0,1,0,0
3/12/2019,0.554166667,0.720833333,1.058333333,0.754166667,283.0416667,209.8333333,223.5833333,225.3333333,0,1,0,0
3/13/2019,0.570833333,0.616666667,0.6875,0.6,263.8333333,250.5,226.75,158,0,1,0,0
3/14/2019,0.691666667,0.541666667,0.583333333,0.516666667,176.1666667,174.5833333,170.4166667,204.0416667,0,1,0,0
3/15/2019,0.595833333,0.420833333,0.75,0.6,241.7916667,168.2083333,182.625,169.8333333,0,1,0,0
3/16/2019,0.4875,0.408333333,0.6375,0.341666667,203.5833333,171.75,183.5,176.9166667,0,1,0,0
3/17/2019,1.6625,0.866666667,1.108333333,1.0125,241.0416667,216,179.0416667,203.9166667,0,1,0,0
3/18/2019,0.895833333,0.954166667,1.658333333,1.266666667,255.625,251.75,224.7916667,254.1666667,0,1,0,0
3/19/2019,0.629166667,0.45,0.529166667,0.508333333,214.8333333,199.9166667,180.1666667,168.875,0,1,0,0
3/20/2019,0.670833333,0.854166667,1.0625,0.675,184.4583333,176.4583333,185,90.29166667,0,1,0,0
3/21/2019,0.929166667,0.533333333,0.395833333,0.491666667,262.875,253.4166667,189.25,184.125,0,1,0,0
3/22/2019,0.970833333,0.525,0.479166667,0.4875,245.3333333,247.6666667,175.625,199.7083333,0,1,0,0
3/23/2019,0.975,0.4375,0.491666667,0.520833333,258.875,253.9166667,183.125,161,0,1,0,0
3/24/2019,0.8625,0.479166667,0.604166667,0.520833333,254.1666667,232.625,198.4583333,174.25,0,1,0,0
3/25/2019,0.866666667,0.695833333,1.3875,0.975,231.2916667,228.2083333,237.0416667,231.875,0,1,0,0
3/26/2019,0.875,1.108333333,2.2,1.716666667,313.1666667,253.7083333,304.25,327.125,0,1,0,0
3/27/2019,0.529166667,0.391666667,0.495833333,0.529166667,229.5,162.3333333,178.75,216.0416667,0,1,0,0
3/28/2019,0.620833333,0.4625,0.391666667,0.454166667,228.75,221.3333333,175.125,174.1666667,0,1,0,0
3/29/2019,0.5375,0.666666667,0.6125,0.541666667,216.1666667,180.4166667,203.9166667,166.0416667,0,1,0,0
3/30/2019,0.845833333,0.6125,0.6875,0.591666667,221.875,265.4166667,194.4166667,147.25,0,1,0,0
3/31/2019,0.825,0.5625,0.629166667,0.458333333,240.5833333,210.625,171.2083333,209.1666667,0,1,0,0
4/1/2019,0.7375,0.883333333,0.908333333,0.6,172.7083333,150,146.125,161.5833333,0,1,0,0
4/2/2019,0.733333333,0.483333333,0.845833333,0.558333333,190.125,206.0833333,160.9583333,189.375,0,1,0,0
4/3/2019,1.295833333,0.775,0.983333333,1.025,166,251.6666667,199.75,128.75,0,1,0,0
4/4/2019,1.133333333,0.558333333,1.041666667,0.908333333,234.625,212.25,188.5416667,173.9166667,0,1,0,0
4/5/2019,0.445833333,1.141666667,1.033333333,0.608333333,207.0833333,110.75,99.66666667,114.7083333,0,1,0,0
4/6/2019,0.483333333,0.470833333,0.458333333,0.433333333,163.9583333,193.75,178.75,224.1666667,0,1,0,0
4/7/2019,0.629166667,0.429166667,0.625,0.491666667,177,177.6666667,137.1666667,173.875,0,1,0,0
4/8/2019,0.4875,0.725,1.120833333,0.9,262.5416667,213.5,213.3333333,266.2083333,0,1,0,0
4/9/2019,0.654166667,0.7625,1.645833333,1.516666667,289.3333333,277.125,265.5416667,262.2083333,0,1,0,0
4/10/2019,0.341666667,0.433333333,0.570833333,0.3,269.1666667,192.7916667,238.7916667,202.5416667,0,1,0,0
4/11/2019,0.395833333,0.725,1.758333333,1.75,296.7083333,247.25,289.8333333,329.4166667,0,1,0,0
4/12/2019,0.741666667,0.7125,1.629166667,1.633333333,319.6666667,207.375,236.625,277.375,0,1,0,0
4/13/2019,0.7625,0.491666667,1.054166667,0.629166667,171.9166667,210.4583333,160.5,180.5416667,0,1,0,0
4/14/2019,0.220833333,0.416666667,0.3125,0.245833333,188.2083333,237,219.9166667,225.375,0,1,0,0
4/15/2019,0.516666667,0.625,0.683333333,0.4875,232.8333333,182.125,184.5833333,204.7916667,0,1,0,0
4/16/2019,0.883333333,0.454166667,0.691666667,0.5875,207,234.5,211.7916667,203.625,0,1,0,0
4/17/2019,0.945833333,0.8625,1.2,0.658333333,131.875,200.625,172.0833333,159.2083333,0,1,0,0
4/18/2019,0.808333333,0.8625,0.816666667,0.5125,183.75,161.4166667,190.7083333,187.9166667,0,1,0,0
4/19/2019,0.825,0.529166667,0.554166667,0.479166667,208.75,232.8333333,199.4583333,194.875,0,1,0,0
4/20/2019,0.8875,0.625,0.766666667,0.566666667,145.9166667,244.6666667,221.0416667,164.9583333,0,1,0,0
4/21/2019,0.841666667,0.508333333,0.716666667,0.545833333,171.875,189.625,184.875,177.625,0,1,0,0
4/22/2019,1.125,1.175,1.170833333,0.554166667,108.4583333,186.9166667,148.7916667,155.625,0,1,0,0
4/23/2019,0.441666667,1.008333333,0.825,0.404166667,114.1666667,102.1666667,117.3333333,152.7916667,0,1,0,0
4/24/2019,0.95,0.975,0.9625,0.795833333,159.625,183.0833333,154,176.75,0,1,0,0
4/25/2019,1.695833333,1.016666667,1.191666667,1.0875,213.5833333,210.3333333,193.1666667,181.5,0,1,0,0
4/26/2019,0.825,0.583333333,0.841666667,0.579166667,184.375,168.5833333,170.7916667,214.375,0,1,0,0
4/27/2019,0.583333333,0.895833333,1.45,1.175,245.875,228.625,244.6666667,300.375,0,1,0,0
4/28/2019,0.654166667,0.8375,1.5625,1.379166667,229.6666667,228.7916667,284.9166667,295.4166667,0,1,0,0
4/29/2019,0.379166667,0.758333333,1.616666667,1.4875,261.8333333,247.375,296.3333333,321.25,0,1,0,0
4/30/2019,0.520833333,0.733333333,1.4,1.308333333,243.5416667,252.2916667,244.375,290.7916667,0,1,0,0
5/1/2019,0.6125,0.8125,1.3875,1.133333333,248.2083333,264.4166667,285.9583333,261.9166667,0,1,0,0
5/2/2019,0.908333333,0.504166667,0.816666667,0.65,148.2083333,163.2916667,138.4583333,196.875,0,1,0,0
5/3/2019,0.745833333,1.008333333,1.5,1.179166667,204.2916667,198.2083333,229.6666667,240.1666667,0,1,0,0
5/4/2019,0.316666667,0.5125,0.579166667,0.4875,154.5833333,216.625,223,258.0833333,0,1,0,0
5/5/2019,0.425,1.183333333,2.666666667,2.095833333,257.0833333,301.875,306.625,322.2083333,0,1,0,0
5/6/2019,0.583333333,1.066666667,2.55,1.783333333,296.875,290.7083333,308.9583333,331.25,0,1,0,0
5/7/2019,0.558333333,0.679166667,0.975,0.679166667,203.4166667,192.4583333,159.375,259.4166667,0,1,0,0
5/8/2019,1.116666667,0.704166667,1.141666667,0.825,121.8333333,222.875,171.75,151.6666667,0,1,0,0
5/9/2019,0.5625,0.45,0.5125,0.458333333,153,163.375,203.9166667,229.2916667,0,1,0,0
5/10/2019,0.845833333,0.5,0.754166667,0.575,127.8333333,205.875,186.8333333,224.5,0,1,0,0
5/11/2019,0.845833333,0.616666667,1.395833333,0.879166667,141.0833333,214.125,177.6666667,196.5416667,0,1,0,0
5/12/2019,0.554166667,1.070833333,3.245833333,2.4875,273.625,272.25,309.3333333,320.5416667,0,1,0,0
5/13/2019,1.008333333,1.2375,4.070833333,2.4125,298.1666667,312.3333333,316.9166667,332.75,0,1,0,0
5/14/2019,0.879166667,0.741666667,2.270833333,1.708333333,266.1666667,119.5833333,282.4583333,312.2083333,0,1,0,0
5/15/2019,0.529166667,0.658333333,1.416666667,1.2875,250.7916667,185.0416667,218.25,294.5,0,1,0,0
5/16/2019,0.733333333,0.891666667,1.3875,0.741666667,139.5416667,171.625,147.25,197.375,0,1,0,0
5/17/2019,0.8375,0.716666667,1.2125,0.654166667,111.6666667,112.2083333,112.2083333,159.5416667,0,1,0,0
5/18/2019,0.545833333,0.458333333,0.6375,0.408333333,172.2916667,161.125,137.8333333,199.25,0,1,0,0
5/19/2019,0.5875,0.4875,0.554166667,0.433333333,150.4166667,156.9166667,156.4166667,240.125,0,1,0,0
5/20/2019,0.4,0.45,0.6,0.508333333,204.125,139.875,158.2083333,163.25,0,1,0,0
5/21/2019,0.641666667,0.4375,0.75,0.533333333,155.8333333,219.0416667,186.5416667,157.1666667,0,1,0,0
5/22/2019,0.508333333,0.591666667,1.0125,0.8875,179.7083333,215.0416667,248,208.125,0,1,0,0
5/23/2019,0.441666667,0.5625,0.858333333,0.708333333,182.1666667,156.2916667,188.7083333,260.875,0,1,0,0
5/24/2019,0.683333333,0.55,0.804166667,0.45,146.875,133.9583333,124.8333333,175.4583333,0,1,0,0
5/25/2019,0.854166667,0.545833333,0.9125,0.670833333,118.8333333,198.0416667,207.8333333,183.4583333,0,1,0,0
5/26/2019,0.8125,0.5375,0.65,0.545833333,140.7083333,164.0416667,151.5833333,212.6666667,0,1,0,0
5/27/2019,0.608333333,0.575,0.733333333,0.395833333,70.75,162.7083333,157.5833333,158.7083333,0,1,0,0
5/28/2019,0.333333333,0.4625,0.441666667,0.416666667,144.4166667,222.7083333,200.875,247.75,0,1,0,0
5/29/2019,0.35,0.720833333,1.604166667,1.529166667,231.5,287.0416667,289,318.5833333,0,1,0,0
5/30/2019,0.316666667,0.625,1.1625,0.9125,194,211.375,253.625,270.25,0,1,0,0
5/31/2019,0.391666667,0.5625,0.7375,0.5625,156.625,163,193.75,261.4166667,0,1,0,0
6/1/2019,0.733333333,0.604166667,1.0375,1.254166667,123.9166667,119.5,196.4583333,254.6666667,0,0,1,0
6/2/2019,0.541666667,0.508333333,0.595833333,0.695833333,159.375,176.0416667,193.5416667,205.5,0,0,1,0
6/3/2019,0.633333333,0.55,0.729166667,0.3875,117.5833333,168.4166667,202.8333333,215.0833333,0,0,1,0
6/4/2019,0.691666667,0.641666667,0.845833333,0.483333333,122.75,184.125,171.5,213.5,0,0,1,0
6/5/2019,0.854166667,0.608333333,0.8375,0.475,114.4583333,158.5833333,146.9583333,225,0,0,1,0
6/6/2019,0.683333333,0.7125,0.8875,0.575,126.4583333,157.5,149.7083333,168.9166667,0,0,1,0
6/7/2019,0.920833333,0.416666667,1.0875,0.645833333,159.2083333,137.5,164.7916667,190.7083333,0,0,1,0
6/8/2019,0.983333333,1.075,1.495833333,1,142.125,149.2083333,195.0833333,195.375,0,0,1,0
6/9/2019,0.679166667,0.4375,0.808333333,0.683333333,153.375,170.5833333,165.375,183.7916667,0,0,1,0
6/10/2019,0.925,0.7625,1.233333333,0.745833333,81.58333333,161.875,155.75,184.1666667,0,0,1,0
6/11/2019,0.775,0.675,1.233333333,0.779166667,127.0833333,184.6666667,188.25,169.2083333,0,0,1,0
6/12/2019,1.095833333,0.916666667,1.570833333,0.766666667,94.66666667,152.5416667,154.3333333,161.1666667,0,0,1,0
6/13/2019,1.066666667,0.5375,1.041666667,0.9125,152.875,196.625,177.125,199.0833333,0,0,1,0
6/14/2019,0.866666667,0.516666667,1.129166667,0.870833333,132.9583333,149.9166667,169.5833333,164.1666667,0,0,1,0
6/15/2019,0.779166667,0.441666667,0.825,0.583333333,99.79166667,186.9583333,167.5,184.5416667,0,0,1,0
6/16/2019,0.604166667,0.641666667,1.320833333,1.120833333,129.375,223.7916667,255.2916667,230.625,0,0,1,0
6/17/2019,0.445833333,0.558333333,1.179166667,1.0375,179.0416667,218.9583333,217.5,235.3333333,0,0,1,0
6/18/2019,0.704166667,0.5,1.0625,0.658333333,170.4166667,215,221.2916667,202.25,0,0,1,0
6/19/2019,0.604166667,0.65,1.191666667,0.625,150.25,242.2083333,239.25,204.375,0,0,1,0
6/20/2019,0.5875,0.65,0.858333333,0.6125,178.375,172.25,210.25,245.25,0,0,1,0
6/21/2019,0.666666667,0.529166667,0.954166667,0.6625,141.1666667,187,160.8333333,181.7916667,0,0,1,0
6/22/2019,0.391666667,0.516666667,0.483333333,0.383333333,135.9166667,205.4166667,228.0833333,227.875,0,0,1,0
6/23/2019,0.45,0.383333333,0.504166667,0.429166667,123.4583333,212.6666667,226.25,186.0833333,0,0,1,0
6/24/2019,0.5375,0.458333333,0.745833333,0.6875,126.25,116.125,170.125,162.0416667,0,0,1,0
6/25/2019,0.766666667,0.454166667,0.804166667,0.55,133.5416667,153.4166667,159.375,180.0833333,0,0,1,0
6/26/2019,0.808333333,0.408333333,0.9125,0.616666667,105.4166667,178.125,179.0416667,189.75,0,0,1,0
6/27/2019,0.704166667,0.633333333,0.833333333,0.558333333,167.5416667,176.0416667,171.125,220.5,0,0,1,0
6/28/2019,0.741666667,0.554166667,1.116666667,0.729166667,199.3333333,157.3333333,136.8333333,201.8333333,0,0,1,0
6/29/2019,0.9,0.4375,0.783333333,0.716666667,191.7083333,162.4166667,171.375,152.2083333,0,0,1,0
6/30/2019,0.895833333,0.495833333,0.975,0.670833333,133.9583333,160.75,131.125,176.0833333,0,0,1,0
7/1/2019,0.758333333,0.5625,1.179166667,0.733333333,138.3333333,199.7083333,156.375,204.5,0,0,1,0
7/2/2019,0.65,0.645833333,1.2375,0.829166667,147.3333333,190.9166667,221.4583333,234.4583333,0,0,1,0
7/3/2019,0.704166667,0.566666667,0.908333333,0.620833333,126.125,134.1666667,194.375,194.7083333,0,0,1,0
7/4/2019,0.816666667,0.541666667,1.041666667,0.679166667,158.4166667,130.5,165.0833333,202.875,0,0,1,0
7/5/2019,0.716666667,0.429166667,0.933333333,0.55,103.0833333,183.6666667,164.75,198,0,0,1,0
7/6/2019,0.875,0.625,1.2125,0.9125,104.4583333,185.5416667,206.625,178.7083333,0,0,1,0
7/7/2019,0.5,0.604166667,1.1625,0.925,173.5,192.5833333,196.4583333,252.4166667,0,0,1,0
7/8/2019,0.766666667,0.4375,0.820833333,0.583333333,168.25,193.375,165.2083333,209.5416667,0,0,1,0
7/9/2019,0.679166667,0.533333333,0.8,0.425,91.75,138.7083333,124.2083333,179.875,0,0,1,0
7/10/2019,0.75,0.595833333,0.820833333,0.558333333,124.3333333,118.8333333,154.375,197,0,0,1,0
7/11/2019,0.875,0.591666667,0.5125,0.583333333,132.375,197.7916667,199.4583333,219.5833333,0,0,1,0
7/12/2019,0.6,0.566666667,0.695833333,0.616666667,143.2916667,204.4166667,219.7083333,218.6666667,0,0,1,0
7/13/2019,0.4875,0.770833333,1.245833333,0.833333333,172.1666667,224.625,229.9166667,277.1666667,0,0,1,0
7/14/2019,0.533333333,0.725,1.275,1.2125,223.9583333,193.1666667,224.6666667,280.625,0,0,1,0
7/15/2019,0.7125,0.6125,0.679166667,0.825,102.625,110.9583333,137.75,205.875,0,0,1,0
7/16/2019,0.791666667,0.4125,0.891666667,0.6375,132.5,171.375,181.0833333,180.7916667,0,0,1,0
7/17/2019,0.933333333,0.583333333,1.133333333,0.816666667,111.7916667,167.5416667,147.875,201.0833333,0,0,1,0
7/18/2019,0.741666667,0.691666667,0.9125,0.579166667,133.5416667,155.0833333,185.0833333,222.1666667,0,0,1,0
7/19/2019,0.783333333,0.583333333,0.895833333,0.441666667,119.625,160.75,134.0416667,189,0,0,1,0
7/20/2019,0.733333333,0.5125,0.783333333,0.570833333,106.2083333,162.3333333,133.7916667,191.7083333,0,0,1,0
7/21/2019,0.483333333,0.6375,0.7125,0.595833333,162.4166667,154.625,149.5416667,223.4166667,0,0,1,0
7/22/2019,0.845833333,0.566666667,0.775,0.608333333,125.9166667,174.9583333,152.7916667,189.0416667,0,0,1,0
7/23/2019,0.85,0.483333333,0.7625,0.629166667,100.75,221.8333333,191.375,181.2916667,0,0,1,0
7/24/2019,0.875,0.479166667,1.020833333,0.65,117.4166667,173.5416667,180.875,158.9583333,0,0,1,0
7/25/2019,0.929166667,0.425,1.0375,0.658333333,107.25,161.6666667,154.4166667,192.1666667,0,0,1,0
7/26/2019,0.7375,0.508333333,0.816666667,0.520833333,98.25,162.4166667,192.7916667,187.5,0,0,1,0
7/27/2019,0.858333333,0.754166667,1.079166667,0.5625,109.375,152.75,152.4583333,200.9166667,0,0,1,0
7/28/2019,0.4625,0.6875,0.908333333,0.508333333,102.6666667,78.375,141.6666667,172.5416667,0,0,1,0
7/29/2019,0.479166667,0.504166667,0.95,0.708333333,154.5833333,203.75,225.375,234.7083333,0,0,1,0
7/30/2019,0.554166667,0.570833333,0.8625,0.895833333,153.5833333,153.875,180.6666667,222.3333333,0,0,1,0
7/31/2019,0.783333333,0.608333333,0.983333333,0.916666667,168.3333333,205.5416667,188.7083333,232.75,0,0,1,0
8/1/2019,0.645833333,0.516666667,1.1875,0.875,169.8333333,148.2083333,161.375,225.2916667,0,0,1,0
8/2/2019,0.391666667,0.495833333,0.791666667,0.545833333,158.0416667,204.0416667,230.375,247.5833333,0,0,1,0
8/3/2019,0.395833333,0.708333333,1.104166667,1.2375,190.4583333,219.8333333,274.5416667,282.75,0,0,1,0
8/4/2019,0.620833333,0.55,0.5625,0.5,144.9166667,202.3333333,218.0833333,217.125,0,0,1,0
8/5/2019,0.858333333,0.508333333,0.708333333,0.504166667,146.75,185.2083333,195.3333333,211.9166667,0,0,1,0
8/6/2019,0.65,0.4875,0.9,0.570833333,156,169.5416667,160.4166667,179.4583333,0,0,1,0
8/7/2019,0.808333333,0.5875,0.975,0.6125,128.2083333,185.5,171.375,194.0416667,0,0,1,0
8/8/2019,0.5375,0.4875,0.875,0.6,140.625,167.3333333,186,220.125,0,0,1,0
8/9/2019,0.645833333,0.416666667,0.770833333,0.495833333,148.7916667,182.125,154.5833333,199.4166667,0,0,1,0
8/10/2019,0.75,0.445833333,1.033333333,0.6125,144.4583333,161.0833333,161,186.875,0,0,1,0
8/11/2019,0.520833333,0.4625,0.875,0.616666667,163.125,142.7916667,156.9583333,212.6666667,0,0,1,0
8/12/2019,0.795833333,0.579166667,0.891666667,0.595833333,118.4583333,159.8333333,142.125,193.5,0,0,1,0
8/13/2019,0.541666667,0.533333333,0.9875,0.816666667,186.625,178.8333333,169.5416667,218,0,0,1,0
8/14/2019,0.425,0.804166667,1.383333333,1.020833333,194.25,249.4583333,280.3333333,277.3333333,0,0,1,0
8/15/2019,0.820833333,0.45,0.966666667,0.570833333,148.4583333,179.5833333,156.3333333,204.7083333,0,0,1,0
8/16/2019,0.641666667,0.4375,0.7,0.5875,152.7916667,185.9166667,209.1666667,203.625,0,0,1,0
8/17/2019,0.8,0.458333333,0.716666667,0.575,87.5,207.5833333,151.5416667,193.2083333,0,0,1,0
8/18/2019,0.704166667,0.391666667,0.8125,0.570833333,134.875,156.4166667,172.9583333,180.2916667,0,0,1,0
8/19/2019,0.975,0.579166667,1.266666667,0.908333333,144.7916667,146.3333333,159.4166667,176.9166667,0,0,1,0
8/20/2019,0.608333333,0.375,0.666666667,0.483333333,106.2916667,195.8333333,152.4583333,199.6666667,0,0,1,0
8/21/2019,0.420833333,0.808333333,2.125,1.420833333,249.25,249.5,300.125,308.625,0,0,1,0
8/22/2019,0.525,0.391666667,0.529166667,0.558333333,132.7083333,177.5833333,181.1666667,196.25,0,0,1,0
8/23/2019,0.458333333,0.458333333,0.383333333,0.520833333,123.875,211.9166667,200.75,219.6666667,0,0,1,0
8/24/2019,0.666666667,0.6125,0.783333333,0.533333333,116.7083333,178.4583333,186.4583333,234.0833333,0,0,1,0
8/25/2019,0.491666667,0.4375,0.625,0.470833333,161.625,181.0833333,175.125,162.6666667,0,0,1,0
8/26/2019,0.591666667,0.541666667,0.670833333,0.483333333,135.3333333,131.9583333,178.25,201.125,0,0,1,0
8/27/2019,0.666666667,0.4,0.591666667,0.504166667,131.5833333,180.25,173,195.625,0,0,1,0
8/28/2019,0.75,0.395833333,0.75,0.570833333,122.375,199.9583333,179.0833333,183.375,0,0,1,0
8/29/2019,0.6875,0.416666667,0.7125,0.475,68.54166667,145.2083333,180.7916667,214.875,0,0,1,0
8/30/2019,0.670833333,0.725,0.991666667,0.733333333,175.2083333,245.9166667,228.75,198.625,0,0,1,0
8/31/2019,0.854166667,0.466666667,0.575,0.520833333,117.9583333,174.4583333,201.125,232.2083333,0,0,1,0
9/1/2019,0.766666667,0.466666667,0.7625,0.529166667,103.375,207.0833333,167.2083333,213.875,1,0,0,0
9/2/2019,0.416666667,0.425,0.775,0.783333333,153.4583333,167.5833333,191.5833333,271.7083333,1,0,0,0
9/3/2019,0.504166667,0.533333333,1.254166667,1.195833333,159.9583333,143.0416667,245.7083333,262.2916667,1,0,0,0
9/4/2019,0.820833333,0.466666667,0.6625,0.529166667,166.5833333,204.0416667,198.5,190.7916667,1,0,0,0
9/5/2019,0.7375,0.4125,0.870833333,0.5125,108.5833333,169.6666667,158.125,198.4583333,1,0,0,0
9/6/2019,0.370833333,0.591666667,1.375,1.120833333,221.625,261.7916667,267,269.5833333,1,0,0,0
9/7/2019,0.320833333,0.5,0.441666667,0.408333333,147.9166667,178.25,152.5416667,217.0416667,1,0,0,0
9/8/2019,0.275,0.370833333,0.395833333,0.370833333,144.375,216.7916667,228.3333333,231.0416667,1,0,0,0
9/9/2019,0.304166667,0.6,0.85,0.695833333,205.9583333,206.4583333,230.8333333,253,1,0,0,0
9/10/2019,0.8375,0.545833333,0.8375,0.704166667,68.95833333,181.75,211.2916667,131.4583333,1,0,0,0
9/11/2019,0.733333333,0.4,0.575,0.495833333,121.125,213.2083333,180.6666667,178.875,1,0,0,0
9/12/2019,0.616666667,0.479166667,0.708333333,0.720833333,134.25,144.2083333,186.5416667,225.375,1,0,0,0
9/13/2019,0.870833333,0.5375,0.808333333,0.5875,99.54166667,229.875,208.6666667,188.5416667,1,0,0,0
9/14/2019,0.670833333,0.554166667,0.65,0.4375,94.875,180.2916667,128.5416667,186.8333333,1,0,0,0
9/15/2019,0.520833333,0.3875,0.470833333,0.504166667,140.125,181.875,166.9583333,195.6666667,1,0,0,0
9/16/2019,0.733333333,0.329166667,0.604166667,0.5125,129.4583333,186.4583333,170.5,180.2916667,1,0,0,0
9/17/2019,0.620833333,0.395833333,0.7,0.5125,112.7916667,167.875,141.6666667,216.0416667,1,0,0,0
9/18/2019,0.895833333,0.558333333,1.158333333,0.816666667,216.0833333,153.875,169.0416667,158.0416667,1,0,0,0
9/19/2019,0.625,0.675,0.770833333,0.5125,109.2916667,135.8333333,118.2916667,197.6666667,1,0,0,0
9/20/2019,0.670833333,0.483333333,0.6625,0.491666667,129.9583333,170,197.125,153.5,1,0,0,0
9/21/2019,0.766666667,0.4125,0.679166667,0.479166667,111.1666667,180.2916667,183.875,142.2916667,1,0,0,0
9/22/2019,0.6125,0.395833333,0.366666667,0.383333333,106.5833333,171,155.3333333,177.3333333,1,0,0,0
9/23/2019,0.429166667,0.479166667,0.5125,0.291666667,131.5416667,135.6666667,154.125,204.375,1,0,0,0
9/24/2019,0.475,0.3625,0.5375,0.345833333,122.5833333,164.875,159.5833333,207.4583333,1,0,0,0
9/25/2019,0.3125,0.366666667,0.554166667,0.4625,141.0833333,210.5416667,212.625,197.75,1,0,0,0
9/26/2019,0.533333333,0.425,0.4,0.4,128.25,185.2083333,192.2083333,214.6666667,1,0,0,0
9/27/2019,0.620833333,0.320833333,0.554166667,0.4125,108.4166667,158.8333333,159.6666667,215.625,1,0,0,0
9/28/2019,0.35,0.404166667,0.575,0.379166667,102.5833333,218.375,215.5416667,197.75,1,0,0,0
9/29/2019,0.5125,0.329166667,0.504166667,0.420833333,90.25,180.375,175.3333333,195.0416667,1,0,0,0
9/30/2019,0.520833333,0.5,0.9125,0.770833333,135.9583333,147.625,201.125,226.0833333,1,0,0,0
10/1/2019,0.525,0.454166667,0.666666667,0.5375,156.9166667,171.5,179.7083333,125.7916667,1,0,0,0
10/2/2019,0.425,0.479166667,0.666666667,0.658333333,120.875,195.4166667,224.875,258.2083333,1,0,0,0
10/3/2019,0.45,0.666666667,1.191666667,0.845833333,183,235.5416667,291.5833333,275.9583333,1,0,0,0
10/4/2019,0.775,0.395833333,0.5625,0.508333333,106.5416667,175.7083333,142.8333333,171.6666667,1,0,0,0
10/5/2019,0.345833333,0.429166667,0.6,0.591666667,157.875,161.7083333,193.25,246.6666667,1,0,0,0
10/6/2019,0.641666667,0.745833333,1.145833333,0.654166667,136.4166667,186.3333333,168.125,179.7916667,1,0,0,0
10/7/2019,0.279166667,0.633333333,0.5,0.429166667,137.7916667,95.375,124.8333333,211.4166667,1,0,0,0
10/8/2019,0.375,0.341666667,0.466666667,0.4125,184.7083333,164.25,142.5416667,180.9583333,1,0,0,0
10/9/2019,0.5875,0.345833333,0.591666667,0.479166667,178.5416667,208.75,157.0833333,221.4166667,1,0,0,0
10/10/2019,0.366666667,0.325,0.483333333,0.366666667,195.5,145.75,169.375,184.375,1,0,0,0
10/11/2019,0.504166667,0.4125,0.566666667,0.441666667,148.5833333,208.25,174.75,179.2083333,1,0,0,0
10/12/2019,0.604166667,0.358333333,0.4875,0.370833333,133.375,199.2916667,152.0416667,203.5833333,1,0,0,0
10/13/2019,0.575,0.320833333,0.383333333,0.3875,136.25,195,175.6666667,191.75,1,0,0,0
10/14/2019,0.595833333,0.395833333,0.475,0.370833333,152.6666667,196.5416667,176.3333333,177.5416667,1,0,0,0
10/15/2019,0.608333333,0.416666667,0.425,0.35,119.7083333,202,183.0833333,194.7916667,1,0,0,0
10/16/2019,0.654166667,0.525,0.779166667,0.629166667,113.75,165.875,191.7083333,187.125,1,0,0,0
10/17/2019,0.45,0.3625,0.525,0.4125,214.25,167.4583333,158.5833333,205.375,1,0,0,0
10/18/2019,0.525,0.429166667,0.491666667,0.354166667,205,151,163.25,194.0833333,1,0,0,0
10/19/2019,0.7125,0.308333333,0.625,0.5,184.4583333,186.4166667,161.2916667,218.9583333,1,0,0,0
10/20/2019,0.829166667,0.545833333,0.854166667,0.929166667,159.5833333,224.125,248.0416667,168,1,0,0,0
10/21/2019,0.570833333,0.308333333,0.454166667,0.375,145.7083333,170.0416667,217.3333333,203.7083333,1,0,0,0
10/22/2019,0.720833333,0.329166667,0.383333333,0.3375,116.3333333,174.5,180.4583333,206.9166667,1,0,0,0
10/23/2019,0.695833333,0.329166667,0.370833333,0.345833333,84,208.2083333,169.4583333,186.9166667,1,0,0,0
10/24/2019,0.716666667,0.266666667,0.370833333,0.3,107.5833333,185.7083333,178.1666667,214.2916667,1,0,0,0
10/25/2019,0.766666667,0.35,0.370833333,0.370833333,131.25,231.75,190.125,206.2083333,1,0,0,0
10/26/2019,0.8125,0.333333333,0.383333333,0.333333333,128.5,198.5416667,161.9583333,193.5,1,0,0,0
10/27/2019,0.616666667,0.2875,0.358333333,0.308333333,151.5833333,211.0833333,191.5416667,194.625,1,0,0,0
10/28/2019,0.75,0.408333333,0.5125,0.325,107.2083333,182.625,142.9583333,208.1666667,1,0,0,0
10/29/2019,0.270833333,0.633333333,0.433333333,0.316666667,168.125,142.7083333,135.5416667,213.375,1,0,0,0
10/30/2019,0.358333333,0.6,0.4625,0.270833333,132.0833333,150.2083333,159.375,185.4583333,1,0,0,0
10/31/2019,0.354166667,0.4625,0.483333333,0.308333333,153.2916667,129.4583333,130.5416667,186.375,1,0,0,0
11/1/2019,0.304166667,0.595833333,0.3625,0.254166667,173.5833333,129.2083333,121.8333333,165.875,1,0,0,0
11/2/2019,0.241666667,0.275,0.1375,0.225,214.2916667,177,173.625,229,1,0,0,0
11/3/2019,0.545833333,0.6,0.975,0.4875,162.875,191.4166667,192.3333333,170.7916667,1,0,0,0
11/4/2019,0.45,0.445833333,0.670833333,0.620833333,218.125,185.4166667,207,211.5833333,1,0,0,0
11/5/2019,0.358333333,0.416666667,0.520833333,0.4875,189.3333333,262.7083333,265.5833333,134.25,1,0,0,0
11/6/2019,0.229166667,0.325,0.333333333,0.241666667,189.4166667,238.5416667,247.9166667,181.4166667,1,0,0,0
11/7/2019,0.3625,0.408333333,0.345833333,0.279166667,130.25,144.5,197.25,188.5833333,1,0,0,0
11/8/2019,0.2875,0.425,0.341666667,0.3,220.875,190.0416667,199.2083333,225.0833333,1,0,0,0
11/9/2019,0.270833333,0.4625,0.5875,0.495833333,207.2916667,207.9583333,166.3333333,206,1,0,0,0
11/10/2019,0.391666667,0.4125,0.433333333,0.3125,168,221.5416667,214.4166667,195.0416667,1,0,0,0
11/11/2019,0.475,0.345833333,0.275,0.320833333,157.4583333,162.5833333,203.2083333,177.1666667,1,0,0,0
11/12/2019,0.1875,0.4,0.345833333,0.275,150.5416667,185.4166667,163.2083333,193.9166667,1,0,0,0
11/13/2019,0.2875,0.65,1.116666667,0.804166667,225.1666667,214.3333333,206.375,220.8333333,1,0,0,0
11/14/2019,0.375,0.341666667,0.2625,0.283333333,163.5833333,134,150.7083333,197.0416667,1,0,0,0
11/15/2019,0.4375,0.745833333,0.454166667,0.266666667,101.3333333,130,133.9166667,178.25,1,0,0,0
11/16/2019,0.2375,0.441666667,0.275,0.216666667,212.5833333,149.5,207.8333333,200.9166667,1,0,0,0
11/17/2019,0.454166667,0.770833333,0.466666667,0.258333333,140.5833333,120.9583333,125.8333333,185.4583333,1,0,0,0
11/18/2019,0.875,1.079166667,1.05,0.670833333,208.75,202.7916667,186.5,183.6666667,1,0,0,0
11/19/2019,0.504166667,0.341666667,0.279166667,0.366666667,238.9583333,227.6666667,207.4166667,212.7916667,1,0,0,0
11/20/2019,0.341666667,0.429166667,0.420833333,0.283333333,179.9166667,203.3333333,228.4583333,145.375,1,0,0,0
11/21/2019,0.341666667,0.308333333,0.291666667,0.295833333,205.3333333,197.4166667,186.375,205.7916667,1,0,0,0
11/22/2019,0.291666667,0.3375,0.329166667,0.391666667,271.9583333,182.5,199.6666667,142.0833333,1,0,0,0
11/23/2019,0.495833333,0.475,0.6125,0.3625,132.625,157.25,115.7083333,158.7083333,1,0,0,0
11/24/2019,0.333333333,0.3375,0.325,0.258333333,145.75,151.5,150.4583333,183.25,1,0,0,0
11/25/2019,0.316666667,0.379166667,0.35,0.2875,133.375,133.2916667,177.4583333,222.1666667,1,0,0,0
11/26/2019,0.470833333,0.35,0.608333333,0.358333333,147,194.125,146.625,176.5416667,1,0,0,0
11/27/2019,0.3625,0.345833333,0.2625,0.241666667,187.7083333,187.7083333,217.4583333,217.7916667,1,0,0,0
11/28/2019,0.3875,0.325,0.254166667,0.225,209.2916667,200.0833333,192.0833333,167.4583333,1,0,0,0
11/29/2019,0.525,0.308333333,0.316666667,0.270833333,229.5416667,183.5,215.5416667,179.2083333,1,0,0,0
11/30/2019,0.741666667,0.7625,1.3875,0.954166667,248.625,218.6666667,281.5416667,228.4583333,1,0,0,0
12/1/2019,0.504166667,0.458333333,0.508333333,0.516666667,199.625,145.1666667,138.9166667,145.3333333,0,0,0,1
12/2/2019,0.325,0.395833333,0.25,0.3625,190.5833333,151.3333333,155.4166667,184.5833333,0,0,0,1
12/3/2019,0.504166667,0.291666667,0.229166667,0.354166667,187.5416667,189.4166667,181,170.5416667,0,0,0,1
12/4/2019,0.704166667,0.341666667,0.341666667,0.4625,191.8333333,206.7916667,157.7083333,174.5416667,0,0,0,1
12/5/2019,0.925,0.429166667,0.633333333,0.625,175.0833333,191.5416667,161.5,176.9166667,0,0,0,1
12/6/2019,0.541666667,0.391666667,0.545833333,0.525,205.3333333,181.9166667,146.5416667,154.8333333,0,0,0,1
12/7/2019,0.466666667,0.433333333,0.2625,0.358333333,213.375,223.25,177.5416667,201.9166667,0,0,0,1
12/8/2019,0.4625,0.245833333,0.295833333,0.2375,165.7083333,161.0416667,170.625,213.125,0,0,0,1
12/9/2019,0.533333333,0.304166667,0.3,0.241666667,198.875,184.625,172.875,187.875,0,0,0,1
12/10/2019,0.95,0.566666667,0.970833333,0.716666667,284.0416667,190.125,248.9583333,234.7916667,0,0,0,1
12/11/2019,0.591666667,0.333333333,0.354166667,0.479166667,225.25,205.1666667,202.0416667,172.0416667,0,0,0,1
12/12/2019,0.579166667,0.3625,0.220833333,0.316666667,250.3333333,255.2916667,179.2916667,209.3333333,0,0,0,1
12/13/2019,0.441666667,0.3875,0.391666667,0.4,191.6666667,196.25,181,196.5,0,0,0,1
12/14/2019,0.566666667,0.2625,0.254166667,0.3,244.4583333,192.75,160.6666667,176.4166667,0,0,0,1
12/15/2019,0.620833333,0.2375,0.175,0.2125,204.7916667,185.75,178.25,216.2916667,0,0,0,1
12/16/2019,1.070833333,0.279166667,0.191666667,0.379166667,266.25,185.0416667,186.8333333,173.0833333,0,0,0,1
12/17/2019,1.604166667,0.483333333,1.004166667,1.716666667,206.0833333,144.9166667,164.3333333,192.0416667,0,0,0,1
12/18/2019,0.6375,0.4875,0.620833333,0.416666667,203.125,195.875,210.5,163.8333333,0,0,0,1
12/19/2019,0.645833333,0.341666667,0.420833333,0.3625,270.6666667,255.0416667,273.8333333,84.125,0,0,0,1
12/20/2019,0.370833333,0.595833333,0.675,0.529166667,183.4166667,223.5833333,208.25,208.7083333,0,0,0,1
12/21/2019,0.383333333,0.7625,0.745833333,0.516666667,237.25,134.4583333,197.8333333,199.2916667,0,0,0,1
12/22/2019,0.533333333,0.3625,0.354166667,0.2375,192.0833333,154.625,185.75,202.5,0,0,0,1
12/23/2019,0.458333333,0.4375,1.479166667,0.766666667,229.8333333,222.9166667,241.6666667,257.75,0,0,0,1
12/24/2019,0.379166667,0.3625,1.091666667,0.666666667,242.2083333,225.4583333,233.8333333,190.1666667,0,0,0,1
12/25/2019,0.358333333,0.366666667,0.425,0.429166667,220.0833333,181.5,196.7916667,221,0,0,0,1
12/26/2019,0.454166667,0.370833333,0.475,0.4125,261.2083333,171.6666667,195.6666667,159,0,0,0,1
12/27/2019,0.6,0.366666667,0.283333333,0.391666667,239.9166667,189.1666667,186.2083333,180.75,0,0,0,1
12/28/2019,0.958333333,0.9,1.829166667,1.079166667,312,261.9583333,318.1666667,278.6666667,0,0,0,1
12/29/2019,0.804166667,0.5,0.504166667,0.55,257.2916667,204.0416667,201.0416667,212.5416667,0,0,0,1
12/30/2019,0.6125,0.316666667,0.3125,0.404166667,225.5416667,220.0416667,180.875,166.125,0,0,0,1
12/31/2019,0.525,0.216666667,0.229166667,0.245833333,195.875,184.5,190.625,203.8333333,0,0,0,1
1/1/2020,0.620833333,0.366666667,0.358333333,0.454166667,247.125,230.3333333,218.9166667,149.25,0,0,0,1
1/2/2020,0.608333333,0.275,0.266666667,0.233333333,199.0833333,176.1666667,177,217.5416667,0,0,0,1
1/3/2020,0.4375,0.266666667,0.204166667,0.1875,215.2916667,198.875,175.375,222.9166667,0,0,0,1
1/4/2020,0.5375,0.325,0.304166667,0.291666667,221.75,220.9166667,181.0833333,226.8333333,0,0,0,1
1/5/2020,0.829166667,0.866666667,1.670833333,1.204166667,262.25,153.125,235.7083333,230.3333333,0,0,0,1
1/6/2020,0.5875,0.320833333,0.366666667,0.391666667,256.5416667,221.4166667,192.5,199.5416667,0,0,0,1
1/7/2020,0.425,0.341666667,0.295833333,0.291666667,198.5,221.25,175.5416667,213.2916667,0,0,0,1
1/8/2020,0.570833333,0.270833333,0.316666667,0.3375,179.875,231.625,185.1666667,208.0833333,0,0,0,1
1/9/2020,0.404166667,0.3375,0.291666667,0.270833333,201.6666667,227.375,163.75,204.2916667,0,0,0,1
1/10/2020,0.391666667,0.3125,0.245833333,0.266666667,255.375,218.4583333,184.125,238.9166667,0,0,0,1
1/11/2020,0.858333333,0.4625,0.558333333,0.583333333,225.4583333,220.1666667,234.2083333,205.0416667,0,0,0,1
1/12/2020,0.625,0.320833333,0.3125,0.370833333,231.2083333,250.5416667,204.25,215.7083333,0,0,0,1
1/13/2020,0.416666667,0.275,0.229166667,0.283333333,204.75,196.0416667,172.8333333,222.4166667,0,0,0,1
1/14/2020,0.7125,0.583333333,0.358333333,0.583333333,200.7083333,226.3333333,192.9583333,207.5,0,0,0,1
1/15/2020,0.658333333,0.533333333,0.3875,0.525,211.2916667,204.7916667,192,207.9166667,0,0,0,1
1/16/2020,0.345833333,0.375,0.345833333,0.320833333,205.4583333,189.0416667,159.5833333,206.8333333,0,0,0,1
1/17/2020,0.6625,0.379166667,0.4,0.441666667,202.375,218.4583333,168.4166667,191.5,0,0,0,1
1/18/2020,0.679166667,0.391666667,0.4125,0.5,161.8333333,223.1666667,156.1666667,173.25,0,0,0,1
1/19/2020,0.458333333,0.4875,0.608333333,0.433333333,251.8333333,243.0416667,203.3333333,240,0,0,0,1
1/20/2020,0.5875,0.429166667,0.304166667,0.416666667,234.625,198.2083333,200.6666667,189.5,0,0,0,1
1/21/2020,0.741666667,0.245833333,0.395833333,0.433333333,240.875,193.2083333,179.5,198,0,0,0,1
1/22/2020,0.583333333,0.4375,0.4625,0.4375,210.1666667,210.5,172.0833333,220.7083333,0,0,0,1
1/23/2020,0.408333333,0.304166667,0.283333333,0.3875,273.2083333,200.3333333,206.6666667,183.4166667,0,0,0,1
1/24/2020,0.558333333,0.429166667,0.220833333,0.45,230.3333333,234.0416667,187.4166667,214.625,0,0,0,1
1/25/2020,0.5375,0.495833333,0.308333333,0.408333333,176.125,251.9166667,164.5,189.5416667,0,0,0,1
1/26/2020,0.795833333,0.475,0.279166667,0.445833333,199.125,209.0416667,189.2083333,184.4166667,0,0,0,1
1/27/2020,0.6,0.4625,0.4125,0.429166667,165.3333333,236.5416667,151.9583333,179.75,0,0,0,1
1/28/2020,0.475,0.35,0.508333333,0.479166667,218.75,222.875,222.25,225.9166667,0,0,0,1
1/29/2020,0.595833333,0.4,0.516666667,0.5875,233.625,181.875,194.625,200.0416667,0,0,0,1
1/30/2020,0.583333333,0.275,0.495833333,0.404166667,213.9166667,186.1666667,213.9166667,195.875,0,0,0,1
1/31/2020,0.85,0.308333333,0.2875,0.275,221.0416667,186.2083333,190,143.6666667,0,0,0,1
2/1/2020,0.883333333,0.408333333,0.525,0.929166667,237.1666667,189.0416667,179.875,201.5,0,0,0,1
2/2/2020,0.608333333,0.35,0.566666667,0.545833333,191.2916667,159.25,174.25,168.9166667,0,0,0,1
2/3/2020,0.583333333,0.579166667,0.729166667,0.745833333,278.5833333,251.1666667,259.875,224.0833333,0,0,0,1
2/4/2020,0.629166667,0.791666667,1.5,1.004166667,261.6666667,282,287.2916667,204.4583333,0,0,0,1
2/5/2020,1.216666667,1.15,2.766666667,1.6375,311.75,255.4583333,300.2916667,307.5833333,0,0,0,1
2/6/2020,0.5625,0.766666667,0.9875,0.933333333,285,233.2083333,252.75,268.75,0,0,0,1
2/7/2020,0.566666667,0.35,0.445833333,0.595833333,249.75,206.7916667,225.8333333,164.5,0,0,0,1
2/8/2020,0.979166667,0.445833333,0.408333333,0.583333333,263.2083333,252.875,197.875,173.9166667,0,0,0,1
2/9/2020,0.770833333,0.316666667,0.395833333,0.354166667,246.7083333,206.5416667,172.9166667,192.4583333,0,0,0,1
2/10/2020,1.520833333,1.104166667,1.3875,2.1375,231,230.4583333,215.9583333,247.25,0,0,0,1
2/11/2020,0.770833333,1.129166667,1.954166667,1.208333333,297.125,274.6666667,276.7916667,278.2083333,0,0,0,1
2/12/2020,0.570833333,0.579166667,1.145833333,0.725,200.25,186.25,202.9166667,229.2916667,0,0,0,1
2/13/2020,0.575,0.4375,0.425,0.379166667,237.8333333,224.875,224.7916667,161.2083333,0,0,0,1
2/14/2020,0.7,0.670833333,1.175,0.675,236.25,225.5833333,236.5,163.2083333,0,0,0,1
2/15/2020,0.633333333,0.391666667,0.558333333,0.4875,247.625,217.4583333,223.7083333,166.1666667,0,0,0,1
2/16/2020,0.8625,0.404166667,0.404166667,0.395833333,252,238.0416667,186.875,200.125,0,0,0,1
2/17/2020,0.6,0.3625,0.4375,0.3875,217.7916667,183.625,180.4166667,208,0,0,0,1
2/18/2020,0.566666667,0.479166667,0.758333333,0.679166667,195.0833333,225.125,202.5833333,176.5416667,0,0,0,1
2/19/2020,0.425,0.495833333,0.829166667,0.6125,257.3333333,207.4166667,282.5833333,172.5416667,0,0,0,1
2/20/2020,0.683333333,0.445833333,0.558333333,0.6125,241.6666667,198.8333333,179.5,194.5,0,0,0,1
2/21/2020,0.875,0.916666667,1.4875,0.925,296.2916667,212.6666667,232.4166667,226.6666667,0,0,0,1
2/22/2020,0.783333333,0.358333333,0.4,0.479166667,250,255.625,195.4583333,168.5833333,0,0,0,1
2/23/2020,0.475,0.3,0.375,0.258333333,198.9166667,197.75,178.4166667,201.8333333,0,0,0,1
2/24/2020,1.0875,0.854166667,1.333333333,1.1625,260.25,230.2916667,225.375,264.2083333,0,0,0,1
2/25/2020,1.029166667,0.470833333,0.775,0.8625,232.7916667,235.7916667,178.8333333,217.1666667,0,0,0,1
2/26/2020,0.6375,0.520833333,0.675,0.716666667,209.6666667,210.9583333,215.4166667,210.5833333,0,0,0,1
2/27/2020,1.170833333,0.529166667,1.1625,0.9375,161.9166667,196.7083333,155.7916667,178,0,0,0,1
2/28/2020,0.875,1.2375,2.579166667,1.258333333,265.2916667,259.0416667,277.4583333,273.5416667,0,0,0,1
2/29/2020,0.583333333,0.541666667,0.595833333,0.658333333,247.25,239.2916667,201.7916667,210.2083333,0,0,0,1
3/1/2020,0.929166667,0.754166667,1.633333333,1.25,252.2083333,232.4166667,225.625,158.1666667,0,1,0,0
3/2/2020,0.775,0.629166667,0.866666667,0.754166667,172.4166667,195.3333333,172.4583333,202.4166667,0,1,0,0
3/3/2020,0.633333333,0.720833333,1.275,0.8,266.25,256.7083333,278.625,221.7083333,0,1,0,0
3/4/2020,0.754166667,0.995833333,1.704166667,1.308333333,326.5416667,295.5,302.1666667,306.6666667,0,1,0,0
3/5/2020,1.091666667,0.558333333,1.091666667,0.5875,171.25,239.4166667,164.375,198.7916667,0,1,0,0
3/6/2020,0.35,0.441666667,0.470833333,0.4125,246.75,163.5416667,205.75,161.0416667,0,1,0,0
3/7/2020,0.708333333,0.558333333,0.891666667,0.670833333,253.1666667,209.0833333,257.125,187.2916667,0,1,0,0
3/8/2020,0.720833333,0.429166667,0.625,0.6125,249.6666667,162.2916667,215,159.5833333,0,1,0,0
3/9/2020,0.629166667,0.4375,0.3625,0.5,262.9583333,250.3333333,206.375,129.2083333,0,1,0,0
3/10/2020,0.8,0.629166667,0.754166667,0.65,235.0416667,207.5,228.125,214.5,0,1,0,0
3/11/2020,0.6125,0.541666667,0.7375,0.529166667,209.7083333,246.4583333,207.5,226.4583333,0,1,0,0
3/12/2020,0.908333333,0.525,0.595833333,0.6125,209.7083333,259.25,195.9166667,169.8333333,0,1,0,0
3/13/2020,0.704166667,0.408333333,0.7,0.479166667,207.25,226.8333333,192.5416667,211.2916667,0,1,0,0
3/14/2020,0.708333333,0.645833333,0.804166667,0.4875,193.6666667,176.1666667,189.4166667,179.9583333,0,1,0,0
3/15/2020,0.666666667,0.5,0.733333333,0.6375,191,178.75,137.7083333,170.5,0,1,0,0
