Time,Incoming home,Outgoing home,Incoming mobile,Outgoing mobile
2018-01-01,1511.0,1271.0,1588.0,1717.0
2018-01-02,16752.0,14988.0,18735.0,21313.0
2018-01-03,24552.0,22008.0,27510.0,31342.0
2018-01-04,25212.0,22602.0,28252.0,32191.0
2018-01-05,20912.0,18732.0,23415.0,26662.0
2018-01-06,5976.0,5289.0,6611.0,7458.0
2018-01-07,785.0,617.0,771.0,784.0
2018-01-08,21790.0,19522.0,24402.0,27790.0
2018-01-09,21346.0,19122.0,23903.0,27220.0
2018-01-10,21668.0,19412.0,24266.0,27634.0
2018-01-11,15695.0,14036.0,17545.0,19954.0
2018-01-12,12243.0,10930.0,13662.0,15516.0
2018-01-13,3173.0,2766.0,3458.0,3854.0
2018-01-14,747.0,583.0,729.0,736.0
2018-01-15,11815.0,10544.0,13180.0,14965.0
2018-01-16,11641.0,10387.0,12984.0,14741.0
2018-01-17,9910.0,8830.0,11038.0,12516.0
2018-01-18,9651.0,8597.0,10746.0,12184.0
2018-01-19,8528.0,7586.0,9482.0,10739.0
2018-01-20,3034.0,2641.0,3302.0,3675.0
2018-01-21,507.0,367.0,459.0,426.0
2018-01-22,9702.0,8643.0,10804.0,12249.0
2018-01-23,12572.0,11225.0,14032.0,15939.0
2018-01-24,11402.0,10173.0,12716.0,14435.0
2018-01-25,8975.0,7989.0,9986.0,11314.0
2018-01-26,11072.0,9876.0,12345.0,14010.0
2018-01-27,4183.0,3676.0,4595.0,5153.0
2018-01-28,1218.0,1007.0,1259.0,1341.0
2018-01-29,7748.0,6884.0,8606.0,9737.0
2018-01-30,9954.0,8870.0,11087.0,12573.0
2018-01-31,7744.0,6880.0,8600.0,9731.0
2018-02-01,6400.0,5671.0,7089.0,8004.0
2018-02-02,7075.0,6278.0,7848.0,8871.0
2018-02-03,2598.0,2249.0,2812.0,3115.0
2018-02-04,1192.0,983.0,1229.0,1307.0
2018-02-05,9642.0,8588.0,10736.0,12171.0
2018-02-06,7501.0,6662.0,8327.0,9419.0
2018-02-07,3382.0,2954.0,3693.0,4123.0
2018-02-08,3574.0,3128.0,3910.0,4370.0
2018-02-09,3169.0,2763.0,3454.0,3850.0
2018-02-10,1783.0,1515.0,1894.0,2067.0
2018-02-11,1448.0,1214.0,1517.0,1636.0
2018-02-12,3379.0,2952.0,3690.0,4119.0
2018-02-13,3686.0,3228.0,4036.0,4514.0
2018-02-14,3319.0,2898.0,3622.0,4042.0
2018-02-15,3795.0,3326.0,4158.0,4654.0
2018-02-16,3959.0,3474.0,4342.0,4865.0
2018-02-17,2374.0,2047.0,2559.0,2827.0
2018-02-18,1966.0,1681.0,2101.0,2303.0
2018-02-19,4053.0,3559.0,4448.0,4986.0
2018-02-20,4263.0,3748.0,4685.0,5256.0
2018-02-21,4324.0,3802.0,4753.0,5334.0
2018-02-22,4763.0,4198.0,5247.0,5899.0
2018-02-23,5228.0,4616.0,5770.0,6496.0
2018-02-24,3393.0,2964.0,3706.0,4137.0
2018-02-25,2950.0,2566.0,3208.0,3568.0
2018-02-26,5322.0,4701.0,5876.0,6617.0
2018-02-27,5480.0,4843.0,6053.0,6820.0
2018-02-28,6181.0,5473.0,6842.0,7721.0
2018-03-01,5506.0,4866.0,6083.0,6854.0
2018-03-02,5770.0,5104.0,6380.0,7193.0
2018-03-03,3577.0,3130.0,3913.0,4374.0
2018-03-04,2615.0,2265.0,2831.0,3137.0
2018-03-05,3333.0,2911.0,3639.0,4061.0
2018-03-06,3317.0,2896.0,3620.0,4040.0
2018-03-07,4522.0,3981.0,4976.0,5589.0
2018-03-08,4985.0,4397.0,5497.0,6184.0
2018-03-09,4344.0,3821.0,4776.0,5360.0
2018-03-10,3818.0,3347.0,4184.0,4684.0
2018-03-11,3117.0,2716.0,3395.0,3782.0
2018-03-12,3653.0,3199.0,3998.0,4472.0
2018-03-13,4314.0,3794.0,4742.0,5322.0
2018-03-14,5334.0,4711.0,5889.0,6632.0
2018-03-15,4784.0,4217.0,5271.0,5926.0
2018-03-16,4876.0,4299.0,5374.0,6044.0
2018-03-17,4635.0,4082.0,5103.0,5734.0
2018-03-18,4558.0,4013.0,5017.0,5635.0
2018-03-19,5094.0,4495.0,5619.0,6324.0
2018-03-20,4955.0,4370.0,5463.0,6145.0
2018-03-21,4687.0,4129.0,5162.0,5801.0
2018-03-22,5102.0,4502.0,5628.0,6334.0
2018-03-23,5241.0,4628.0,5785.0,6513.0
2018-03-24,5956.0,5271.0,6589.0,7433.0
2018-03-25,6122.0,5420.0,6776.0,7646.0
2018-03-26,9484.0,8447.0,10559.0,11969.0
2018-03-27,6880.0,6103.0,7628.0,8620.0
2018-03-28,9910.0,8830.0,11037.0,12516.0
2018-03-29,15691.0,14033.0,17541.0,19949.0
2018-03-30,12307.0,10987.0,13734.0,15598.0
2018-03-31,11930.0,10648.0,13310.0,15114.0
2018-04-01,8437.0,7504.0,9380.0,10622.0
2018-04-02,9379.0,8352.0,10440.0,11833.0
2018-04-03,8914.0,7933.0,9917.0,11235.0
2018-04-04,9845.0,8772.0,10965.0,12433.0
2018-04-05,9480.0,8443.0,10554.0,11964.0
2018-04-06,10466.0,9330.0,11663.0,13231.0
2018-04-07,9461.0,8425.0,10532.0,11939.0
2018-04-08,7323.0,6501.0,8127.0,9190.0
2018-04-09,7633.0,6781.0,8476.0,9589.0
2018-04-10,3755.0,3290.0,4113.0,4603.0
2018-04-11,2644.0,2291.0,2864.0,3175.0
2018-04-12,3522.0,3081.0,3851.0,4303.0
2018-04-13,4840.0,4267.0,5333.0,5997.0
2018-04-14,3816.0,3345.0,4182.0,4681.0
2018-04-15,4244.0,3730.0,4663.0,5231.0
2018-04-16,4597.0,4048.0,5060.0,5685.0
2018-04-17,3712.0,3252.0,4065.0,4548.0
2018-04-18,3489.0,3051.0,3814.0,4261.0
2018-04-19,5632.0,4979.0,6224.0,7016.0
2018-04-20,6555.0,5810.0,7263.0,8202.0
2018-04-21,5314.0,4694.0,5867.0,6608.0
2018-04-22,5113.0,4512.0,5640.0,6348.0
2018-04-23,5338.0,4715.0,5894.0,6638.0
2018-04-24,3956.0,3471.0,4339.0,4861.0
2018-04-25,3795.0,3327.0,4158.0,4655.0
2018-04-26,3939.0,3456.0,4320.0,4839.0
2018-04-27,4257.0,3742.0,4678.0,5248.0
2018-04-28,9759.0,8694.0,10868.0,12323.0
2018-04-29,4406.0,3876.0,4846.0,5440.0
2018-04-30,5632.0,4979.0,6224.0,7016.0
2018-05-01,3674.0,3218.0,4022.0,4499.0
2018-05-02,4669.0,4113.0,5141.0,5778.0
2018-05-03,4884.0,4307.0,5383.0,6054.0
2018-05-04,8282.0,7365.0,9206.0,10423.0
2018-05-05,8030.0,7138.0,8922.0,10099.0
2018-05-06,8117.0,7216.0,9020.0,10211.0
2018-05-07,9788.0,8720.0,10900.0,12359.0
2018-05-08,9012.0,8021.0,10027.0,11361.0
2018-05-09,8121.0,7220.0,9025.0,10216.0
2018-05-10,7147.0,6343.0,7929.0,8963.0
2018-05-11,7053.0,6259.0,7824.0,8843.0
2018-05-12,5567.0,4921.0,6151.0,6932.0
2018-05-13,7692.0,6834.0,8542.0,9664.0
2018-05-14,6091.0,5393.0,6741.0,7606.0
2018-05-15,5539.0,4896.0,6120.0,6897.0
2018-05-16,4460.0,3925.0,4906.0,5509.0
2018-05-17,4306.0,3786.0,4733.0,5311.0
2018-05-18,4566.0,4020.0,5026.0,5646.0
2018-05-19,3829.0,3357.0,4196.0,4698.0
2018-05-20,3977.0,3490.0,4363.0,4888.0
2018-05-21,4923.0,4342.0,5427.0,6105.0
2018-05-22,4317.0,3796.0,4746.0,5326.0
2018-05-23,4646.0,4092.0,5115.0,5748.0
2018-05-24,4345.0,3821.0,4777.0,5361.0
2018-05-25,3972.0,3485.0,4357.0,4881.0
2018-05-26,3576.0,3129.0,3911.0,4372.0
2018-05-27,3999.0,3510.0,4388.0,4917.0
2018-05-28,4683.0,4125.0,5157.0,5796.0
2018-05-29,4813.0,4242.0,5303.0,5962.0
2018-05-30,6456.0,5721.0,7152.0,8076.0
2018-05-31,6973.0,6186.0,7733.0,8740.0
2018-06-01,9070.0,8074.0,10092.0,11436.0
2018-06-02,6016.0,5325.0,6657.0,7510.0
2018-06-03,3975.0,3488.0,4361.0,4886.0
2018-06-04,7874.0,6998.0,8747.0,9899.0
2018-06-05,16525.0,14783.0,18479.0,21021.0
2018-06-06,19845.0,17772.0,22215.0,25290.0
2018-06-07,8509.0,7569.0,9461.0,10714.0
2018-06-08,4238.0,3725.0,4656.0,5223.0
2018-06-09,2939.0,2556.0,3195.0,3553.0
2018-06-10,2726.0,2364.0,2955.0,3279.0
2018-06-11,3291.0,2873.0,3591.0,4006.0
2018-06-12,4548.0,4004.0,5005.0,5622.0
2018-06-13,6098.0,5399.0,6749.0,7616.0
2018-06-14,6042.0,5349.0,6686.0,7543.0
2018-06-15,7844.0,6971.0,8714.0,9861.0
2018-06-16,6045.0,5352.0,6690.0,7547.0
2018-06-17,5577.0,4930.0,6162.0,6945.0
2018-06-18,7770.0,6904.0,8630.0,9765.0
2018-06-19,6191.0,5483.0,6854.0,7735.0
2018-06-20,7189.0,6381.0,7976.0,9018.0
2018-06-21,7493.0,6655.0,8318.0,9409.0
2018-06-22,7485.0,6647.0,8309.0,9398.0
2018-06-23,3489.0,3051.0,3814.0,4260.0
2018-06-24,1404.0,1174.0,1468.0,1579.0
2018-06-25,6792.0,6024.0,7530.0,8508.0
2018-06-26,3714.0,3253.0,4066.0,4549.0
2018-06-27,3279.0,2862.0,3578.0,3991.0
2018-06-28,3042.0,2648.0,3310.0,3685.0
2018-06-29,3024.0,2632.0,3290.0,3662.0
2018-06-30,1949.0,1665.0,2081.0,2281.0
2018-07-01,1026.0,834.0,1043.0,1094.0
2018-07-02,3084.0,2686.0,3358.0,3739.0
2018-07-03,2093.0,1794.0,2243.0,2465.0
2018-07-04,2281.0,1964.0,2455.0,2708.0
2018-07-05,3029.0,2637.0,3296.0,3669.0
2018-07-06,2966.0,2580.0,3225.0,3588.0
2018-07-07,1737.0,1474.0,1842.0,2008.0
2018-07-08,936.0,754.0,942.0,979.0
2018-07-09,2249.0,1935.0,2419.0,2667.0
2018-07-10,2477.0,2140.0,2675.0,2959.0
2018-07-11,2067.0,1771.0,2214.0,2432.0
2018-07-12,1744.0,1480.0,1851.0,2017.0
2018-07-13,1615.0,1365.0,1706.0,1852.0
2018-07-14,947.0,763.0,954.0,992.0
2018-07-15,792.0,624.0,780.0,793.0
2018-07-16,1593.0,1344.0,1681.0,1823.0
2018-07-17,1644.0,1390.0,1738.0,1889.0
2018-07-18,2033.0,1740.0,2176.0,2388.0
2018-07-19,1709.0,1449.0,1811.0,1972.0
2018-07-20,2344.0,2021.0,2526.0,2789.0
2018-07-21,3012.0,2622.0,3278.0,3648.0
2018-07-22,879.0,702.0,877.0,905.0
2018-07-23,1760.0,1495.0,1868.0,2037.0
2018-07-24,4474.0,3938.0,4922.0,5528.0
2018-07-25,2355.0,2030.0,2538.0,2802.0
2018-07-26,2116.0,1815.0,2269.0,2495.0
2018-07-27,1804.0,1534.0,1918.0,2094.0
2018-07-28,771.0,605.0,756.0,766.0
2018-07-29,802.0,633.0,791.0,806.0
2018-07-30,1101.0,902.0,1127.0,1190.0
2018-07-31,973.0,786.0,983.0,1026.0
2018-08-01,1019.0,828.0,1035.0,1085.0
2018-08-02,1115.0,914.0,1143.0,1208.0
2018-08-03,1175.0,968.0,1210.0,1285.0
2018-08-04,1201.0,992.0,1240.0,1319.0
2018-08-05,1210.0,1000.0,1250.0,1330.0
2018-08-06,1245.0,1032.0,1290.0,1376.0
2018-08-07,1273.0,1056.0,1320.0,1411.0
2018-08-08,1169.0,963.0,1204.0,1278.0
2018-08-09,1157.0,952.0,1190.0,1262.0
2018-08-10,1185.0,977.0,1222.0,1298.0
2018-08-11,1026.0,834.0,1043.0,1094.0
2018-08-12,4554.0,4009.0,5012.0,5630.0
2018-08-13,2435.0,2102.0,2628.0,2905.0
2018-08-14,1300.0,1080.0,1351.0,1446.0
2018-08-15,1260.0,1044.0,1306.0,1394.0
2018-08-16,1012.0,822.0,1027.0,1076.0
2018-08-17,935.0,752.0,940.0,976.0
2018-08-18,952.0,768.0,960.0,999.0
2018-08-19,893.0,715.0,894.0,923.0
2018-08-20,907.0,727.0,909.0,941.0
2018-08-21,1400.0,1170.0,1463.0,1574.0
2018-08-22,963.0,778.0,972.0,1013.0
2018-08-23,1102.0,903.0,1129.0,1192.0
2018-08-24,1019.0,828.0,1035.0,1085.0
2018-08-25,941.0,757.0,947.0,984.0
2018-08-26,1022.0,831.0,1039.0,1089.0
2018-08-27,829.0,657.0,821.0,841.0
2018-08-28,830.0,658.0,822.0,842.0
2018-08-29,674.0,517.0,646.0,641.0
2018-08-30,663.0,508.0,635.0,628.0
2018-08-31,695.0,536.0,670.0,668.0
2018-09-01,1428.0,1196.0,1495.0,1610.0
2018-09-02,956.0,772.0,965.0,1005.0
2018-09-03,795.0,626.0,783.0,797.0
2018-09-04,852.0,678.0,847.0,870.0
2018-09-05,756.0,591.0,739.0,747.0
2018-09-06,695.0,536.0,670.0,668.0
2018-09-07,673.0,517.0,646.0,640.0
2018-09-08,602.0,453.0,566.0,549.0
2018-09-09,678.0,521.0,651.0,646.0
2018-09-10,811.0,641.0,801.0,818.0
2018-09-11,756.0,591.0,739.0,747.0
2018-09-12,667.0,512.0,640.0,633.0
2018-09-13,722.0,561.0,701.0,704.0
2018-09-14,741.0,578.0,723.0,728.0
2018-09-15,704.0,544.0,680.0,680.0
2018-09-16,649.0,495.0,619.0,609.0
2018-09-17,695.0,536.0,670.0,668.0
2018-09-18,789.0,621.0,776.0,789.0
2018-09-19,732.0,570.0,712.0,716.0
2018-09-20,756.0,592.0,740.0,747.0
2018-09-21,739.0,576.0,720.0,725.0
2018-09-22,597.0,448.0,560.0,542.0
2018-09-23,593.0,445.0,556.0,538.0
2018-09-24,572.0,426.0,532.0,510.0
2018-09-25,632.0,480.0,600.0,587.0
2018-09-26,614.0,463.0,579.0,564.0
2018-09-27,646.0,492.0,615.0,605.0
2018-09-28,633.0,480.0,601.0,589.0
2018-09-29,768.0,602.0,753.0,762.0
2018-09-30,713.0,552.0,691.0,691.0
2018-10-01,658.0,503.0,629.0,621.0
2018-10-02,848.0,674.0,843.0,865.0
2018-10-03,803.0,634.0,793.0,808.0
2018-10-04,708.0,548.0,685.0,685.0
2018-10-05,667.0,511.0,639.0,633.0
2018-10-06,706.0,546.0,683.0,683.0
2018-10-07,720.0,559.0,699.0,701.0
2018-10-08,576.0,430.0,537.0,516.0
2018-10-09,759.0,594.0,742.0,750.0
2018-10-10,648.0,494.0,618.0,609.0
2018-10-11,626.0,474.0,592.0,579.0
2018-10-12,572.0,426.0,532.0,510.0
2018-10-13,623.0,472.0,590.0,576.0
2018-10-14,570.0,424.0,530.0,508.0
2018-10-15,570.0,423.0,529.0,507.0
2018-10-16,780.0,613.0,766.0,777.0
2018-10-17,937.0,754.0,942.0,979.0
2018-10-18,631.0,479.0,599.0,586.0
2018-10-19,641.0,487.0,609.0,599.0
2018-10-20,534.0,391.0,489.0,461.0
2018-10-21,411.0,281.0,351.0,304.0
2018-10-22,420.0,289.0,361.0,314.0
2018-10-23,555.0,410.0,513.0,488.0
2018-10-24,705.0,546.0,682.0,682.0
2018-10-25,559.0,414.0,517.0,493.0
2018-10-26,559.0,414.0,517.0,493.0
2018-10-27,566.0,420.0,526.0,503.0
2018-10-28,486.0,348.0,435.0,400.0
2018-10-29,429.0,297.0,372.0,327.0
2018-10-30,552.0,408.0,510.0,485.0
2018-10-31,539.0,396.0,495.0,468.0
2018-11-01,561.0,416.0,520.0,496.0
2018-11-02,742.0,579.0,723.0,729.0
2018-11-03,593.0,445.0,556.0,538.0
2018-11-04,393.0,264.0,330.0,280.0
2018-11-05,309.0,189.0,237.0,173.0
2018-11-06,458.0,323.0,404.0,364.0
2018-11-07,433.0,300.0,376.0,331.0
2018-11-08,467.0,331.0,414.0,376.0
2018-11-09,432.0,300.0,375.0,331.0
2018-11-10,404.0,274.0,343.0,294.0
2018-11-11,444.0,311.0,388.0,346.0
2018-11-12,394.0,265.0,332.0,281.0
2018-11-13,544.0,400.0,501.0,474.0
2018-11-14,695.0,537.0,671.0,669.0
2018-11-15,424.0,293.0,366.0,320.0
2018-11-16,485.0,348.0,435.0,399.0
2018-11-17,427.0,295.0,369.0,323.0
2018-11-18,376.0,249.0,311.0,258.0
2018-11-19,349.0,225.0,282.0,224.0
2018-11-20,521.0,380.0,475.0,445.0
2018-11-21,666.0,510.0,638.0,631.0
2018-11-22,775.0,608.0,760.0,771.0
2018-11-23,682.0,524.0,656.0,651.0
2018-11-24,295.0,177.0,221.0,155.0
2018-11-25,341.0,218.0,273.0,214.0
2018-11-26,273.0,157.0,196.0,126.0
2018-11-27,314.0,193.0,241.0,178.0
2018-11-28,294.0,176.0,220.0,153.0
2018-11-29,335.0,213.0,266.0,206.0
2018-11-30,336.0,214.0,267.0,207.0
2018-12-01,382.0,255.0,319.0,266.0
2018-12-02,405.0,275.0,344.0,296.0
2018-12-03,286.0,169.0,211.0,143.0
2018-12-04,332.0,210.0,262.0,202.0
2018-12-05,345.0,221.0,277.0,218.0
2018-12-06,317.0,196.0,246.0,183.0
2018-12-07,341.0,218.0,273.0,214.0
2018-12-08,292.0,174.0,218.0,151.0
2018-12-09,304.0,185.0,231.0,166.0
2018-12-10,295.0,177.0,221.0,154.0
2018-12-11,360.0,235.0,294.0,238.0
2018-12-12,646.0,492.0,615.0,605.0
2018-12-13,339.0,216.0,270.0,211.0
2018-12-14,300.0,180.0,226.0,160.0
2018-12-15,256.0,141.0,177.0,104.0
2018-12-16,278.0,161.0,201.0,132.0
2018-12-17,255.0,140.0,175.0,102.0
2018-12-18,263.0,147.0,184.0,113.0
2018-12-19,292.0,173.0,217.0,150.0
2018-12-20,249.0,135.0,169.0,95.0
2018-12-21,251.0,136.0,171.0,97.0
2018-12-22,225.0,113.0,142.0,64.0
2018-12-23,254.0,139.0,174.0,101.0
2018-12-24,249.0,135.0,169.0,95.0
2018-12-25,253.0,139.0,174.0,101.0
2018-12-26,235.0,122.0,153.0,77.0
2018-12-27,226.0,115.0,143.0,66.0
2018-12-28,214.0,103.0,129.0,49.0
2018-12-29,199.0,90.0,113.0,31.0
2018-12-30,212.0,102.0,128.0,48.0
2018-12-31,287.0,169.0,211.0,143.0
2019-01-01,618.0,467.0,584.0,569.0
2019-01-02,8262.0,7347.0,9184.0,10398.0
2019-01-03,12036.0,10743.0,13429.0,15249.0
2019-01-04,12739.0,11376.0,14220.0,16154.0
2019-01-05,10747.0,9583.0,11979.0,13592.0
2019-01-06,3393.0,2965.0,3706.0,4138.0
2019-01-07,749.0,585.0,732.0,738.0
2019-01-08,11235.0,10022.0,12528.0,14220.0
2019-01-09,11133.0,9930.0,12413.0,14088.0
2019-01-10,10934.0,9752.0,12190.0,13833.0
2019-01-11,8049.0,7155.0,8944.0,10123.0
2019-01-12,6481.0,5744.0,7180.0,8108.0
2019-01-13,1891.0,1612.0,2016.0,2206.0
2019-01-14,671.0,515.0,644.0,638.0
2019-01-15,6222.0,5511.0,6889.0,7775.0
2019-01-16,6201.0,5492.0,6865.0,7748.0
2019-01-17,5323.0,4701.0,5877.0,6618.0
2019-01-18,5033.0,4440.0,5551.0,6246.0
2019-01-19,4631.0,4079.0,5099.0,5729.0
2019-01-20,1710.0,1450.0,1813.0,1974.0
2019-01-21,683.0,525.0,657.0,653.0
2019-01-22,5283.0,4666.0,5832.0,6567.0
2019-01-23,6719.0,5958.0,7448.0,8414.0
2019-01-24,6093.0,5395.0,6744.0,7609.0
2019-01-25,4912.0,4332.0,5415.0,6090.0
2019-01-26,5710.0,5050.0,6313.0,7117.0
2019-01-27,2299.0,1980.0,2475.0,2731.0
2019-01-28,572.0,425.0,532.0,510.0
2019-01-29,3816.0,3345.0,4181.0,4681.0
2019-01-30,5049.0,4455.0,5569.0,6267.0
2019-01-31,3826.0,3355.0,4193.0,4695.0
2019-02-01,3429.0,2997.0,3746.0,4184.0
2019-02-02,3970.0,3484.0,4355.0,4879.0
2019-02-03,1704.0,1444.0,1805.0,1965.0
2019-02-04,760.0,595.0,744.0,752.0
2019-02-05,4930.0,4348.0,5435.0,6113.0
2019-02-06,4194.0,3686.0,4607.0,5168.0
2019-02-07,1985.0,1697.0,2122.0,2327.0
2019-02-08,1939.0,1656.0,2070.0,2268.0
2019-02-09,1869.0,1593.0,1991.0,2178.0
2019-02-10,1145.0,942.0,1177.0,1248.0
2019-02-11,810.0,640.0,800.0,816.0
2019-02-12,1672.0,1416.0,1770.0,1925.0
2019-02-13,1893.0,1614.0,2018.0,2208.0
2019-02-14,1662.0,1407.0,1758.0,1912.0
2019-02-15,1692.0,1434.0,1792.0,1950.0
2019-02-16,1942.0,1659.0,2073.0,2272.0
2019-02-17,1340.0,1117.0,1396.0,1498.0
2019-02-18,1089.0,891.0,1114.0,1175.0
2019-02-19,2050.0,1755.0,2194.0,2410.0
2019-02-20,2207.0,1897.0,2372.0,2613.0
2019-02-21,2178.0,1871.0,2339.0,2575.0
2019-02-22,2247.0,1933.0,2417.0,2664.0
2019-02-23,2316.0,1995.0,2494.0,2752.0
2019-02-24,1621.0,1369.0,1712.0,1859.0
2019-02-25,1476.0,1239.0,1549.0,1672.0
2019-02-26,2608.0,2258.0,2822.0,3128.0
2019-02-27,2401.0,2071.0,2589.0,2861.0
2019-02-28,2740.0,2377.0,2971.0,3298.0
2019-03-01,2427.0,2095.0,2619.0,2895.0
2019-03-02,2620.0,2269.0,2836.0,3143.0
2019-03-03,1672.0,1415.0,1769.0,1924.0
2019-03-04,1179.0,972.0,1215.0,1291.0
2019-03-05,1480.0,1243.0,1554.0,1678.0
2019-03-06,1489.0,1251.0,1564.0,1689.0
2019-03-07,2139.0,1836.0,2295.0,2525.0
2019-03-08,2443.0,2109.0,2637.0,2915.0
2019-03-09,2020.0,1729.0,2161.0,2372.0
2019-03-10,2268.0,1952.0,2440.0,2691.0
2019-03-11,1463.0,1227.0,1534.0,1655.0
2019-03-12,1554.0,1309.0,1637.0,1773.0
2019-03-13,1809.0,1539.0,1923.0,2100.0
2019-03-14,2716.0,2355.0,2944.0,3266.0
2019-03-15,2102.0,1803.0,2254.0,2478.0
2019-03-16,2128.0,1826.0,2283.0,2511.0
2019-03-17,2232.0,1920.0,2400.0,2645.0
2019-03-18,2017.0,1726.0,2158.0,2368.0
2019-03-19,2180.0,1872.0,2341.0,2577.0
2019-03-20,2398.0,2069.0,2586.0,2857.0
2019-03-21,1971.0,1685.0,2106.0,2309.0
2019-03-22,2062.0,1766.0,2208.0,2426.0
2019-03-23,1959.0,1674.0,2093.0,2294.0
2019-03-24,2288.0,1970.0,2463.0,2717.0
2019-03-25,1924.0,1642.0,2053.0,2248.0
2019-03-26,2554.0,2210.0,2762.0,3059.0
2019-03-27,2605.0,2256.0,2820.0,3125.0
2019-03-28,3813.0,3343.0,4179.0,4678.0
2019-03-29,6871.0,6095.0,7619.0,8609.0
2019-03-30,5319.0,4698.0,5873.0,6614.0
2019-03-31,4464.0,3928.0,4910.0,5514.0
2019-04-01,2926.0,2544.0,3180.0,3537.0
2019-04-02,3110.0,2710.0,3387.0,3773.0
2019-04-03,2864.0,2489.0,3111.0,3457.0
2019-04-04,3075.0,2679.0,3348.0,3729.0
2019-04-05,2957.0,2572.0,3215.0,3576.0
2019-04-06,3276.0,2859.0,3574.0,3987.0
2019-04-07,3231.0,2819.0,3524.0,3929.0
2019-04-08,2323.0,2002.0,2502.0,2762.0
2019-04-09,2158.0,1853.0,2317.0,2550.0
2019-04-10,1512.0,1272.0,1590.0,1719.0
2019-04-11,1354.0,1129.0,1412.0,1515.0
2019-04-12,1764.0,1498.0,1873.0,2043.0
2019-04-13,1980.0,1693.0,2116.0,2321.0
2019-04-14,1919.0,1638.0,2047.0,2242.0
2019-04-15,2112.0,1812.0,2265.0,2491.0
2019-04-16,2162.0,1857.0,2321.0,2555.0
2019-04-17,2029.0,1737.0,2171.0,2383.0
2019-04-18,2148.0,1844.0,2305.0,2537.0
2019-04-19,3009.0,2619.0,3274.0,3644.0
2019-04-20,3466.0,3030.0,3788.0,4231.0
2019-04-21,2860.0,2485.0,3106.0,3452.0
2019-04-22,2618.0,2267.0,2834.0,3141.0
2019-04-23,3157.0,2752.0,3440.0,3834.0
2019-04-24,2043.0,1750.0,2187.0,2402.0
2019-04-25,1701.0,1442.0,1803.0,1962.0
2019-04-26,1564.0,1319.0,1649.0,1786.0
2019-04-27,1701.0,1442.0,1803.0,1962.0
2019-04-28,4201.0,3691.0,4614.0,5176.0
2019-04-29,1632.0,1379.0,1724.0,1873.0
2019-04-30,2388.0,2060.0,2576.0,2846.0
2019-05-01,1573.0,1327.0,1659.0,1798.0
2019-05-02,2116.0,1815.0,2269.0,2495.0
2019-05-03,1941.0,1658.0,2073.0,2271.0
2019-05-04,2338.0,2015.0,2518.0,2780.0
2019-05-05,2133.0,1830.0,2288.0,2517.0
2019-05-06,2674.0,2318.0,2897.0,3213.0
2019-05-07,2936.0,2553.0,3192.0,3550.0
2019-05-08,2760.0,2395.0,2994.0,3324.0
2019-05-09,2563.0,2218.0,2772.0,3071.0
2019-05-10,2566.0,2220.0,2775.0,3074.0
2019-05-11,2179.0,1872.0,2340.0,2576.0
2019-05-12,1857.0,1582.0,1978.0,2162.0
2019-05-13,2942.0,2559.0,3198.0,3557.0
2019-05-14,1958.0,1673.0,2092.0,2293.0
2019-05-15,1729.0,1467.0,1834.0,1998.0
2019-05-16,1717.0,1456.0,1820.0,1982.0
2019-05-17,1873.0,1597.0,1996.0,2184.0
2019-05-18,1937.0,1654.0,2068.0,2265.0
2019-05-19,1623.0,1372.0,1715.0,1862.0
2019-05-20,1654.0,1399.0,1749.0,1901.0
2019-05-21,1938.0,1655.0,2069.0,2266.0
2019-05-22,1780.0,1513.0,1891.0,2064.0
2019-05-23,1961.0,1676.0,2095.0,2297.0
2019-05-24,1865.0,1590.0,1987.0,2173.0
2019-05-25,1737.0,1474.0,1842.0,2008.0
2019-05-26,1650.0,1396.0,1745.0,1897.0
2019-05-27,1647.0,1393.0,1741.0,1892.0
2019-05-28,1986.0,1698.0,2123.0,2329.0
2019-05-29,2047.0,1753.0,2191.0,2406.0
2019-05-30,2747.0,2383.0,2979.0,3307.0
2019-05-31,3332.0,2910.0,3637.0,4059.0
2019-06-01,3007.0,2617.0,3271.0,3640.0
2019-06-02,2704.0,2345.0,2931.0,3252.0
2019-06-03,1900.0,1621.0,2027.0,2218.0
2019-06-04,2456.0,2121.0,2652.0,2933.0
2019-06-05,4054.0,3559.0,4449.0,4987.0
2019-06-06,4563.0,4017.0,5022.0,5641.0
2019-06-07,2718.0,2357.0,2946.0,3269.0
2019-06-08,1938.0,1655.0,2069.0,2266.0
2019-06-09,1546.0,1302.0,1628.0,1763.0
2019-06-10,1536.0,1293.0,1616.0,1749.0
2019-06-11,1617.0,1366.0,1708.0,1854.0
2019-06-12,2056.0,1761.0,2202.0,2419.0
2019-06-13,2619.0,2268.0,2835.0,3142.0
2019-06-14,2537.0,2194.0,2743.0,3037.0
2019-06-15,2792.0,2424.0,3030.0,3365.0
2019-06-16,1891.0,1613.0,2016.0,2206.0
2019-06-17,1650.0,1396.0,1745.0,1896.0
2019-06-18,2546.0,2203.0,2753.0,3049.0
2019-06-19,2795.0,2426.0,3033.0,3368.0
2019-06-20,2863.0,2488.0,3110.0,3456.0
2019-06-21,2667.0,2311.0,2889.0,3204.0
2019-06-22,2376.0,2050.0,2562.0,2830.0
2019-06-23,1491.0,1253.0,1566.0,1692.0
2019-06-24,854.0,679.0,849.0,872.0
2019-06-25,5846.0,5172.0,6465.0,7291.0
2019-06-26,2277.0,1960.0,2450.0,2702.0
2019-06-27,1863.0,1587.0,1984.0,2170.0
2019-06-28,2112.0,1811.0,2264.0,2490.0
2019-06-29,2040.0,1747.0,2184.0,2398.0
2019-06-30,1385.0,1158.0,1447.0,1556.0
2019-07-01,488.0,350.0,437.0,402.0
2019-07-02,1430.0,1198.0,1498.0,1614.0
2019-07-03,1349.0,1125.0,1406.0,1509.0
2019-07-04,1438.0,1205.0,1506.0,1624.0
2019-07-05,2096.0,1797.0,2246.0,2469.0
2019-07-06,1742.0,1478.0,1848.0,2014.0
2019-07-07,1285.0,1068.0,1335.0,1427.0
2019-07-08,464.0,328.0,411.0,371.0
2019-07-09,1108.0,908.0,1135.0,1200.0
2019-07-10,1181.0,974.0,1218.0,1294.0
2019-07-11,1028.0,836.0,1045.0,1096.0
2019-07-12,946.0,762.0,953.0,991.0
2019-07-13,870.0,694.0,868.0,894.0
2019-07-14,436.0,303.0,379.0,335.0
2019-07-15,441.0,308.0,385.0,342.0
2019-07-16,815.0,644.0,805.0,822.0
2019-07-17,856.0,681.0,851.0,875.0
2019-07-18,1006.0,817.0,1021.0,1069.0
2019-07-19,839.0,666.0,832.0,853.0
2019-07-20,1505.0,1265.0,1582.0,1710.0
2019-07-21,2547.0,2204.0,2755.0,3050.0
2019-07-22,429.0,297.0,372.0,327.0
2019-07-23,888.0,710.0,888.0,916.0
2019-07-24,3409.0,2979.0,3723.0,4157.0
2019-07-25,1146.0,942.0,1178.0,1248.0
2019-07-26,1009.0,819.0,1024.0,1072.0
2019-07-27,857.0,682.0,853.0,877.0
2019-07-28,386.0,259.0,323.0,272.0
2019-07-29,364.0,239.0,298.0,243.0
2019-07-30,505.0,365.0,457.0,424.0
2019-07-31,471.0,335.0,419.0,381.0
2019-08-01,568.0,422.0,527.0,505.0
2019-08-02,577.0,431.0,538.0,517.0
2019-08-03,697.0,538.0,673.0,671.0
2019-08-04,800.0,631.0,789.0,804.0
2019-08-05,814.0,643.0,804.0,821.0
2019-08-06,876.0,699.0,874.0,901.0
2019-08-07,913.0,733.0,916.0,949.0
2019-08-08,977.0,790.0,988.0,1031.0
2019-08-09,911.0,730.0,913.0,946.0
2019-08-10,861.0,685.0,857.0,881.0
2019-08-11,807.0,637.0,797.0,812.0
2019-08-12,1408.0,1178.0,1473.0,1586.0
2019-08-13,1108.0,908.0,1136.0,1200.0
2019-08-14,1053.0,859.0,1073.0,1129.0
2019-08-15,1064.0,869.0,1086.0,1143.0
2019-08-16,872.0,696.0,870.0,897.0
2019-08-17,730.0,568.0,710.0,714.0
2019-08-18,706.0,546.0,683.0,682.0
2019-08-19,737.0,574.0,718.0,723.0
2019-08-20,749.0,585.0,731.0,738.0
2019-08-21,1025.0,834.0,1042.0,1093.0
2019-08-22,815.0,644.0,806.0,823.0
2019-08-23,952.0,768.0,960.0,999.0
2019-08-24,797.0,629.0,786.0,800.0
2019-08-25,756.0,591.0,739.0,747.0
2019-08-26,832.0,659.0,824.0,844.0
2019-08-27,760.0,595.0,744.0,752.0
2019-08-28,764.0,599.0,748.0,757.0
2019-08-29,636.0,483.0,604.0,593.0
2019-08-30,616.0,466.0,582.0,567.0
2019-08-31,588.0,440.0,550.0,530.0
2019-09-01,1355.0,1130.0,1413.0,1517.0
2019-09-02,904.0,725.0,906.0,937.0
2019-09-03,782.0,615.0,769.0,780.0
2019-09-04,828.0,656.0,821.0,840.0
2019-09-05,777.0,610.0,763.0,774.0
2019-09-06,706.0,546.0,682.0,682.0
2019-09-07,619.0,468.0,585.0,571.0
2019-09-08,576.0,429.0,537.0,516.0
2019-09-09,722.0,561.0,701.0,703.0
2019-09-10,822.0,651.0,813.0,832.0
2019-09-11,802.0,633.0,791.0,806.0
2019-09-12,724.0,563.0,704.0,706.0
2019-09-13,765.0,599.0,749.0,759.0
2019-09-14,697.0,538.0,672.0,670.0
2019-09-15,696.0,537.0,671.0,669.0
2019-09-16,712.0,552.0,690.0,691.0
2019-09-17,732.0,569.0,712.0,715.0
2019-09-18,791.0,623.0,779.0,792.0
2019-09-19,755.0,590.0,738.0,745.0
2019-09-20,775.0,609.0,761.0,772.0
2019-09-21,687.0,529.0,661.0,658.0
2019-09-22,598.0,449.0,561.0,543.0
2019-09-23,669.0,513.0,641.0,635.0
2019-09-24,636.0,483.0,604.0,592.0
2019-09-25,714.0,554.0,692.0,693.0
2019-09-26,695.0,537.0,671.0,669.0
2019-09-27,698.0,539.0,674.0,672.0
2019-09-28,620.0,469.0,587.0,572.0
2019-09-29,773.0,606.0,758.0,768.0
2019-09-30,745.0,581.0,727.0,732.0
2019-10-01,704.0,544.0,680.0,679.0
2019-10-02,891.0,713.0,891.0,921.0
2019-10-03,773.0,607.0,759.0,769.0
2019-10-04,737.0,574.0,717.0,722.0
2019-10-05,640.0,487.0,609.0,598.0
2019-10-06,704.0,544.0,681.0,680.0
2019-10-07,691.0,533.0,666.0,664.0
2019-10-08,630.0,478.0,597.0,585.0
2019-10-09,824.0,653.0,816.0,835.0
2019-10-10,704.0,545.0,681.0,681.0
2019-10-11,686.0,528.0,661.0,657.0
2019-10-12,557.0,412.0,515.0,491.0
2019-10-13,625.0,473.0,592.0,578.0
2019-10-14,625.0,474.0,592.0,579.0
2019-10-15,613.0,462.0,578.0,562.0
2019-10-16,849.0,675.0,844.0,866.0
2019-10-17,994.0,806.0,1007.0,1053.0
2019-10-18,680.0,523.0,653.0,649.0
2019-10-19,622.0,471.0,589.0,575.0
2019-10-20,536.0,393.0,491.0,463.0
2019-10-21,468.0,332.0,415.0,376.0
2019-10-22,453.0,319.0,398.0,357.0
2019-10-23,592.0,444.0,555.0,536.0
2019-10-24,742.0,578.0,723.0,728.0
2019-10-25,565.0,420.0,525.0,502.0
2019-10-26,501.0,362.0,452.0,419.0
2019-10-27,555.0,410.0,513.0,488.0
2019-10-28,490.0,352.0,440.0,405.0
2019-10-29,473.0,337.0,421.0,384.0
2019-10-30,593.0,445.0,556.0,538.0
2019-10-31,575.0,429.0,536.0,515.0
2019-11-01,548.0,404.0,505.0,479.0
2019-11-02,712.0,552.0,690.0,691.0
2019-11-03,586.0,438.0,547.0,528.0
2019-11-04,371.0,245.0,306.0,252.0
2019-11-05,342.0,219.0,274.0,215.0
2019-11-06,453.0,318.0,398.0,357.0
2019-11-07,418.0,287.0,359.0,312.0
2019-11-08,424.0,292.0,366.0,320.0
2019-11-09,326.0,205.0,256.0,194.0
2019-11-10,360.0,235.0,294.0,238.0
2019-11-11,345.0,221.0,277.0,218.0
2019-11-12,352.0,228.0,285.0,227.0
2019-11-13,489.0,351.0,439.0,404.0
2019-11-14,656.0,501.0,626.0,618.0
2019-11-15,420.0,289.0,362.0,315.0
2019-11-16,422.0,291.0,364.0,318.0
2019-11-17,411.0,281.0,351.0,303.0
2019-11-18,403.0,273.0,342.0,293.0
2019-11-19,407.0,277.0,346.0,298.0
2019-11-20,544.0,401.0,501.0,475.0
2019-11-21,693.0,535.0,668.0,666.0
2019-11-22,785.0,617.0,772.0,784.0
2019-11-23,635.0,483.0,603.0,592.0
2019-11-24,289.0,171.0,214.0,146.0
2019-11-25,343.0,220.0,275.0,216.0
2019-11-26,337.0,214.0,268.0,208.0
2019-11-27,377.0,251.0,313.0,260.0
2019-11-28,355.0,230.0,288.0,231.0
2019-11-29,386.0,259.0,323.0,272.0
2019-11-30,312.0,192.0,240.0,176.0
2019-12-01,392.0,264.0,330.0,279.0
2019-12-02,445.0,312.0,390.0,348.0
2019-12-03,340.0,217.0,271.0,212.0
2019-12-04,394.0,266.0,332.0,282.0
2019-12-05,408.0,278.0,347.0,299.0
2019-12-06,363.0,238.0,297.0,242.0
2019-12-07,316.0,195.0,244.0,181.0
2019-12-08,289.0,171.0,214.0,147.0
2019-12-09,356.0,231.0,289.0,233.0
2019-12-10,345.0,222.0,277.0,219.0
2019-12-11,415.0,284.0,355.0,308.0
2019-12-12,707.0,547.0,684.0,684.0
2019-12-13,392.0,264.0,330.0,279.0
2019-12-14,270.0,153.0,192.0,121.0
2019-12-15,261.0,146.0,182.0,110.0
2019-12-16,336.0,213.0,267.0,207.0
2019-12-17,327.0,205.0,257.0,195.0
2019-12-18,367.0,241.0,301.0,247.0
2019-12-19,400.0,270.0,338.0,289.0
2019-12-20,363.0,237.0,297.0,241.0
2019-12-21,255.0,141.0,176.0,103.0
2019-12-22,262.0,146.0,183.0,111.0
2019-12-23,393.0,264.0,330.0,280.0
2019-12-24,392.0,264.0,330.0,279.0
2019-12-25,287.0,169.0,212.0,144.0
2019-12-26,261.0,145.0,182.0,110.0
2019-12-27,315.0,195.0,243.0,180.0
2019-12-28,219.0,108.0,135.0,56.0
2019-12-29,218.0,107.0,134.0,55.0
2019-12-30,303.0,184.0,230.0,165.0
2019-12-31,374.0,248.0,310.0,256.0
2020-01-01,337.0,269.0,398.0,287.0
2020-01-02,307.0,245.0,371.0,252.0
2020-01-03,252.0,201.0,323.0,190.0
2020-01-04,312.0,249.0,376.0,258.0
2020-01-05,569.0,455.0,605.0,552.0
2020-01-06,713.0,570.0,733.0,717.0
2020-01-07,695.0,556.0,717.0,696.0
2020-01-08,731.0,584.0,748.0,737.0
2020-01-09,754.0,603.0,769.0,763.0
2020-01-10,687.0,549.0,709.0,687.0
2020-01-11,514.0,411.0,556.0,490.0
2020-01-12,607.0,486.0,639.0,596.0
2020-01-13,613.0,490.0,643.0,602.0
2020-01-14,644.0,515.0,671.0,638.0
2020-01-15,680.0,544.0,703.0,679.0
2020-01-16,698.0,559.0,720.0,700.0
2020-01-17,709.0,567.0,729.0,712.0
2020-01-18,449.0,359.0,498.0,416.0
2020-01-19,576.0,461.0,611.0,560.0
2020-01-20,652.0,521.0,678.0,647.0
2020-01-21,812.0,650.0,821.0,830.0
2020-01-22,912.0,730.0,910.0,945.0
2020-01-23,859.0,687.0,863.0,884.0
2020-01-24,759.0,607.0,773.0,769.0
2020-01-25,777.0,621.0,789.0,790.0
2020-01-26,563.0,450.0,599.0,545.0
2020-01-27,722.0,577.0,741.0,727.0
2020-01-28,663.0,530.0,688.0,660.0
2020-01-29,713.0,571.0,733.0,717.0
2020-01-30,769.0,615.0,783.0,781.0
2020-01-31,894.0,715.0,894.0,924.0
2020-02-01,701.0,561.0,722.0,704.0
2020-02-02,771.0,617.0,784.0,783.0
2020-02-03,774.0,619.0,787.0,786.0
2020-02-04,564.0,451.0,600.0,546.0
2020-02-05,584.0,467.0,618.0,569.0
2020-02-06,1147.0,917.0,1118.0,1213.0
2020-02-07,1011.0,809.0,998.0,1058.0
2020-02-08,760.0,608.0,774.0,770.0
2020-02-09,697.0,558.0,719.0,699.0
2020-02-10,688.0,550.0,710.0,688.0
2020-02-11,552.0,441.0,589.0,532.0
2020-02-12,631.0,504.0,660.0,623.0
2020-02-13,754.0,603.0,769.0,763.0
2020-02-14,854.0,683.0,858.0,879.0
2020-02-15,765.0,612.0,779.0,776.0
2020-02-16,753.0,603.0,769.0,763.0
2020-02-17,845.0,676.0,850.0,868.0
2020-02-18,858.0,687.0,862.0,883.0
2020-02-19,951.0,760.0,944.0,988.0
2020-02-20,954.0,763.0,947.0,992.0
2020-02-21,1170.0,936.0,1139.0,1239.0
2020-02-22,848.0,678.0,853.0,871.0
2020-02-23,846.0,676.0,851.0,868.0
2020-02-24,983.0,786.0,972.0,1025.0
2020-02-25,1181.0,945.0,1149.0,1252.0
2020-02-26,1376.0,1101.0,1322.0,1475.0
2020-02-27,1437.0,1150.0,1377.0,1545.0
2020-02-28,1532.0,1226.0,1461.0,1653.0
2020-02-29,75.0,60.0,165.0,-13.0
2020-03-01,1120.0,896.0,1094.0,1182.0
2020-03-02,1210.0,968.0,1175.0,1285.0
2020-03-03,1111.0,889.0,1086.0,1172.0
2020-03-04,1109.0,887.0,1085.0,1170.0
2020-03-05,1203.0,962.0,1168.0,1277.0
2020-03-06,1098.0,878.0,1075.0,1156.0
2020-03-07,1075.0,860.0,1054.0,1131.0
2020-03-08,1082.0,865.0,1061.0,1139.0
2020-03-09,1018.0,815.0,1004.0,1066.0
2020-03-10,1056.0,845.0,1037.0,1109.0
2020-03-11,959.0,767.0,952.0,998.0
2020-03-12,1084.0,867.0,1062.0,1141.0
2020-03-13,1141.0,913.0,1113.0,1206.0
2020-03-14,995.0,796.0,983.0,1039.0
2020-03-15,973.0,778.0,964.0,1014.0
2020-03-16,1076.0,861.0,1056.0,1132.0
2020-03-17,1032.0,826.0,1016.0,1082.0
2020-03-18,1064.0,851.0,1044.0,1118.0
2020-03-19,1138.0,910.0,1110.0,1202.0
2020-03-20,1162.0,929.0,1132.0,1230.0
2020-03-21,978.0,782.0,968.0,1020.0
2020-03-22,1113.0,890.0,1088.0,1174.0
2020-03-23,1143.0,914.0,1115.0,1208.0
2020-03-24,1103.0,882.0,1080.0,1163.0
2020-03-25,1077.0,862.0,1056.0,1133.0
2020-03-26,1139.0,911.0,1112.0,1204.0
2020-03-27,1193.0,954.0,1160.0,1266.0
2020-03-28,967.0,773.0,958.0,1007.0
2020-03-29,972.0,778.0,963.0,1013.0
2020-03-30,1668.0,1335.0,1582.0,1809.0
2020-03-31,973.0,778.0,964.0,1014.0
2020-04-01,878.0,702.0,879.0,905.0
2020-04-02,968.0,774.0,960.0,1009.0
2020-04-03,821.0,657.0,829.0,840.0
2020-04-04,803.0,642.0,813.0,820.0
2020-04-05,868.0,694.0,871.0,894.0
2020-04-06,998.0,798.0,986.0,1042.0
2020-04-07,877.0,702.0,879.0,905.0
2020-04-08,912.0,729.0,909.0,944.0
2020-04-09,921.0,736.0,917.0,954.0
2020-04-10,817.0,654.0,826.0,836.0
2020-04-11,731.0,584.0,748.0,737.0
2020-04-12,718.0,574.0,737.0,722.0
2020-04-13,793.0,634.0,803.0,808.0
2020-04-14,860.0,688.0,864.0,885.0
2020-04-15,970.0,776.0,961.0,1011.0
2020-04-16,1054.0,843.0,1036.0,1107.0
2020-04-17,1195.0,956.0,1161.0,1268.0
2020-04-18,1002.0,801.0,989.0,1047.0
2020-04-19,1030.0,824.0,1015.0,1080.0
2020-04-20,1092.0,874.0,1070.0,1150.0
2020-04-21,1035.0,828.0,1019.0,1085.0
2020-04-22,1082.0,865.0,1061.0,1138.0
2020-04-23,1721.0,1377.0,1629.0,1869.0
2020-04-24,908.0,727.0,906.0,940.0
2020-04-25,541.0,433.0,580.0,521.0
2020-04-26,520.0,416.0,561.0,497.0
2020-04-27,765.0,612.0,779.0,776.0
2020-04-28,779.0,623.0,791.0,792.0
2020-04-29,781.0,625.0,793.0,795.0
2020-04-30,1218.0,974.0,1181.0,1294.0
2020-05-01,740.0,592.0,757.0,748.0
2020-05-02,598.0,478.0,631.0,586.0
2020-05-03,492.0,393.0,536.0,464.0
2020-05-04,729.0,583.0,747.0,735.0
2020-05-05,656.0,525.0,682.0,652.0
2020-05-06,678.0,542.0,702.0,677.0
2020-05-07,685.0,548.0,707.0,684.0
2020-05-08,631.0,505.0,660.0,624.0
2020-05-09,507.0,406.0,550.0,482.0
2020-05-10,964.0,771.0,956.0,1004.0
2020-05-11,853.0,683.0,858.0,877.0
2020-05-12,861.0,689.0,865.0,887.0
2020-05-13,1682.0,1346.0,1594.0,1825.0
2020-05-14,1381.0,1105.0,1326.0,1480.0
2020-05-15,928.0,742.0,924.0,962.0
2020-05-16,734.0,587.0,751.0,740.0
2020-05-17,668.0,534.0,693.0,665.0
2020-05-18,805.0,644.0,814.0,822.0
2020-05-19,626.0,501.0,655.0,617.0
2020-05-20,635.0,508.0,664.0,628.0
2020-05-21,667.0,533.0,691.0,664.0
2020-05-22,665.0,532.0,690.0,662.0
2020-05-23,585.0,468.0,619.0,571.0
2020-05-24,625.0,500.0,654.0,616.0
2020-05-25,748.0,599.0,764.0,757.0
2020-05-26,691.0,553.0,713.0,692.0
2020-05-27,734.0,587.0,751.0,741.0
2020-05-28,858.0,686.0,862.0,883.0
2020-05-29,975.0,780.0,966.0,1017.0
2020-05-30,861.0,689.0,865.0,886.0
2020-05-31,914.0,731.0,912.0,947.0
2020-06-01,236.0,188.0,308.0,171.0
2020-06-02,303.0,243.0,369.0,249.0
2020-06-03,368.0,294.0,426.0,322.0
2020-06-04,401.0,321.0,456.0,361.0
2020-06-05,416.0,333.0,469.0,378.0
2020-06-06,261.0,209.0,331.0,200.0
2020-06-07,258.0,206.0,328.0,197.0
2020-06-08,388.0,310.0,444.0,345.0
2020-06-09,356.0,284.0,415.0,309.0
2020-06-10,373.0,298.0,430.0,328.0
2020-06-11,355.0,284.0,415.0,308.0
2020-06-12,340.0,272.0,401.0,290.0
2020-06-13,254.0,203.0,325.0,192.0
2020-06-14,240.0,192.0,313.0,177.0
2020-06-15,354.0,283.0,414.0,307.0
2020-06-16,327.0,261.0,390.0,276.0
2020-06-17,347.0,278.0,407.0,299.0
2020-06-18,358.0,286.0,417.0,311.0
2020-06-19,353.0,282.0,413.0,305.0
2020-06-20,255.0,204.0,326.0,194.0
2020-06-21,241.0,193.0,313.0,177.0
2020-06-22,336.0,269.0,398.0,286.0
2020-06-23,299.0,239.0,364.0,243.0
2020-06-24,327.0,262.0,390.0,276.0
2020-06-25,336.0,268.0,397.0,286.0
2020-06-26,328.0,262.0,390.0,276.0
2020-06-27,236.0,189.0,309.0,172.0
2020-06-28,228.0,182.0,301.0,162.0
2020-06-29,321.0,257.0,384.0,269.0
2020-06-30,314.0,251.0,378.0,261.0
2020-07-01,347.0,277.0,407.0,298.0
2020-07-02,333.0,267.0,395.0,283.0
2020-07-03,324.0,259.0,387.0,272.0
2020-07-04,224.0,179.0,298.0,158.0
2020-07-05,223.0,179.0,297.0,157.0
2020-07-06,317.0,254.0,381.0,265.0
2020-07-07,303.0,242.0,368.0,248.0
2020-07-08,337.0,269.0,398.0,287.0
2020-07-09,329.0,263.0,391.0,278.0
2020-07-10,345.0,276.0,406.0,297.0
2020-07-11,256.0,204.0,326.0,194.0
2020-07-12,242.0,194.0,314.0,179.0
2020-07-13,345.0,276.0,406.0,297.0
2020-07-14,320.0,256.0,383.0,268.0
2020-07-15,364.0,291.0,422.0,318.0
2020-07-16,381.0,304.0,437.0,337.0
2020-07-17,382.0,306.0,439.0,339.0
2020-07-18,265.0,212.0,335.0,205.0
2020-07-19,244.0,195.0,316.0,181.0
2020-07-20,353.0,283.0,413.0,306.0
2020-07-21,325.0,260.0,387.0,273.0
2020-07-22,360.0,288.0,419.0,313.0
2020-07-23,364.0,291.0,423.0,318.0
2020-07-24,365.0,292.0,423.0,319.0
2020-07-25,276.0,221.0,345.0,218.0
2020-07-26,266.0,213.0,335.0,206.0
2020-07-27,372.0,298.0,430.0,328.0
2020-07-28,343.0,274.0,404.0,294.0
2020-07-29,360.0,288.0,419.0,313.0
2020-07-30,332.0,266.0,394.0,282.0
2020-07-31,337.0,269.0,398.0,287.0
2020-08-01,243.0,194.0,315.0,179.0
2020-08-02,229.0,183.0,302.0,164.0
2020-08-03,335.0,268.0,397.0,285.0
2020-08-04,316.0,253.0,380.0,263.0
2020-08-05,333.0,267.0,395.0,283.0
2020-08-06,328.0,262.0,390.0,277.0
2020-08-07,313.0,250.0,377.0,260.0
2020-08-08,245.0,196.0,317.0,182.0
2020-08-09,232.0,186.0,305.0,167.0
2020-08-10,351.0,281.0,411.0,303.0
2020-08-11,328.0,262.0,390.0,277.0
2020-08-12,299.0,239.0,365.0,244.0
2020-08-13,308.0,246.0,372.0,254.0
2020-08-14,309.0,247.0,373.0,255.0
2020-08-15,248.0,198.0,319.0,186.0
2020-08-16,228.0,183.0,302.0,163.0
2020-08-17,350.0,280.0,410.0,302.0
2020-08-18,323.0,259.0,386.0,272.0
2020-08-19,372.0,297.0,429.0,327.0
2020-08-20,346.0,277.0,407.0,298.0
2020-08-21,382.0,306.0,439.0,339.0
2020-08-22,279.0,223.0,347.0,221.0
2020-08-23,268.0,214.0,337.0,208.0
2020-08-24,353.0,282.0,412.0,305.0
2020-08-25,340.0,272.0,401.0,291.0
2020-08-26,370.0,296.0,428.0,325.0
2020-08-27,369.0,295.0,427.0,324.0
2020-08-28,404.0,323.0,458.0,363.0
2020-08-29,300.0,240.0,365.0,245.0
2020-08-30,242.0,194.0,314.0,179.0
2020-08-31,372.0,297.0,430.0,327.0
2020-09-01,349.0,279.0,409.0,301.0
2020-09-02,358.0,286.0,417.0,311.0
2020-09-03,364.0,291.0,422.0,318.0
2020-09-04,379.0,303.0,436.0,336.0
2020-09-05,270.0,216.0,339.0,210.0
2020-09-06,248.0,198.0,319.0,185.0
2020-09-07,397.0,317.0,451.0,355.0
2020-09-08,356.0,284.0,415.0,308.0
2020-09-09,367.0,293.0,425.0,321.0
2020-09-10,349.0,279.0,409.0,301.0
2020-09-11,407.0,325.0,460.0,367.0
2020-09-12,343.0,274.0,404.0,294.0
2020-09-13,301.0,241.0,366.0,246.0
2020-09-14,423.0,339.0,475.0,386.0
2020-09-15,383.0,307.0,440.0,340.0
2020-09-16,421.0,337.0,473.0,383.0
2020-09-17,348.0,278.0,408.0,300.0
2020-09-18,369.0,295.0,427.0,323.0
2020-09-19,283.0,226.0,350.0,225.0
2020-09-20,243.0,194.0,315.0,180.0
2020-09-21,362.0,289.0,420.0,315.0
2020-09-22,323.0,258.0,386.0,271.0
2020-09-23,361.0,289.0,420.0,314.0
2020-09-24,360.0,288.0,419.0,313.0
2020-09-25,384.0,307.0,440.0,340.0
2020-09-26,168.0,135.0,249.0,95.0
2020-09-27,209.0,167.0,285.0,141.0
2020-09-28,335.0,268.0,397.0,285.0
2020-09-29,334.0,267.0,396.0,284.0
2020-09-30,334.0,267.0,396.0,284.0
2020-10-01,354.0,283.0,414.0,307.0
2020-10-02,329.0,263.0,391.0,278.0
2020-10-03,262.0,209.0,332.0,201.0
2020-10-04,229.0,183.0,302.0,163.0
2020-10-05,345.0,276.0,406.0,296.0
2020-10-06,314.0,251.0,378.0,261.0
2020-10-07,327.0,261.0,389.0,275.0
2020-10-08,332.0,265.0,394.0,281.0
2020-10-09,317.0,253.0,381.0,264.0
2020-10-10,230.0,184.0,304.0,165.0
2020-10-11,219.0,175.0,293.0,152.0
2020-10-12,343.0,274.0,403.0,294.0
2020-10-13,294.0,235.0,360.0,238.0
2020-10-14,270.0,216.0,339.0,210.0
2020-10-15,294.0,235.0,360.0,238.0
2020-10-16,323.0,258.0,386.0,271.0
2020-10-17,221.0,177.0,296.0,155.0
2020-10-18,209.0,167.0,285.0,141.0
2020-10-19,293.0,235.0,360.0,237.0
2020-10-20,283.0,226.0,350.0,225.0
2020-10-21,299.0,239.0,365.0,244.0
2020-10-22,295.0,236.0,361.0,239.0
2020-10-23,298.0,238.0,363.0,242.0
2020-10-24,211.0,169.0,287.0,143.0
2020-10-25,208.0,166.0,284.0,140.0
2020-10-26,342.0,274.0,403.0,293.0
2020-10-27,292.0,234.0,359.0,236.0
2020-10-28,324.0,259.0,387.0,272.0
2020-10-29,297.0,238.0,363.0,242.0
2020-10-30,326.0,260.0,388.0,274.0
2020-10-31,217.0,174.0,292.0,150.0
2020-11-01,208.0,166.0,284.0,140.0
2020-11-02,306.0,245.0,371.0,252.0
2020-11-03,275.0,220.0,343.0,216.0
2020-11-04,292.0,233.0,358.0,236.0
2020-11-05,306.0,245.0,371.0,252.0
2020-11-06,303.0,242.0,368.0,248.0
2020-11-07,243.0,194.0,315.0,180.0
2020-11-08,221.0,177.0,295.0,154.0
2020-11-09,316.0,253.0,380.0,263.0
2020-11-10,283.0,226.0,350.0,225.0
2020-11-11,295.0,236.0,361.0,239.0
2020-11-12,299.0,239.0,364.0,243.0
2020-11-13,270.0,216.0,339.0,211.0
2020-11-14,200.0,160.0,277.0,130.0
2020-11-15,181.0,145.0,260.0,109.0
2020-11-16,364.0,291.0,422.0,318.0
2020-11-17,723.0,578.0,741.0,728.0
2020-11-18,717.0,574.0,736.0,722.0
2020-11-19,574.0,459.0,610.0,559.0
2020-11-20,551.0,441.0,589.0,532.0
2020-11-21,457.0,366.0,505.0,424.0
2020-11-22,393.0,314.0,448.0,351.0
2020-11-23,441.0,353.0,491.0,406.0
2020-11-24,372.0,298.0,430.0,328.0
2020-11-25,392.0,313.0,447.0,350.0
2020-11-26,389.0,311.0,445.0,347.0
2020-11-27,369.0,295.0,427.0,323.0
2020-11-28,246.0,197.0,318.0,183.0
2020-11-29,229.0,183.0,302.0,163.0
2020-11-30,337.0,269.0,398.0,287.0
2020-12-01,300.0,240.0,366.0,245.0
2020-12-02,299.0,239.0,365.0,244.0
2020-12-03,286.0,229.0,353.0,229.0
2020-12-04,289.0,231.0,356.0,232.0
2020-12-05,188.0,150.0,266.0,116.0
2020-12-06,189.0,151.0,267.0,118.0
2020-12-07,293.0,235.0,360.0,237.0
2020-12-08,258.0,206.0,328.0,197.0
2020-12-09,283.0,226.0,350.0,225.0
2020-12-10,284.0,227.0,351.0,226.0
2020-12-11,279.0,223.0,347.0,220.0
2020-12-12,174.0,139.0,254.0,101.0
2020-12-13,177.0,142.0,257.0,105.0
2020-12-14,286.0,229.0,353.0,229.0
2020-12-15,273.0,218.0,342.0,214.0
2020-12-16,286.0,229.0,353.0,229.0
2020-12-17,281.0,225.0,349.0,224.0
2020-12-18,272.0,217.0,341.0,213.0
2020-12-19,167.0,133.0,247.0,93.0
2020-12-20,174.0,139.0,253.0,101.0
2020-12-21,303.0,242.0,368.0,248.0
2020-12-22,315.0,252.0,379.0,262.0
2020-12-23,358.0,286.0,417.0,311.0
2020-12-24,354.0,283.0,413.0,306.0
2020-12-25,220.0,176.0,294.0,153.0
2020-12-26,179.0,143.0,258.0,106.0
2020-12-27,152.0,122.0,234.0,76.0
2020-12-28,221.0,176.0,295.0,154.0
2020-12-29,227.0,182.0,301.0,162.0
2020-12-30,249.0,199.0,320.0,186.0
2020-12-31,445.0,356.0,494.0,410.0
2021-01-01,703.0,724.0,562.0,706.0
2021-01-02,2857.0,2639.0,2286.0,3167.0
2021-01-03,3457.0,3172.0,2766.0,3853.0
2021-01-04,3329.0,3058.0,2663.0,3707.0
2021-01-05,2872.0,2652.0,2297.0,3184.0
2021-01-06,1809.0,1707.0,1447.0,1970.0
2021-01-07,804.0,813.0,643.0,820.0
2021-01-08,2874.0,2653.0,2299.0,3186.0
2021-01-09,3008.0,2773.0,2407.0,3340.0
2021-01-10,3217.0,2959.0,2574.0,3579.0
2021-01-11,2352.0,2190.0,1881.0,2590.0
2021-01-12,2518.0,2337.0,2014.0,2780.0
2021-01-13,1656.0,1571.0,1325.0,1795.0
2021-01-14,919.0,916.0,735.0,953.0
2021-01-15,1761.0,1665.0,1409.0,1915.0
2021-01-16,2985.0,2753.0,2388.0,3314.0
2021-01-17,2684.0,2485.0,2147.0,2970.0
2021-01-18,2760.0,2553.0,2208.0,3057.0
2021-01-19,2787.0,2576.0,2230.0,3087.0
2021-01-20,2092.0,1958.0,1673.0,2292.0
2021-01-21,961.0,953.0,769.0,1001.0
2021-01-22,1844.0,1738.0,1475.0,2010.0
2021-01-23,3615.0,3312.0,2892.0,4033.0
2021-01-24,3418.0,3137.0,2734.0,3809.0
2021-01-25,3561.0,3264.0,2849.0,3972.0
2021-01-26,3744.0,3427.0,2995.0,4181.0
2021-01-27,2421.0,2251.0,1937.0,2669.0
2021-01-28,743.0,760.0,595.0,752.0
2021-01-29,1194.0,1160.0,955.0,1267.0
2021-01-30,3474.0,3187.0,2779.0,3872.0
2021-01-31,3199.0,2942.0,2559.0,3558.0
2021-02-01,1729.0,1636.0,1383.0,1878.0
2021-02-02,1829.0,1725.0,1463.0,1993.0
2021-02-03,1535.0,1463.0,1228.0,1656.0
2021-02-04,1130.0,1104.0,904.0,1194.0
2021-02-05,1269.0,1227.0,1015.0,1353.0
2021-02-06,1826.0,1722.0,1461.0,1989.0
2021-02-07,1722.0,1630.0,1378.0,1871.0
2021-02-08,1709.0,1618.0,1367.0,1855.0
2021-02-09,1660.0,1575.0,1328.0,1800.0
2021-02-10,1590.0,1513.0,1272.0,1720.0
2021-02-11,1373.0,1319.0,1098.0,1471.0
2021-02-12,1516.0,1446.0,1212.0,1634.0
2021-02-13,1767.0,1669.0,1413.0,1921.0
2021-02-14,1778.0,1679.0,1422.0,1934.0
2021-02-15,1706.0,1615.0,1364.0,1851.0
2021-02-16,1837.0,1731.0,1469.0,2001.0
2021-02-17,1866.0,1757.0,1492.0,2034.0
2021-02-18,1753.0,1657.0,1402.0,1905.0
2021-02-19,2047.0,1919.0,1638.0,2242.0
2021-02-20,2079.0,1947.0,1663.0,2278.0
2021-02-21,2334.0,2174.0,1867.0,2570.0
2021-02-22,2376.0,2211.0,1900.0,2617.0
2021-02-23,2547.0,2363.0,2037.0,2813.0
2021-02-24,2344.0,2183.0,1875.0,2581.0
2021-02-25,2230.0,2081.0,1784.0,2451.0
2021-02-26,2538.0,2355.0,2030.0,2802.0
2021-02-27,2268.0,2115.0,1815.0,2494.0
2021-02-28,2405.0,2237.0,1924.0,2651.0
2021-03-01,2117.0,1981.0,1693.0,2321.0
2021-03-02,2186.0,2042.0,1749.0,2401.0
2021-03-03,2029.0,1903.0,1623.0,2221.0
2021-03-04,1970.0,1850.0,1576.0,2153.0
2021-03-05,2295.0,2139.0,1836.0,2525.0
2021-03-06,2188.0,2044.0,1750.0,2403.0
2021-03-07,2203.0,2057.0,1762.0,2420.0
2021-03-08,2313.0,2155.0,1850.0,2545.0
2021-03-09,1982.0,1860.0,1585.0,2167.0
2021-03-10,1952.0,1834.0,1561.0,2133.0
2021-03-11,1770.0,1672.0,1416.0,1925.0
2021-03-12,2092.0,1959.0,1674.0,2293.0
2021-03-13,2151.0,2011.0,1720.0,2360.0
2021-03-14,2113.0,1977.0,1690.0,2317.0
2021-03-15,2108.0,1973.0,1687.0,2312.0
2021-03-16,2128.0,1991.0,1702.0,2334.0
2021-03-17,2160.0,2019.0,1728.0,2371.0
2021-03-18,2043.0,1915.0,1634.0,2237.0
2021-03-19,2265.0,2112.0,1812.0,2491.0
2021-03-20,2350.0,2188.0,1880.0,2588.0
2021-03-21,2140.0,2001.0,1712.0,2348.0
2021-03-22,2197.0,2052.0,1758.0,2413.0
2021-03-23,1950.0,1832.0,1560.0,2130.0
2021-03-24,1919.0,1804.0,1535.0,2095.0
2021-03-25,1819.0,1716.0,1455.0,1981.0
2021-03-26,2067.0,1936.0,1653.0,2264.0
2021-03-27,2583.0,2395.0,2066.0,2854.0
2021-03-28,2514.0,2334.0,2011.0,2776.0
2021-03-29,2375.0,2210.0,1900.0,2616.0
2021-03-30,3309.0,3040.0,2647.0,3684.0
2021-03-31,2067.0,1937.0,1654.0,2265.0
2021-04-01,1743.0,1648.0,1394.0,1894.0
2021-04-02,1997.0,1874.0,1598.0,2184.0
2021-04-03,1959.0,1840.0,1567.0,2140.0
2021-04-04,2107.0,1972.0,1686.0,2310.0
2021-04-05,1974.0,1853.0,1579.0,2158.0
2021-04-06,2105.0,1970.0,1684.0,2308.0
2021-04-07,1909.0,1796.0,1527.0,2084.0
2021-04-08,1844.0,1738.0,1475.0,2009.0
2021-04-09,1982.0,1861.0,1586.0,2167.0
2021-04-10,1964.0,1845.0,1571.0,2147.0
2021-04-11,1800.0,1699.0,1440.0,1959.0
2021-04-12,1750.0,1654.0,1400.0,1902.0
2021-04-13,1934.0,1818.0,1547.0,2112.0
2021-04-14,1711.0,1620.0,1369.0,1858.0
2021-04-15,1836.0,1731.0,1469.0,2001.0
2021-04-16,2086.0,1953.0,1669.0,2286.0
2021-04-17,2273.0,2119.0,1818.0,2500.0
2021-04-18,2213.0,2066.0,1770.0,2431.0
2021-04-19,2126.0,1989.0,1701.0,2332.0
2021-04-20,2120.0,1983.0,1696.0,2325.0
2021-04-21,1975.0,1854.0,1580.0,2159.0
2021-04-22,1904.0,1791.0,1523.0,2078.0
2021-04-23,3178.0,2924.0,2542.0,3534.0
2021-04-24,2030.0,1903.0,1624.0,2222.0
2021-04-25,1748.0,1652.0,1398.0,1899.0
2021-04-26,1663.0,1578.0,1331.0,1803.0
2021-04-27,1692.0,1603.0,1353.0,1836.0
2021-04-28,1669.0,1583.0,1335.0,1810.0
2021-04-29,1494.0,1427.0,1195.0,1609.0
2021-04-30,2109.0,1974.0,1687.0,2313.0
2021-05-01,1806.0,1704.0,1445.0,1966.0
2021-05-02,1931.0,1815.0,1545.0,2109.0
2021-05-03,1749.0,1654.0,1399.0,1901.0
2021-05-04,1831.0,1726.0,1464.0,1994.0
2021-05-05,1805.0,1703.0,1444.0,1965.0
2021-05-06,1829.0,1725.0,1463.0,1993.0
2021-05-07,2030.0,1903.0,1624.0,2222.0
2021-05-08,2067.0,1937.0,1654.0,2265.0
2021-05-09,2082.0,1949.0,1665.0,2281.0
2021-05-10,2935.0,2708.0,2348.0,3256.0
2021-05-11,1915.0,1801.0,1532.0,2091.0
2021-05-12,1864.0,1756.0,1491.0,2033.0
2021-05-13,2632.0,2438.0,2105.0,2910.0
2021-05-14,2818.0,2604.0,2255.0,3123.0
2021-05-15,1991.0,1868.0,1592.0,2177.0
2021-05-16,1904.0,1792.0,1523.0,2078.0
2021-05-17,1776.0,1678.0,1421.0,1932.0
2021-05-18,1815.0,1713.0,1452.0,1977.0
2021-05-19,1578.0,1501.0,1262.0,1705.0
2021-05-20,1437.0,1376.0,1149.0,1544.0
2021-05-21,1668.0,1581.0,1334.0,1808.0
2021-05-22,1783.0,1684.0,1426.0,1940.0
2021-05-23,1826.0,1722.0,1461.0,1989.0
2021-05-24,1847.0,1740.0,1477.0,2013.0
2021-05-25,1662.0,1576.0,1329.0,1801.0
2021-05-26,1756.0,1660.0,1405.0,1909.0
2021-05-27,1647.0,1563.0,1318.0,1785.0
2021-05-28,1759.0,1662.0,1407.0,1912.0
2021-05-29,1847.0,1741.0,1478.0,2013.0
2021-05-30,1897.0,1785.0,1518.0,2070.0
2021-05-31,1939.0,1822.0,1551.0,2118.0
2021-06-01,1753.0,1657.0,1402.0,1905.0
2021-06-02,1750.0,1654.0,1400.0,1902.0
2021-06-03,1660.0,1574.0,1328.0,1799.0
2021-06-04,1666.0,1580.0,1333.0,1806.0
2021-06-05,1736.0,1642.0,1388.0,1886.0
2021-06-06,1862.0,1754.0,1490.0,2030.0
2021-06-07,1839.0,1733.0,1471.0,2003.0
2021-06-08,1710.0,1619.0,1368.0,1857.0
2021-06-09,1539.0,1467.0,1231.0,1660.0
2021-06-10,1507.0,1439.0,1206.0,1624.0
2021-06-11,1544.0,1471.0,1235.0,1666.0
2021-06-12,1730.0,1637.0,1384.0,1879.0
2021-06-13,1597.0,1518.0,1277.0,1727.0
2021-06-14,1650.0,1565.0,1320.0,1787.0
2021-06-15,2047.0,1918.0,1637.0,2241.0
2021-06-16,1614.0,1534.0,1291.0,1747.0
2021-06-17,1505.0,1437.0,1204.0,1622.0
2021-06-18,2008.0,1884.0,1606.0,2197.0
2021-06-19,2125.0,1988.0,1700.0,2331.0
2021-06-20,2093.0,1959.0,1674.0,2294.0
2021-06-21,2533.0,2350.0,2026.0,2796.0
2021-06-22,1901.0,1789.0,1521.0,2075.0
2021-06-23,1581.0,1504.0,1265.0,1709.0
2021-06-24,1229.0,1191.0,983.0,1306.0
2021-06-25,7977.0,7190.0,6382.0,9019.0
2021-06-26,3004.0,2770.0,2403.0,3336.0
2021-06-27,2336.0,2176.0,1869.0,2572.0
2021-06-28,1819.0,1716.0,1455.0,1981.0
2021-06-29,1690.0,1602.0,1352.0,1834.0
2021-06-30,1704.0,1613.0,1363.0,1849.0
2021-07-01,539.0,578.0,431.0,518.0
2021-07-02,1019.0,1005.0,815.0,1066.0
2021-07-03,1135.0,1108.0,908.0,1199.0
2021-07-04,1148.0,1119.0,918.0,1214.0
2021-07-05,1026.0,1011.0,821.0,1075.0
2021-07-06,1051.0,1033.0,841.0,1103.0
2021-07-07,800.0,810.0,640.0,817.0
2021-07-08,556.0,593.0,445.0,537.0
2021-07-09,640.0,668.0,512.0,634.0
2021-07-10,727.0,745.0,581.0,733.0
2021-07-11,702.0,723.0,562.0,705.0
2021-07-12,649.0,676.0,519.0,644.0
2021-07-13,630.0,659.0,504.0,622.0
2021-07-14,581.0,615.0,464.0,566.0
2021-07-15,579.0,614.0,463.0,564.0
2021-07-16,653.0,679.0,522.0,648.0
2021-07-17,681.0,704.0,545.0,680.0
2021-07-18,661.0,687.0,529.0,658.0
2021-07-19,642.0,670.0,514.0,636.0
2021-07-20,610.0,641.0,488.0,599.0
2021-07-21,552.0,590.0,441.0,533.0
2021-07-22,536.0,575.0,429.0,515.0
2021-07-23,611.0,642.0,489.0,600.0
2021-07-24,620.0,650.0,496.0,611.0
2021-07-25,646.0,673.0,517.0,641.0
2021-07-26,580.0,614.0,464.0,564.0
2021-07-27,550.0,588.0,440.0,530.0
2021-07-28,483.0,528.0,386.0,454.0
2021-07-29,469.0,516.0,375.0,438.0
2021-07-30,518.0,559.0,414.0,494.0
2021-07-31,604.0,636.0,483.0,593.0
2021-08-01,577.0,611.0,461.0,561.0
2021-08-02,597.0,629.0,477.0,584.0
2021-08-03,709.0,729.0,567.0,713.0
2021-08-04,746.0,762.0,596.0,754.0
2021-08-05,743.0,760.0,595.0,752.0
2021-08-06,783.0,795.0,626.0,797.0
2021-08-07,832.0,838.0,665.0,853.0
2021-08-08,795.0,806.0,636.0,811.0
2021-08-09,824.0,832.0,659.0,844.0
2021-08-10,833.0,839.0,666.0,854.0
2021-08-11,751.0,766.0,600.0,760.0
2021-08-12,897.0,896.0,717.0,927.0
2021-08-13,857.0,861.0,686.0,882.0
2021-08-14,946.0,940.0,757.0,983.0
2021-08-15,958.0,951.0,766.0,997.0
2021-08-16,764.0,778.0,611.0,775.0
2021-08-17,710.0,730.0,568.0,713.0
2021-08-18,666.0,691.0,533.0,663.0
2021-08-19,619.0,649.0,495.0,610.0
2021-08-20,694.0,716.0,555.0,695.0
2021-08-21,902.0,901.0,722.0,933.0
2021-08-22,746.0,762.0,597.0,755.0
2021-08-23,657.0,683.0,525.0,653.0
2021-08-24,651.0,678.0,521.0,646.0
2021-08-25,578.0,613.0,463.0,563.0
2021-08-26,545.0,583.0,436.0,525.0
2021-08-27,583.0,618.0,467.0,569.0
2021-08-28,658.0,684.0,526.0,654.0
2021-08-29,606.0,638.0,485.0,595.0
2021-08-30,607.0,638.0,485.0,596.0
2021-08-31,645.0,672.0,516.0,639.0
2021-09-01,1542.0,1470.0,1234.0,1665.0
2021-09-02,925.0,921.0,740.0,959.0
2021-09-03,883.0,884.0,706.0,911.0
2021-09-04,816.0,824.0,653.0,835.0
2021-09-05,639.0,667.0,511.0,632.0
2021-09-06,601.0,633.0,480.0,588.0
2021-09-07,565.0,601.0,452.0,548.0
2021-09-08,502.0,545.0,402.0,476.0
2021-09-09,456.0,505.0,365.0,424.0
2021-09-10,527.0,568.0,422.0,505.0
2021-09-11,491.0,536.0,393.0,464.0
2021-09-12,434.0,485.0,347.0,398.0
2021-09-13,398.0,453.0,319.0,357.0
2021-09-14,391.0,447.0,313.0,349.0
2021-09-15,356.0,416.0,285.0,309.0
2021-09-16,318.0,381.0,254.0,265.0
2021-09-17,392.0,447.0,313.0,350.0
2021-09-18,437.0,487.0,349.0,401.0
2021-09-19,432.0,483.0,346.0,396.0
2021-09-20,425.0,477.0,340.0,388.0
2021-09-21,418.0,471.0,334.0,380.0
2021-09-22,352.0,412.0,282.0,305.0
2021-09-23,334.0,396.0,267.0,284.0
2021-09-24,391.0,447.0,313.0,349.0
2021-09-25,421.0,473.0,336.0,383.0
2021-09-26,427.0,478.0,341.0,390.0
2021-09-27,401.0,456.0,321.0,361.0
2021-09-28,462.0,510.0,370.0,431.0
2021-09-29,638.0,666.0,510.0,631.0
2021-09-30,499.0,542.0,399.0,472.0
2021-10-01,562.0,599.0,450.0,545.0
2021-10-02,673.0,697.0,538.0,671.0
2021-10-03,674.0,698.0,539.0,672.0
2021-10-04,651.0,677.0,520.0,646.0
2021-10-05,619.0,649.0,495.0,610.0
2021-10-06,631.0,659.0,504.0,623.0
2021-10-07,506.0,549.0,405.0,481.0
2021-10-08,500.0,544.0,400.0,474.0
2021-10-09,678.0,701.0,542.0,677.0
2021-10-10,567.0,603.0,454.0,550.0
2021-10-11,567.0,603.0,454.0,550.0
2021-10-12,465.0,512.0,372.0,433.0
2021-10-13,468.0,515.0,374.0,437.0
2021-10-14,372.0,429.0,297.0,327.0
2021-10-15,400.0,454.0,320.0,359.0
2021-10-16,623.0,653.0,498.0,614.0
2021-10-17,795.0,805.0,636.0,810.0
2021-10-18,656.0,682.0,525.0,652.0
2021-10-19,589.0,623.0,471.0,576.0
2021-10-20,453.0,502.0,362.0,420.0
2021-10-21,330.0,393.0,264.0,280.0
2021-10-22,370.0,428.0,296.0,325.0
2021-10-23,493.0,537.0,394.0,465.0
,,,,
,,,,
,,,,
,,,,
,,,,
,,,,
,,,,
,,,,
,,,,
,,,,
,,,,
,,,,
,,,,
,,,,
,,,,
,,,,
,,,,
,,,,
,,,,
,,,,
,,,,
,,,,
,,,,
,,,,
,,,,
,,,,
,,,,
,,,,
,,,,
,,,,
,,,,
,,,,
,,,,
,,,,
,,,,
,,,,
,,,,
,,,,
,,,,
,,,,
,,,,
,,,,
,,,,
,,,,
,,,,
,,,,
,,,,
,,,,
,,,,
,,,,
,,,,
,,,,
,,,,
,,,,
,,,,
,,,,
,,,,
,,,,
,,,,
,,,,
,,,,
,,,,
,,,,
,,,,
,,,,
,,,,
,,,,
,,,,
,,,,
